system_id,gamma_pdc,tier,matched,n_candidates,technology,raw_manufacturer,raw_model,capacity_kw,module_watts,delta_vs_old
2,-0.005177770000000001,cec_module,ND208U1,2,multi-Si,Sharp,nd-208u1,2.912,291.2,-0.0006777700000000011
3,-0.00312,cec_technology,Thin Film,561,amorphous si,unisolar,pvl-136,2.72,194.28571428571428,0.0013799999999999997
4,-0.0031,cec_manufacturer,SANYO,110,mono-Si,Sanyo,hip-200ba3,1.0,200.0,0.0013999999999999998
10,-0.004155,cec_technology,CIGS,8,cis family thin-film,shell solar,eclipse 80,1.12,1120.0,0.0003449999999999998
33,-0.0045,fleet_default,cec_xsi_median,0,Unknown,silicor materials,240,2.4,2400.0,0.0
36,-0.0045,fleet_default,cec_xsi_median,0,Unknown,tenksolar,180/262 Watt,2.21,221.0,0.0
50,-0.0045,fleet_default,cec_xsi_median,0,Unknown,siemens,M55 c-SI,6.0,6000.0,0.0
51,-0.0045,fleet_default,cec_xsi_median,0,Unknown,siemens,M55 c-Si,6.0,6000.0,0.0
1207,-0.0043,cec_module,KD210GXLPU,1,multi-Si,kyocera,kd210gx-lpu,13.44,13440.0,0.00019999999999999966
1208,-0.00386,cec_module,SPR315EWHTD,1,mono-Si,SunPower,spr-315e-wht-d,2.7135081,1.6307140024038462,0.0006399999999999995
1214,-0.00417,cec_module,STP20018UB1,1,multi-Si,Suntech,stp200-18-ub-1,4.4,200.0,0.00032999999999999956
1216,-0.0036720000000000004,cec_module,SPR225BLKU,1,mono-Si,SunPower,spr-225-blk-u,8.1,225.0,0.0008279999999999993
1217,-0.004515,cec_technology,Multi-c-Si,11221,multi-Si,Evergreen,es-a-205,4.1,205.0,-1.5000000000000256e-05
1218,-0.0044,cec_module,POLY220,2,multi-Si,schott,poly 220,7.92,220.0,9.99999999999994e-05
1219,-0.004155,cec_technology,CIGS,8,cylindrical cigs,solyndra,sl-001-182,8.192,182.04444444444445,0.0003449999999999998
1220,-0.00386,cec_module,SPR305WHTU,1,mono-Si,SunPower,spr-305-wht-u,8.54,305.0,0.0006399999999999995
1221,-0.0045000000000000005,cec_manufacturer,TRINA,970,Unknown,Trina,Unknown,8.28,230.0,-8.673617379884035e-19
1222,-0.00386,cec_module,SPR305WHTU,1,mono-Si,SunPower,spr-305-wht-u,8.54,305.0,0.0006399999999999995
1223,-0.00312,cec_technology,Thin Film,561,amorphous si,unisolar,pvl-144,7.92,144.0,0.0013799999999999997
1224,-0.004486,cec_manufacturer,YINGLI,57,multi-Si,Yingli,Unknown,8.28,230.0,1.3999999999999256e-05
1225,-0.00417,cec_module,STP20018UB1,1,multi-Si,Suntech,stp200-18-ub-1,4.4,200.0,0.00032999999999999956
1226,-0.004301,cec_manufacturer,SUNTECH,243,multi-Si,Suntech,stp175-24-ab-1,3.85,175.0,0.00019899999999999952
1229,-0.0045000000000000005,cec_technology,Mono-c-Si,9725,mono-Si,siemens,SP75,4.05,75.0,-8.673617379884035e-19
1230,-0.0045000000000000005,cec_technology,Mono-c-Si,9725,mono-Si,AstroPower,ap-100,3.6,100.0,-8.673617379884035e-19
1231,-0.0045,fleet_default,cec_xsi_median,0,Unknown,unisolar,PVL-120,3.36,120.0,0.0
1244,-0.00415,cec_module,STP27024VB1,1,multi-Si,Suntech,stp270-24-vb-1,3.24,270.0,0.0003499999999999996
1245,-0.0047615,cec_module,PM235P,8,multi-Si,conergy,pm-235p,2.82,235.0,-0.00026150000000000045
1246,-0.0044,cec_module,POLY225,2,multi-Si,schott,poly 225,3.6,225.0,9.99999999999994e-05
1248,-0.00336,cec_module,HITN220A01,1,SJT,Sanyo,hit-n220a01,13.2,220.0,0.0011399999999999995
1249,-0.00386,cec_manufacturer,SUNPOWER,190,mono-Si,SunPower,e18/225,4.05,225.0,0.0006399999999999995
1250,-0.0043,cec_module,CS5P230P,1,multi-Si,canadian solar,cs5p-230p,3.45,230.0,0.00019999999999999966
1252,-0.00434,cec_module,MPE185MS05,1,mono-Si,schuco,mpe 185 ms 05,4.625,185.0,0.00015999999999999955
1253,-0.0043785000000000004,cec_module,CS6P235P,4,multi-Si,canadian solar,cs6p-235p,8.46,235.0,0.00012149999999999921
1254,-0.00386,cec_manufacturer,SUNPOWER,190,mono-Si,SunPower,e18/230,9.2,460.0,0.0006399999999999995
1255,-0.00461,cec_module,PM240P,18,multi-Si,conergy,pm-240p,3.36,240.0,-0.00011000000000000072
1256,-0.00386,cec_module,SPRE19315,2,mono-Si,SunPower,spr-e19-315,8.82,315.0,0.0006399999999999995
1257,-0.00386,cec_manufacturer,SUNPOWER,190,mono-Si,SunPower,e18/238,6.426,238.0,0.0006399999999999995
1259,-0.0046872,cec_module,MPE230PS09,1,multi-Si,schuco,mpe-230-ps09,5.75,230.0,-0.0001872000000000002
1260,-0.0043,cec_module,CS5P235P,1,multi-Si,canadian solar,cs5p-235p,4.23,235.0,0.00019999999999999966
1261,-0.0043,cec_module,CS5P230P,1,multi-Si,canadian solar,cs5p-230p,4.14,230.0,0.00019999999999999966
1262,-0.0043,cec_module,CS5P235P,1,multi-Si,canadian solar,cs5p-235p,4.23,235.0,0.00019999999999999966
1263,-0.0043135,cec_module,CS6P230P,4,multi-Si,canadian solar,cs6p-230p,4.14,230.0,0.00018650000000000003
1264,-0.0043,cec_module,CS5P240P,1,multi-Si,canadian solar,cs5p-240p,4.32,240.0,0.00019999999999999966
1265,-0.004515,cec_technology,Multi-c-Si,11221,ribbon polycrystalline si,Evergreen,es-180-sl,2.7,180.0,-1.5000000000000256e-05
1266,-0.00417,cec_module,CS6P200P,3,multi-Si,canadian solar,cs6p-200p,2.8,200.0,0.00032999999999999956
1267,-0.00417,cec_module,CS6P200P,3,multi-Si,canadian solar,cs6p-200p,2.8,200.0,0.00032999999999999956
1268,-0.0043135,cec_module,CS6P230P,4,multi-Si,canadian solar,cs6p-230p,4.14,230.0,0.00018650000000000003
1269,-0.0043,cec_module,CS5P230P,1,multi-Si,canadian solar,cs5p-230p,4.14,230.0,0.00019999999999999966
1270,-0.00417,cec_module,CS6P200P,3,multi-Si,canadian solar,cs6p-200p,2.8,200.0,0.00032999999999999956
1271,-0.0043,cec_module,CS5P240P,1,multi-Si,canadian solar,cs5p-240p,4.32,240.0,0.00019999999999999966
1272,-0.0031,cec_manufacturer,SANYO,110,SJT,Sanyo,hit-220a,9.46,220.0,0.0013999999999999998
1273,-0.0031,cec_manufacturer,SANYO,110,SJT,Sanyo,hit-215a,5.16,215.0,0.0013999999999999998
1274,-0.00386,cec_module,SPRE19320,5,mono-Si,SunPower,spr-e19-320,5.76,320.0,0.0006399999999999995
1284,-0.0034000000000000002,cec_module,SF150L,1,Unknown,solar frontier,SF 150-L,1.2,150.0,0.0010999999999999994
1289,-0.004,cec_module,STN130,1,cylindrical cigs,stion corporation,stn-130,1.82,130.0,0.0004999999999999996
1334,-0.00415,cec_module,STP27024VB1,1,multi-Si,Suntech,stp270-24-vb-1,3.24,270.0,0.0003499999999999996
1335,-0.0047615,cec_module,PM235P,8,multi-Si,conergy,pm-235p,2.82,235.0,-0.00026150000000000045
1336,-0.0044,cec_module,POLY225,2,multi-Si,schott,poly 225,3.6,225.0,9.99999999999994e-05
1337,-0.0044,cec_module,POLY230,2,multi-Si,schott,poly 230,5.06,230.0,9.99999999999994e-05
1338,-0.00336,cec_module,HITN220A01,1,SJT,Sanyo,hit-n220a01,13.2,220.0,0.0011399999999999995
1339,-0.00386,cec_manufacturer,SUNPOWER,190,mono-Si,SunPower,e18/225,4.05,225.0,0.0006399999999999995
1340,-0.0043,cec_module,CS5P230P,1,multi-Si,canadian solar,cs5p-230p,3.45,230.0,0.00019999999999999966
1342,-0.00434,cec_module,MPE185MS05,1,mono-Si,schuco,mpe 185 ms 05,4.625,185.0,0.00015999999999999955
1343,-0.0043785000000000004,cec_module,CS6P235P,4,multi-Si,canadian solar,cs6p-235p,8.46,235.0,0.00012149999999999921
1344,-0.00386,cec_manufacturer,SUNPOWER,190,mono-Si,SunPower,e18/230,9.2,460.0,0.0006399999999999995
1345,-0.00461,cec_module,PM240P,18,multi-Si,conergy,pm-240p,3.36,240.0,-0.00011000000000000072
1346,-0.00386,cec_module,SPRE19315,2,mono-Si,SunPower,spr-e19-315,8.82,315.0,0.0006399999999999995
1347,-0.00386,cec_manufacturer,SUNPOWER,190,mono-Si,SunPower,e18/238,6.426,238.0,0.0006399999999999995
1349,-0.0046872,cec_module,MPE230PS09,1,multi-Si,schuco,mpe-230-ps09,5.75,230.0,-0.0001872000000000002
1350,-0.0043,cec_module,CS5P235P,1,multi-Si,canadian solar,cs5p-235p,4.23,235.0,0.00019999999999999966
1351,-0.0043,cec_module,CS5P230P,1,multi-Si,canadian solar,cs5p-230p,4.14,230.0,0.00019999999999999966
1352,-0.0043,cec_module,CS5P235P,1,multi-Si,canadian solar,cs5p-235p,4.23,235.0,0.00019999999999999966
1353,-0.0043135,cec_module,CS6P230P,4,multi-Si,canadian solar,cs6p-230p,4.14,230.0,0.00018650000000000003
1354,-0.0043,cec_module,CS5P240P,1,multi-Si,canadian solar,cs5p-240p,4.32,240.0,0.00019999999999999966
1355,-0.004515,cec_technology,Multi-c-Si,11221,ribbon polycrystalline si,Evergreen,es-180-sl,2.7,180.0,-1.5000000000000256e-05
1356,-0.00417,cec_module,CS6P200P,3,multi-Si,canadian solar,cs6p-200p,2.8,200.0,0.00032999999999999956
1357,-0.00417,cec_module,CS6P200P,3,multi-Si,canadian solar,cs6p-200p,2.8,200.0,0.00032999999999999956
1358,-0.0043135,cec_module,CS6P230P,4,multi-Si,canadian solar,cs6p-230p,4.14,230.0,0.00018650000000000003
1359,-0.0043,cec_module,CS5P230P,1,multi-Si,canadian solar,cs5p-230p,4.14,230.0,0.00019999999999999966
1360,-0.00417,cec_module,CS6P200P,3,multi-Si,canadian solar,cs6p-200p,2.8,200.0,0.00032999999999999956
1361,-0.0043,cec_module,CS5P240P,1,multi-Si,canadian solar,cs5p-240p,4.32,240.0,0.00019999999999999966
1362,-0.0031,cec_manufacturer,SANYO,110,SJT,Sanyo,hit-220a,9.46,220.0,0.0013999999999999998
1363,-0.0031,cec_manufacturer,SANYO,110,SJT,Sanyo,hit-215a,5.16,215.0,0.0013999999999999998
1364,-0.00386,cec_module,SPRE19320,5,mono-Si,SunPower,spr-e19-320,5.76,320.0,0.0006399999999999995
1403,-0.004450000000000001,cec_module,OPT27060,2,mono-Si,suniva,opt270-60 blk-blk,6.0,272.72727272727275,4.999999999999883e-05
1422,-0.004450000000000001,cec_module,OPT27060,2,mono-Si,suniva,opt270-60 blk-blk,6.0,250.0,4.999999999999883e-05
1423,-0.004450000000000001,cec_module,OPT27060,2,mono-Si,suniva,opt270-60 blk-blk,6.0,250.0,4.999999999999883e-05
1429,-0.004450000000000001,cec_module,OPT27060,2,mono-Si,suniva,opt270-60 blk-blk,6.0,272.72727272727275,4.999999999999883e-05
10000,-0.00453,cec_module,SLK60P6L,90,multi-Si,Siliken SLK60P6L,Siliken SLK60P6L,5.85,325.0,-3.0000000000000512e-05
10001,-0.004515,cec_technology,Multi-c-Si,11221,multi-Si,Evergreen ES-A-210-fa2,Evergreen ES-A-210-fa2,3.36,210.0,-1.5000000000000256e-05
10003,-0.0045,fleet_default,cec_xsi_median,0,Unknown,NBSolar 220,NBSolar 220,11.04,230.0,0.0
10006,-0.00424,cec_manufacturer,CANADIANSOLAR,409,multi-Si,Canadian Solar CS6P-PX,Canadian Solar CS6P-PX,6.9,230.0,0.0002599999999999998
10010,-0.0043,cec_manufacturer,SOLARWORLD,89,Unknown,Trina/Helios/Phono/Solarworld,Trina/Helios/Phono/Solarworld,12.192,254.0,0.00019999999999999966
10012,-0.00386,cec_manufacturer,SUNPOWER,190,multi-Si,SunPower Serengeti E13,SunPower Serengeti E13,7.524,228.0,0.0006399999999999995
10013,-0.00458,cec_manufacturer,SHARP,145,mono-Si,Sharp NU240F1,Sharp NU240F1,4.56,240.0,-8.000000000000021e-05
10014,-0.00453,cec_module,PV300,2,mono-Si,Solar World PV300,Solar World PV300,6.0,300.0,-3.0000000000000512e-05
10017,-0.0043,cec_module,SUNPOWERSPR240EWHTD,1,mono-Si IBC,SunPower SPR-240E-WHT-D,SunPower SPR-240E-WHT-D,7.2,240.0,0.00019999999999999966
10018,-0.00458,cec_manufacturer,SHARP,145,Unknown,Sharp 220,Sharp 220,5.04,210.0,-8.000000000000021e-05
10019,-0.004486,cec_manufacturer,YINGLI,57,multi-Si,Yingli YL23OP-29b,Yingli YL23OP-29b,7.82,230.0,1.3999999999999256e-05
10020,-0.00417,cec_module,STP22520,3,multi-Si,Suntech STP-225-20/Wd,Suntech STP-225-20/Wd,6.525,225.0,0.00032999999999999956
10021,-0.00458,cec_manufacturer,SHARP,145,Unknown,Sharp,240,6.72,240.0,-8.000000000000021e-05
10022,-0.00417,cec_module,STP22520,3,multi-Si,Suntech STP-225-20/Wd,Suntech STP-225-20/Wd,6.525,225.0,0.00032999999999999956
10024,-0.00458,cec_manufacturer,SHARP,145,Unknown,Sharp 175,Sharp 175,7.7,175.0,-8.000000000000021e-05
10026,-0.0045000000000000005,cec_manufacturer,TRINA,970,mono-Si,Trina TSM-DA05,Trina TSM-DA05,8.28,230.0,-8.673617379884035e-19
10027,-0.004450000000000001,cec_module,REC235PEUS,4,multi-Si,REC235PE-US,REC235PE-US,4.7,235.0,4.999999999999883e-05
10028,-0.00386,cec_manufacturer,SUNPOWER,190,mono-Si IBC,Sunpower 240WHT,Sunpower 240WHT,3.84,240.0,0.0006399999999999995
10029,-0.00458,cec_module,SHARPNUU230F3,1,mono-Si,Sharp NU-U230F3,Sharp NU-U230F3,11.04,230.0,-8.000000000000021e-05
10030,-0.00393,cec_module,SUNPOWERSPR230W,1,mono-Si IBC,SunPower SPR-230-W,SunPower SPR-230-W,4.6,230.0,0.0005699999999999993
10031,-0.00458,cec_manufacturer,SHARP,145,mono-Si,Sharp Nu-240,Sharp Nu-240,4.8,240.0,-8.000000000000021e-05
10032,-0.00446,cec_module,ETM572180,10,mono-Si,ET-M572180,ET-M572180,3.24,180.0,3.999999999999924e-05
10033,-0.0043,cec_manufacturer,SOLARWORLD,89,mono-Si,Solar World SW 245 Mono,Solar World SW 245 Mono,4.41,245.0,0.00019999999999999966
10034,-0.00453,cec_module,SW245,5,mono-Si,SolarWorld SW-245,SolarWorld SW-245,4.41,245.0,-3.0000000000000512e-05
10035,-0.00439,cec_module,SHARPND224UC1,1,multi-Si,Sharp ND-224UC1,Sharp ND-224UC1,9.408,224.0,0.00010999999999999985
10036,-0.004515,cec_technology,Multi-c-Si,11221,multi-Si,Sunmodule SW Poly 240,Sunmodule SW Poly 240,1.92,240.0,-1.5000000000000256e-05
10037,-0.004586,cec_module,YL235P29B,1,multi-Si,Yingli YL235P-29B,Yingli YL235P-29B,6.58,235.0,-8.600000000000014e-05
10038,-0.0048,cec_module,CS6P200PE,1,multi-Si,Canadian Solar,CS / CS6P-200PE & CS6P-225P,2.544,212.0,-0.0002999999999999999
10039,-0.00525,cec_module,LG240M1C,1,mono-Si,LG240M1C,LG240M1C,6.48,240.0,-0.0007500000000000007
10040,-0.0044800000000000005,cec_module,SF22030P,16,multi-Si,Hanwha,sf220-30-P,8.325,225.0,1.9999999999999185e-05
10041,-0.00439,cec_module,SHARPNDU240Q2,1,multi-Si,Sharp ND-U240Q2,Sharp ND-U240Q2,4.08,240.0,0.00010999999999999985
10042,-0.0045000000000000005,cec_manufacturer,TRINA,970,multi-Si,Trina 230,Trina 230,10.81,230.0,-8.673617379884035e-19
10043,-0.004396,cec_module,LUMOSLS250,7,mono-Si,Lumos LS250,Lumos LS250,5.5,250.0,0.00010399999999999993
10044,-0.0045000000000000005,cec_manufacturer,TRINA,970,multi-Si,Trina Solar TSM-230-PC05,Trina Solar TSM-230-PC05,11.04,230.0,-8.673617379884035e-19
10045,-0.00498,cec_module,LPC247SM,1,mono-Si,Samsung LPC247SM,Samsung LPC247SM,7.41,247.0,-0.0004800000000000004
10046,-0.0045,fleet_default,cec_xsi_median,0,Unknown,ST 245WDE+HW HSL60245+BFRG3260,ST 245WDE+HW HSL60245+BFRG3260,8.82,245.0,0.0
10047,-0.00469,cec_module,YL230,1,multi-Si,Yingli Solar YL230,Yingli Solar YL230,4.6,230.0,-0.00019000000000000006
10048,-0.0045000000000000005,cec_technology,Mono-c-Si,9725,mono-Si,Perlite PLM-250-M-60-BLK,Perlite PLM-250-M-60-BLK,10.0,250.0,-8.673617379884035e-19
10049,-0.0043,cec_module,KD235GXLPB,1,multi-Si,USA Kyocera KD235GX-LPB,USA Kyocera KD235GX-LPB,6.58,235.0,0.00019999999999999966
10050,-0.0045000000000000005,cec_module,SUNIVAMVP235,1,multi-Si,Suniva MVP 235,Suniva MVP 235,3.76,235.0,-8.673617379884035e-19
10051,-0.0043,cec_manufacturer,SOLARWORLD,89,Unknown,SolarWorld/Sunmodule,SolarWorld/Sunmodule,4.59,255.0,0.00019999999999999966
10053,-0.0045,fleet_default,cec_xsi_median,0,Unknown,Schuco 235 QCell 305,Schuco 235 QCell 305,6.58,235.0,0.0
10054,-0.00458,cec_manufacturer,HANWHA,1332,Unknown,Hanwha,,5.4,225.0,-8.000000000000021e-05
10055,-0.0045,fleet_default,cec_xsi_median,0,Unknown,several,several,7.75,250.0,0.0
10056,-0.0045000000000000005,cec_module,TSM235PA05,11,multi-Si,Trina/TSM-235PA05,Trina/TSM-235PA05,11.28,235.0,-8.673617379884035e-19
10058,-0.0045,fleet_default,cec_xsi_median,0,Unknown,ST 245WDE+HW HSL60245+BFRG3260,ST 245WDE+HW HSL60245+BFRG3260,8.1,225.0,0.0
10059,-0.00393,cec_module,SUNPOWERSPR230WHT,1,mono-Si IBC,Sunpower SPR-230-WHT,Sunpower SPR-230-WHT,6.9,230.0,0.0005699999999999993
10060,-0.0043,cec_module,KD240GXLFB,2,multi-Si,Kyocera KD240GX-LFB,Kyocera KD240GX-LFB,2.25,225.0,0.00019999999999999966
10062,-0.00458,cec_manufacturer,SHARP,145,Unknown,Sharp 240,Sharp 240,1.0,250.0,-8.000000000000021e-05
10063,-0.0043,cec_module,SPR238EWHTD,1,mono-Si IBC,SPR-238E-WHT-D,SPR-238E-WHT-D,6.902,238.0,0.00019999999999999966
10064,-0.0045,fleet_default,cec_xsi_median,0,Unknown,Mage Solar,Mage Solar,4.32,240.0,0.0
10065,-0.0043,cec_manufacturer,SOLARWORLD,89,Unknown,SolarWorld sw 240,SolarWorld sw 240,5.28,240.0,0.00019999999999999966
10067,-0.0043,cec_manufacturer,REC,725,Unknown,REC,REC,6.24,240.0,0.00019999999999999966
10068,-0.0032400000000000003,cec_module,SUNPOWERSPR245NEWHTD,1,mono-Si IBC,Sunpower SPR-245NE-WHT-D,Sunpower SPR-245NE-WHT-D,3.675,245.0,0.0012599999999999994
10069,-0.0039000000000000003,cec_manufacturer,LG,371,Unknown,LG Electronics 250 watt,LG Electronics 250 watt,5.0,250.0,0.0005999999999999994
10070,-0.00466,cec_manufacturer,SCHOTT,37,Unknown,6REC250 6Sharp240 6Schott245,6REC250 6Sharp240 6Schott245,4.41,245.0,-0.00016000000000000042
10071,-0.0043,cec_manufacturer,SOLARWORLD,89,mono-Si,SolarWorld 255 Mono V 2.0,SolarWorld 255 Mono V 2.0,5.355,255.0,0.00019999999999999966
10072,-0.0045000000000000005,cec_module,TSM255,42,multi-Si,Trina TSM-255 PC/PA05A,Trina TSM-255 PC/PA05A,6.12,255.0,-8.673617379884035e-19
10073,-0.0043,cec_manufacturer,SOLARWORLD,89,mono-Si,Solar World Mono,Solar World Mono,8.64,240.0,0.00019999999999999966
10074,-0.0054439499999999995,cec_module,ES220,2,multi-Si,evergreen es220,evergreen es220,5.28,220.0,-0.0009439499999999998
10075,-0.0045119999999999995,cec_module,MS08,7,mono-Si,Schuco MPE 255 MS08,Schuco MPE 255 MS08,6.375,255.0,-1.1999999999999858e-05
10076,-0.0045,fleet_default,cec_xsi_median,0,Unknown,motech,motech,7.05,235.0,0.0
10077,-0.00458,cec_module,SHARPNUQ240F2,1,mono-Si,Sharp NU-Q240F2,Sharp NU-Q240F2,5.76,240.0,-8.000000000000021e-05
10078,-0.004301,cec_manufacturer,SUNTECH,243,mono-Si,Suntech 240 Mono,Suntech 240 Mono,6.48,240.0,0.00019899999999999952
10079,-0.0045000000000000005,cec_module,ETP660250WB,8,multi-Si,ET Solar,et-p660250wb,6.0,250.0,-8.673617379884035e-19
10080,-0.0043,cec_manufacturer,SOLARWORLD,89,Unknown,Solar World SW 255,Solar World SW 255,12.9,215.0,0.00019999999999999966
10081,-0.004515,cec_technology,Multi-c-Si,11221,multi-Si,Evergreen ES-E 220-fc3,Evergreen ES-E 220-fc3,4.4,220.0,-1.5000000000000256e-05
10082,-0.00456,cec_manufacturer,SILIKEN,146,multi-Si,Siliken-SLK60P6L,Siliken-SLK60P6L,3.536,221.0,-6.000000000000016e-05
10083,-0.0045000000000000005,cec_module,255W,52,Unknown,Solar World 255W,Solar World 255W,4.59,255.0,-8.673617379884035e-19
10085,-0.004739999999999999,cec_module,SLK60P6L,45,multi-Si,SLK60P6L/nu-u240f1,SLK60P6L/nu-u240f1,6.72,240.0,-0.00023999999999999976
10086,-0.00441,cec_module,BP6235,3,multi-Si,CENTRO SOLAR BP6235,CENTRO SOLAR BP6235,9.4,235.0,8.99999999999998e-05
10087,-0.0043,cec_manufacturer,SOLARWORLD,89,Unknown,Solar world 255,Solar world 255,4.335,255.0,0.00019999999999999966
10088,-0.0045,fleet_default,cec_xsi_median,0,Unknown,Grape Solar,Grape Solar,2.5,250.0,0.0
10089,-0.004529999999999999,cec_module,SW240MONO,2,mono-Si,SolarWorld SW240mono,SolarWorld SW240mono,14.4,240.0,-2.9999999999999645e-05
10092,-0.00466,cec_manufacturer,SCHOTT,37,Unknown,Schott,Schott,4.725,175.0,-0.00016000000000000042
10093,-0.005026,cec_module,245W,1,Unknown,Solarworld 245W and 250W,Solarworld 245W and 250W,6.3,225.0,-0.0005260000000000004
10094,-0.00456,cec_manufacturer,SILIKEN,146,Unknown,siliken,siliken,6.37,245.0,-6.000000000000016e-05
10095,-0.0043,cec_manufacturer,SOLARWORLD,89,Unknown,SolarWorld,SolarWorld,4.8,240.0,0.00019999999999999966
10096,-0.004436,cec_module,HISS250MG,2,mono-Si,Hyundai HiS-S250MG,Hyundai HiS-S250MG,5.5,250.0,6.399999999999982e-05
10098,-0.00312,cec_technology,Thin Film,561,amorphous si,Unisolar PVL-128 PVL-136,Unisolar PVL-128 PVL-136,1.806,129.0,0.0013799999999999997
10099,-0.00386,cec_manufacturer,SUNPOWER,190,Unknown,SunPower,SunPower,4.14,230.0,0.0006399999999999995
10100,-0.0045,fleet_default,cec_xsi_median,0,Unknown,Eoplly E156M/60-250,Eoplly E156M/60-250,6.5,250.0,0.0
10101,-0.0039000000000000003,cec_manufacturer,LG,371,mono-Si,LG 260 SC,LG 260 SC,4.864,256.0,0.0005999999999999994
10102,-0.00416,cec_manufacturer,JINKO,486,Unknown,21 jinko,21 jinko,4.935,235.0,0.00034
10103,-0.00466,cec_manufacturer,SCHOTT,37,Unknown,7-Schott 235 14-Sunvia 240,7-Schott 235 14-Sunvia 240,4.998,238.0,-0.00016000000000000042
10104,-0.00453,cec_module,SHARPNDF2Q235,1,multi-Si,Sharp ND-F2Q235,Sharp ND-F2Q235,6.11,235.0,-3.0000000000000512e-05
10105,-0.004472,cec_manufacturer,SUNIVA,150,Unknown,Suniva,Suniva,6.72,240.0,2.799999999999938e-05
10106,-0.0043,cec_module,KD210GXLFBS,1,multi-Si,Kyocera KD210GX-LFBS,Kyocera KD210GX-LFBS,5.04,210.0,0.00019999999999999966
10107,-0.0040999999999999995,cec_module,PVUJ225GA6,2,multi-Si,Mitsubishi PV-UJ225GA6,Mitsubishi PV-UJ225GA6,10.8,225.0,0.0004000000000000002
10108,-0.0043,cec_manufacturer,SOLARWORLD,89,mono-Si,Solarworld Mono,Solarworld Mono,8.16,255.0,0.00019999999999999966
10109,-0.0045000000000000005,cec_module,TSM245PA05,11,multi-Si,Trina TSM-245PA05,Trina TSM-245PA05,5.88,245.0,-8.673617379884035e-19
10110,-0.0046992299999999996,cec_module,MBA1BG250,1,mono-Si,Samsung MBA1BG250,Samsung MBA1BG250,3.75,250.0,-0.0001992299999999999
10111,-0.00424,cec_manufacturer,CANADIANSOLAR,409,Unknown,Canadian Solar,,7.68,240.0,0.0002599999999999998
10112,-0.0045000000000000005,cec_module,ETP660250WB,8,multi-Si,ET Solar,et-p660250wb,6.0,250.0,-8.673617379884035e-19
10113,-0.004515,cec_technology,Multi-c-Si,11221,multi-Si,Evergreen ES-E-220-fc3,Evergreen ES-E-220-fc3,6.6,220.0,-1.5000000000000256e-05
10114,-0.0039000000000000003,cec_manufacturer,LG,371,Unknown,LG,LG,3.06,255.0,0.0005999999999999994
10116,-0.00439,cec_module,SHARPND240QCJ,1,multi-Si,Sharp ND-240QCJ,Sharp ND-240QCJ,2.4,240.0,0.00010999999999999985
10117,-0.0045,fleet_default,cec_xsi_median,0,Unknown,MEMC,MEMC,4.8,240.0,0.0
10118,-0.00413,cec_module,PS240P20,3,multi-Si,Phono PS240P-20/U  240W,Phono PS240P-20/U  240W,3.924,218.0,0.00036999999999999967
10119,-0.004301,cec_manufacturer,SUNTECH,243,mono-Si,Suntech 245 Mono,Suntech 245 Mono,10.29,245.0,0.00019899999999999952
10120,-0.0043,cec_manufacturer,SOLARWORLD,89,Unknown,Solarworld,Solarworld,4.8,240.0,0.00019999999999999966
10121,-0.0045,fleet_default,cec_xsi_median,0,Unknown,Sunvia,Sunvia,4.25,250.0,0.0
10122,-0.0043,cec_manufacturer,SOLARWORLD,89,Unknown,Solar World,Solar World,5.635,245.0,0.00019999999999999966
10123,-0.004378,cec_module,PLUTO245WDE,1,multi-Si,Sun tech pluto245-wde,Sun tech pluto245-wde,6.86,245.0,0.00012199999999999971
10124,-0.00481,cec_module,SW255,5,Unknown,SolarWorld  SW255,SolarWorld  SW255,7.65,255.0,-0.0003100000000000004
10125,-0.0045,fleet_default,cec_xsi_median,0,Unknown,AUO,AUO,9.88,260.0,0.0
10126,-0.0031,cec_manufacturer,SANYO,110,Unknown,Sanyo,Sanyo,3.28,205.0,0.0013999999999999998
10128,-0.004378,cec_module,PLUTO240WDE,1,multi-Si,Suntech PLUTO240-Wde,Suntech PLUTO240-Wde,6.24,240.0,0.00012199999999999971
10129,-0.0045000000000000005,cec_technology,Mono-c-Si,9725,mono-Si,Aleo S_79,Aleo S_79,4.32,240.0,-8.673617379884035e-19
10131,-0.0043300000000000005,cec_manufacturer,ASTRONERGY,174,multi-Si,Astronergy CHSM-6610P-240w,Astronergy CHSM-6610P-240w,9.84,240.0,0.00016999999999999914
10132,-0.0045,fleet_default,cec_xsi_median,0,Unknown,Ningbo,Ningbo,4.928,176.0,0.0
10133,-0.00458,cec_module,SHARPNUQ235F4,1,mono-Si,Sharp NU-Q235F4,Sharp NU-Q235F4,7.05,235.0,-8.000000000000021e-05
10134,-0.004515,cec_technology,Multi-c-Si,11221,multi-Si,Centro Solar E 240 B,Centro Solar E 240 B,7.44,240.0,-1.5000000000000256e-05
10135,-0.00425,cec_module,REC245,18,Unknown,REC245,REC245,4.41,245.0,0.00024999999999999935
10137,-0.00424,cec_manufacturer,CANADIANSOLAR,409,mono-Si,Canadian Solar,cs6m-240m,3.44,215.0,0.0002599999999999998
10138,-0.0043,cec_manufacturer,SOLARWORLD,89,Unknown,SolarWorld,SolarWorld,4.14,230.0,0.00019999999999999966
10139,-0.00424,cec_module,CS6P250P,6,multi-Si,Canadian Solar,cs6p-250p,2.5,250.0,0.0002599999999999998
10140,-0.00456,cec_manufacturer,SILIKEN,146,multi-Si,Siliken SKL60P6L,Siliken SKL60P6L,6.72,240.0,-6.000000000000016e-05
10141,-0.0046,cec_module,KD245GX,4,multi-Si,Kyocera  KD245GX,KD245GX,8.575,245.0,-0.00010000000000000026
10142,-0.0031,cec_manufacturer,PANASONIC,131,Unknown,Panasonic,Panasonic,6.825,325.0,0.0013999999999999998
10143,-0.004301,cec_manufacturer,SUNTECH,243,Unknown,Suntech,Suntech,7.75,250.0,0.00019899999999999952
10146,-0.00481,cec_module,SW255,5,Unknown,Solar World SW255,Solar World SW255,10.2,255.0,-0.0003100000000000004
10147,-0.0045,fleet_default,cec_xsi_median,0,Unknown,ST Solar,ST Solar,9.66,230.0,0.0
10148,-0.0043,cec_manufacturer,SOLARWORLD,89,Unknown,SolarWorld,SolarWorld,9.31,245.0,0.00019999999999999966
10149,-0.0043,cec_manufacturer,SOLARWORLD,89,Unknown,SolarWorld 240,SolarWorld 240,7.2,240.0,0.00019999999999999966
10150,-0.004555,cec_module,SW250,6,Unknown,Solar World SW250,Solar World SW250,9.0,250.0,-5.500000000000036e-05
10151,-0.0043,cec_manufacturer,SOLARWORLD,89,Unknown,SolarWorld,SolarWorld,10.92,260.0,0.00019999999999999966
10152,-0.004515,cec_module,PS260M,6,mono-Si,Phono Solar PS260M,Phono Solar PS260M,6.3,225.0,-1.5000000000000256e-05
10153,-0.0044975,cec_module,CS6P240P,4,multi-Si,Canadian Solar,cs6p-240p,4.08,240.0,2.499999999999898e-06
10154,-0.004472,cec_manufacturer,SUNIVA,150,mono-Si,Suniva OPT260-4-IB0,Suniva OPT260-4-IB0,6.24,260.0,2.799999999999938e-05
10156,-0.004673500000000001,cec_manufacturer,KYOCERA,160,Unknown,Kyocera,Kyocera,3.502,206.0,-0.0001735000000000009
10157,-0.0039000000000000003,cec_manufacturer,LG,371,Unknown,LG MonoX 255,LG MonoX 255,3.825,255.0,0.0005999999999999994
10158,-0.004301,cec_manufacturer,SUNTECH,243,Unknown,Suntech,Suntech,5.88,245.0,0.00019899999999999952
10159,-0.00481,cec_module,SW255,5,Unknown,SolarWorld SW255,SolarWorld SW255,7.65,255.0,-0.0003100000000000004
10161,-0.00451,cec_manufacturer,PHONO,216,Unknown,Phono Solar,Phono Solar,7.02,260.0,-1.000000000000046e-05
10166,-0.0045,fleet_default,cec_xsi_median,0,Unknown,Mage,Unknown,5.0,250.0,0.0
10168,-0.0045000000000000005,cec_module,235P,148,Unknown,Conenrgy 235P,Conenrgy 235P,8.225,235.0,-8.673617379884035e-19
10170,-0.00442,cec_module,SUNIVAOPT2606041B0,1,mono-Si,Suniva OPT260-60-4-1B0,Suniva OPT260-60-4-1B0,12.74,260.0,7.999999999999934e-05
10171,-0.004301,cec_module,STP250S,3,mono-Si,Suntech STP250S - 20/Wdb,Suntech STP250S - 20/Wdb,5.75,250.0,0.00019899999999999952
10172,-0.0045163,cec_module,SW260,8,mono-Si,SolarWorld SW260 Mono,SolarWorld SW260 Mono,4.94,260.0,-1.6300000000000342e-05
10173,-0.0045000000000000005,cec_manufacturer,TRINA,970,Unknown,Trina,Trina,9.4,235.0,-8.673617379884035e-19
10175,-0.00424,cec_module,CS6P250P,6,multi-Si,Canadian Solar,cs6p-250p,5.0,250.0,0.0002599999999999998
10176,-0.00458,cec_module,CS6P240M,2,mono-Si,Canadian Solar,cs6p-240m,11.04,240.0,-8.000000000000021e-05
10177,-0.005177770000000001,cec_module,SHARPND208U1,2,multi-Si,Sharp ND-208U1,nd-280u1,3.744,208.0,-0.0006777700000000011
10178,-0.0047243,cec_module,LG255S1CG2,1,mono-Si,LG LG255S1C-G2,LG LG255S1C-G2,8.415,255.0,-0.0002243000000000002
10180,-0.00417,cec_manufacturer,AXITEC,106,Unknown,Axitec 250,Axitec 250,10.0,250.0,0.00032999999999999956
10182,-0.00424,cec_manufacturer,CANADIANSOLAR,409,Unknown,Canadian Solar,,8.75,250.0,0.0002599999999999998
10183,-0.00424,cec_manufacturer,CANADIANSOLAR,409,Unknown,Canadian Solar,,2.25,250.0,0.0002599999999999998
10184,-0.0046489999999999995,cec_manufacturer,HYUNDAI,273,Unknown,Hyundai,Hyundai,10.5,250.0,-0.00014899999999999983
10185,-0.00424,cec_module,CS6P250P,6,multi-Si,Canadian Solar,cs6p-250p,7.0,250.0,0.0002599999999999998
10187,-0.00424,cec_manufacturer,CANADIANSOLAR,409,Unknown,Sharp and Canadian Solar,Sharp and Canadian Solar,14.28,255.0,0.0002599999999999998
10188,-0.0043,cec_manufacturer,SOLARWORLD,89,mono-Si,SolarWorld Mono Black-on-Black,SolarWorld Mono Black-on-Black,7.65,255.0,0.00019999999999999966
10190,-0.0045,fleet_default,cec_xsi_median,0,Unknown,Enphase,Enphase,3.57,255.0,0.0
10191,-0.00442,cec_module,CS6P255M,4,mono-Si,Canadian Solar,cs6p-255m,6.885,255.0,7.999999999999934e-05
10192,-0.00458,cec_module,UPSOLARUPM240P,6,multi-Si,Upsolar UP-M240P,Upsolar UP-M240P,4.08,240.0,-8.000000000000021e-05
10193,-0.0043135,cec_module,CS6P230P,4,multi-Si,Canadian Solar,CS6P-230P,12.42,230.0,0.00018650000000000003
10194,-0.0045,fleet_default,cec_xsi_median,0,Unknown,schuco mpe 235 ps 08,schuco mpe 235 ps 08,3.055,235.0,0.0
10196,-0.004450000000000001,cec_module,SUNIVAOPT260,2,mono-Si,Suniva OPT260,Suniva OPT260,4.42,260.0,4.999999999999883e-05
10197,-0.004301,cec_manufacturer,SUNTECH,243,Unknown,Suntech 190,Suntech 190,4.56,190.0,0.00019899999999999952
10198,-0.00442,cec_module,CS6P250M,4,mono-Si,Canadian Solar,cs6p-250m,5.5,250.0,7.999999999999934e-05
10199,-0.004429,cec_manufacturer,MITSUBISHI,49,Unknown,Mitsubishi,Mitsubishi,3.71,265.0,7.099999999999988e-05
10200,-0.0045,fleet_default,cec_xsi_median,0,Unknown,Eoplly Black Mono 156/60-245,Eoplly Black Mono 156/60-245,10.29,245.0,0.0
10201,-0.0045,fleet_default,cec_xsi_median,0,Unknown,ReneSola 260,ReneSola 260,5.808,242.0,0.0
10204,-0.0043,cec_manufacturer,SOLARWORLD,89,Unknown,solarworld 270/285,solarworld 270/285,9.45,270.0,0.00019999999999999966
10205,-0.0045,fleet_default,cec_xsi_median,0,Unknown,GCL-P6_245,GCL-P6_245,8.82,245.0,0.0
10206,-0.0043,cec_manufacturer,SOLARWORLD,89,Unknown,SolarWorld,SolarWorld,13.78,260.0,0.00019999999999999966
10208,-0.004472,cec_manufacturer,SUNIVA,150,Unknown,Suniva,Suniva,8.1,270.0,2.799999999999938e-05
10210,-0.0043,cec_manufacturer,SOLARWORLD,89,Unknown,Solarworld,Solarworld,6.65,175.0,0.00019999999999999966
10211,-0.0043,cec_manufacturer,SOLARWORLD,89,Unknown,SolarWorld,SolarWorld,2.0,50.0,0.00019999999999999966
10212,-0.004555,cec_module,SW250,6,Unknown,Sunmodule SW250,Sunmodule SW250,5.0,250.0,-5.500000000000036e-05
10213,-0.00451,cec_manufacturer,PHONO,216,multi-Si,Phono Solar PS250P-AC,Phono Solar PS250P-AC,3.5,250.0,-1.000000000000046e-05
10214,-0.0043,cec_manufacturer,SOLARWORLD,89,Unknown,SolarWorld,SolarWorld,6.24,260.0,0.00019999999999999966
10215,-0.0043,cec_manufacturer,REC,725,Unknown,REC Solar,REC Solar,5.1,255.0,0.00019999999999999966
10216,-0.004472,cec_manufacturer,SUNIVA,150,Unknown,Suniva,Suniva,7.8,260.0,2.799999999999938e-05
10218,-0.004301,cec_manufacturer,SUNTECH,243,Unknown,Suntech,Suntech,5.075,175.0,0.00019899999999999952
10219,-0.0045000000000000005,cec_manufacturer,TRINA,970,Unknown,Trina,Trina,1.44,240.0,-8.673617379884035e-19
10221,-0.0045,fleet_default,cec_xsi_median,0,Unknown,Canadian,Canadian,3.12,260.0,0.0
10222,-0.0043,cec_module,LG260S1CA3,1,mono-Si,LG LG260S1C-A3,LG LG260S1C-A3,7.8,260.0,0.00019999999999999966
10223,-0.00386,cec_manufacturer,SUNPOWER,190,Unknown,SunPower,SunPower,5.36,335.0,0.0006399999999999995
10224,-0.0045000000000000005,cec_module,PA05,76,multi-Si,Trina TSM PA05,Trina TSM PA05,4.5,250.0,-8.673617379884035e-19
10225,-0.0045000000000000005,cec_module,ETP660250WB,8,multi-Si,ET Solar,et-p660250wb,8.25,250.0,-8.673617379884035e-19
10227,-0.004472,cec_manufacturer,SUNIVA,150,Unknown,Suniva/EnPhase,Suniva/EnPhase,6.76,260.0,2.799999999999938e-05
10228,-0.00458,cec_manufacturer,HANWHA,1332,multi-Si,Hanwha HSL-60-250T,Hanwha HSL-60-250T,8.25,250.0,-8.000000000000021e-05
10229,-0.0045,fleet_default,cec_xsi_median,0,Unknown,Aleo/Bosch S79.235,Aleo/Bosch S79.235,9.635,235.0,0.0
10230,-0.0045,fleet_default,cec_xsi_median,0,Unknown,BP 970B,BP 970B,2.8,70.0,0.0
10232,-0.0039000000000000003,cec_manufacturer,LG,371,Unknown,LG,LG,8.19,314.99999999999994,0.0005999999999999994
10233,-0.004472,cec_module,SUNIVAMVX250605701,1,multi-Si,Suniva MVX250-60-5-701,Suniva MVX250-60-5-701,6.5,250.0,2.799999999999938e-05
10234,-0.0045,fleet_default,cec_xsi_median,0,Unknown,Mage Powertec 250,Mage Powertec 250,8.0,250.0,0.0
10236,-0.00424,cec_manufacturer,CANADIANSOLAR,409,multi-Si,Canadian Solar,,8.97,230.0,0.0002599999999999998
10237,-0.0043,cec_module,LG290N1CG3,1,n-PERT,LG Mono X Neon. LG290N1C-G3,LG Mono X Neon. LG290N1C-G3,4.35,290.0,0.00019999999999999966
10238,-0.0043,cec_manufacturer,SOLARWORLD,89,Unknown,SolarWorld,SolarWorld,9.54,265.0,0.00019999999999999966
10239,-0.00424,cec_module,CS6P250P,6,multi-Si,Canadian Solar,cs6p-250p,8.5,250.0,0.0002599999999999998
10242,-0.0045,fleet_default,cec_xsi_median,0,Unknown,N/A,N/A,4.25,250.0,0.0
10243,-0.0039000000000000003,cec_manufacturer,LG,371,n-PERT,LG Mono X Neon,LG Mono X Neon,4.8,300.0,0.0005999999999999994
10244,-0.0043,cec_manufacturer,REC,725,multi-Si,Talesun 245/REC 225 Poly,Talesun 245/REC 225 Poly,4.64,232.0,0.00019999999999999966
10245,-0.0045,fleet_default,cec_xsi_median,0,Unknown,Renesola 156 Series,Renesola 156 Series,11.985,255.0,0.0
10246,-0.00451,cec_manufacturer,PHONO,216,Unknown,phonon,phonon,9.0,250.0,-1.000000000000046e-05
10247,-0.00396,cec_manufacturer,ITEK,69,Unknown,iTek Energy,iTek Energy,7.15,275.0,0.0005399999999999997
10248,-0.004,cec_module,260HE,1,mono-Si,itek IT-250 255-HE 260-HE,itek IT-250 255-HE 260-HE,12.0,250.0,0.0004999999999999996
10250,-0.004486,cec_manufacturer,YINGLI,57,Unknown,Yingli,Yingli,4.73,215.0,1.3999999999999256e-05
10251,-0.00458,cec_manufacturer,SHARP,145,Unknown,Sharp,Sharp,4.32,240.0,-8.000000000000021e-05
10252,-0.0039000000000000003,cec_manufacturer,LG,371,n-PERT,LG Neon 290,LG Neon 290,6.67,230.0,0.0005999999999999994
10253,-0.004515,cec_technology,Multi-c-Si,11221,multi-Si,Silken / SLK60P6L-250WP,Silken / SLK60P6L-250WP,1.75,250.0,-1.5000000000000256e-05
10254,-0.004,cec_module,LG300N1C,5,n-PERT,LG300N1C,LG300N1C,4.2,300.0,0.0004999999999999996
10255,-0.004348,cec_module,CHSM6612P305,1,multi-Si,AstroEnergy CHSM6612P-305,AstroEnergy CHSM6612P-305,6.1,305.0,0.00015199999999999936
10256,-0.00454,cec_module,MLE260HD,1,mono-Si,Mitsubishi MLE260HD,Mitsubishi MLE260HD,8.32,260.0,-4.0000000000000105e-05
10258,-0.00442,cec_module,SUNIVAOPT2706041B0,1,mono-Si,Suniva OPT270-60-4-1B0,Suniva OPT270-60-4-1B0,7.56,270.0,7.999999999999934e-05
10259,-0.0043,cec_manufacturer,SOLARWORLD,89,Unknown,SolarWorld Sunmodule 270 Black,SolarWorld Sunmodule 270 Black,13.5,270.0,0.00019999999999999966
10260,-0.00438,cec_module,SHARPND250QCS,1,multi-Si,Sharp ND-250QCS,Sharp ND-250QCS,7.2,225.0,0.00011999999999999945
10261,-0.0039000000000000003,cec_manufacturer,LG,371,Unknown,LG,LG,11.7,300.0,0.0005999999999999994
10263,-0.00424,cec_module,CS6P250P,6,multi-Si,Canadian Solar,cs6p-250p,7.56,270.0,0.0002599999999999998
10264,-0.0045000000000000005,cec_technology,Mono-c-Si,9725,mono-Si,Talesun TP660M-250W,Talesun TP660M-250W,1.5,250.0,-8.673617379884035e-19
10265,-0.0043,cec_manufacturer,SOLARWORLD,89,mono-Si,Solarworld 270 mono,Solarworld 270 mono,8.1,270.0,0.00019999999999999966
10267,-0.0045,fleet_default,cec_xsi_median,0,Unknown,Mage,Unknown,5.25,250.0,0.0
10268,-0.0043,cec_module,SW275,4,Unknown,SolorWorld SW275,SolorWorld SW275,3.3,275.0,0.00019999999999999966
10269,-0.00386,cec_manufacturer,SUNPOWER,190,Unknown,Sun Power,Sun Power,4.55,325.0,0.0006399999999999995
10270,-0.0045,fleet_default,cec_xsi_median,0,Unknown,N/A,N/A,4.05,270.0,0.0
10271,-0.00458,cec_manufacturer,SHARP,145,multi-Si,Sharp ND255QCS,Sharp ND255QCS,5.61,255.0,-8.000000000000021e-05
10272,-0.004,cec_module,300N1C,5,n-PERT,LG Mono X Neon 300N1C,LG Mono X Neon 300N1C,4.2,300.0,0.0004999999999999996
10274,-0.0043,cec_manufacturer,SOLARWORLD,89,Unknown,SolarWorld SW 275,SolarWorld SW 275,0.675,225.0,0.00019999999999999966
10275,-0.00468,cec_module,S250FAB5,1,Unknown,Grape Solar S-250-Fab5,Grape Solar S-250-Fab5,10.0,250.0,-0.00018000000000000047
10277,-0.0039000000000000003,cec_manufacturer,LG,371,Unknown,LG,LG,10.8,300.0,0.0005999999999999994
10279,-0.0046489999999999995,cec_manufacturer,HYUNDAI,273,Unknown,Hyundai,Hyundai,8.928,248.0,-0.00014899999999999983
10280,-0.0047243,cec_module,LG255S1CG2,1,mono-Si,LG255S1C-G2,LG255S1C-G2,4.59,255.0,-0.0002243000000000002
10281,-0.0043,cec_module,LG270S1CA3,1,mono-Si,LG270S1C-A3,LG270S1C-A3,5.13,270.0,0.00019999999999999966
10282,-0.00454,cec_module,PS250P,5,multi-Si,PhonoSolar PS250P,PhonoSolar PS250P,5.0,250.0,-4.0000000000000105e-05
10283,-0.0045,fleet_default,cec_xsi_median,0,Unknown,?,?,3.0,250.0,0.0
10284,-0.0043,cec_manufacturer,SOLARWORLD,89,Unknown,SolarWorld 280,SolarWorld 280,4.2,280.0,0.00019999999999999966
10286,-0.00424,cec_manufacturer,CANADIANSOLAR,409,Unknown,Canadian Solar,,6.5,250.0,0.0002599999999999998
10287,-0.004515,cec_technology,Multi-c-Si,11221,multi-Si,BP SX160B,BP SX160B,3.2,160.0,-1.5000000000000256e-05
10289,-0.0043,cec_manufacturer,SOLARWORLD,89,Unknown,solarworld 270,solarworld 270,8.1,270.0,0.00019999999999999966
10291,-0.0039000000000000003,cec_manufacturer,LG,371,n-PERT,LG MonoXNeon,LG MonoXNeon,4.2,300.0,0.0005999999999999994
10292,-0.004739999999999999,cec_module,230W,59,multi-Si,CSI 230W Polycrystalline,CSI 230W Polycrystalline,4.6,230.0,-0.00023999999999999976
10293,-0.00461,cec_module,PM240P00,4,multi-Si,AUO PM240P00,AUO PM240P00,3.84,240.0,-0.00011000000000000072
10295,-0.00424,cec_module,CS6P250P,6,multi-Si,Canadian Solar,cs6p-250p,5.75,250.0,0.0002599999999999998
10296,-0.00386,cec_manufacturer,SUNPOWER,190,mono-Si IBC,Sunpower E20/327,Sunpower E20/327,5.12,320.0,0.0006399999999999995
10297,-0.004472,cec_manufacturer,SUNIVA,150,Unknown,Suniva 270,Suniva 270,6.21,270.0,2.799999999999938e-05
10300,-0.00445,cec_module,270W,41,Unknown,Solar World 270W,Solar World 270W,9.99,270.0,4.99999999999997e-05
10301,-0.004588999999999999,cec_module,LG255S1CG3,1,mono-Si,LG255S1C-G3,LG255S1C-G3,4.0,250.0,-8.899999999999967e-05
10302,-0.00386,cec_manufacturer,SUNPOWER,190,Unknown,SunPower,SunPower,5.025,335.0,0.0006399999999999995
10303,-0.00451,cec_module,300W,46,n-PERT,LG MONO-X NEON 300W,LG MONO-X NEON 300W,8.4,300.0,-1.000000000000046e-05
10304,-0.004,cec_module,LG300N1CA3,1,n-PERT,LG300N1C-A3,LG300N1C-A3,3.9,300.0,0.0004999999999999996
10305,-0.00442,cec_module,CS6P250M,4,mono-Si,Canadian Solar,cs6p-250m,9.75,250.0,7.999999999999934e-05
10306,-0.0043,cec_manufacturer,SOLARWORLD,89,mono-Si,SolarWorld Protect SW 270,SolarWorld Protect SW 270,7.56,270.0,0.00019999999999999966
10307,-0.0045000000000000005,cec_manufacturer,TRINA,970,multi-Si,Trina TSMPD14-305,Trina TSMPD14-305,6.1,305.0,-8.673617379884035e-19
10308,-0.0043,cec_manufacturer,SOLARWORLD,89,Unknown,SolarWorld,SolarWorld,7.92,240.0,0.00019999999999999966
10309,-0.00424,cec_manufacturer,CANADIANSOLAR,409,Unknown,Canadian Solar,,8.25,250.0,0.0002599999999999998
10310,-0.0043,cec_module,SW270MONOBLACK,1,mono-Si,SolarWorld,SW 270 Mono Black,2.925,225.0,0.00019999999999999966
10311,-0.0045,fleet_default,cec_xsi_median,0,Unknown,Sunmodule SW 270 x16 290 x8,Sunmodule SW 270 x16 290 x8,6.25,250.0,0.0
10312,-0.0045,fleet_default,cec_xsi_median,0,Unknown,Suneva,Suneva,6.21,270.0,0.0
10313,-0.0043,cec_manufacturer,SOLARWORLD,89,Unknown,SolarWorld,SolarWorld,4.4,275.0,0.00019999999999999966
10315,-0.0039000000000000003,cec_manufacturer,LG,371,n-PERT,LG300N1C-G3LG,LG300N1C-G3LG,9.6,300.0,0.0005999999999999994
10316,-0.0040999999999999995,cec_module,LG300N1CB3,1,n-PERT,LG300N1C-B3,LG300N1C-B3,4.8,300.0,0.0004000000000000002
10318,-0.0039000000000000003,cec_manufacturer,LG,371,Unknown,Lg 280,Lg 280,7.0,280.0,0.0005999999999999994
10319,-0.0043,cec_manufacturer,SOLARWORLD,89,Unknown,Solar World SW 265,Solar World SW 265,10.07,265.0,0.00019999999999999966
10320,-0.0045,fleet_default,cec_xsi_median,0,Unknown,?,?,6.0,250.0,0.0
10322,-0.0043300000000000005,cec_manufacturer,ASTRONERGY,174,Unknown,Astronergy,Astronergy,6.1,305.0,0.00016999999999999914
10323,-0.00396,cec_manufacturer,ITEK,69,Unknown,Itek,Itek,8.1,270.0,0.0005399999999999997
10325,-0.0043,cec_manufacturer,SOLARWORLD,89,Unknown,Solar World,Solar World,5.565,265.0,0.00019999999999999966
10326,-0.0043,cec_manufacturer,SOLARWORLD,89,Unknown,SolarWorld,SolarWorld,6.325,275.0,0.00019999999999999966
10327,-0.00453,cec_module,AXITECAC250P15660S,1,multi-Si,Axitec AC250P/156-60S,Axitec AC250P/156-60S,10.0,250.0,-3.0000000000000512e-05
10328,-0.0043,cec_manufacturer,SOLARWORLD,89,Unknown,SolarWorld,SolarWorld,4.95,275.0,0.00019999999999999966
10329,-0.0040999999999999995,cec_module,LG300N1CB3,1,n-PERT,LG300 N1C-B3,LG300 N1C-B3,3.0,300.0,0.0004000000000000002
10330,-0.0045,fleet_default,cec_xsi_median,0,Unknown,Certainteed 265,Certainteed 265,5.565,265.0,0.0
10331,-0.0045,fleet_default,cec_xsi_median,0,Unknown,N/A,N/A,6.12,255.0,0.0
10333,-0.0045,fleet_default,cec_xsi_median,0,Unknown,Winaico,Winaico,6.76,260.0,0.0
10334,-0.0045000000000000005,cec_module,255W,52,Unknown,certainTeed RS-M 255w BLK,certainTeed RS-M 255w BLK,10.2,255.0,-8.673617379884035e-19
10336,-0.004555,cec_module,SW250,6,multi-Si,Solar world SW250 Poly,Solar world SW250 Poly,6.0,250.0,-5.500000000000036e-05
10337,-0.0045,fleet_default,cec_xsi_median,0,Unknown,N/A,N/A,5.0,250.0,0.0
10338,-0.0040999999999999995,cec_module,LG305N1CB3,1,n-PERT,LG305N1C-B3,LG305N1C-B3,6.405,305.0,0.0004000000000000002
10340,-0.004301,cec_module,STP250S20,3,mono-Si,Suntech STP250S-20/Wdb,Suntech STP250S-20/Wdb,6.75,250.0,0.00019899999999999952
10341,-0.00417,cec_module,CS6P235PX,1,multi-Si,CanadianSolar CS6P-235PX,CanadianSolar CS6P-235PX,3.29,235.0,0.00032999999999999956
10344,-0.0045,fleet_default,cec_xsi_median,0,Unknown,enphase sw 275,enphase sw 275,7.7,275.0,0.0
10345,-0.00386,cec_manufacturer,SUNPOWER,190,mono-Si IBC,SunPower X-21,SunPower X-21,4.485,345.0,0.0006399999999999995
10346,-0.0039000000000000003,cec_manufacturer,LG,371,n-PERT,LG 300 MonoX Neon,LG 300 MonoX Neon,6.0,300.0,0.0005999999999999994
10347,-0.004,cec_module,LG300N1CA3,1,n-PERT,LG Mono X Neon LG300N1C-A3,LG Mono X Neon LG300N1C-A3,7.2,300.0,0.0004999999999999996
10348,-0.0045,fleet_default,cec_xsi_median,0,Unknown,Silevo,Silevo,5.985,285.0,0.0
10349,-0.00386,cec_module,E20327,7,mono-Si IBC,Sunpower E20-327,Sunpower E20-327,10.464,327.0,0.0006399999999999995
10350,-0.0043563000000000004,cec_module,SW270,4,Unknown,SolarWorld SW270,SolarWorld SW270,7.02,270.0,0.0001436999999999992
10351,-0.004469,cec_module,REC260PE,19,multi-Si,REC260PE,REC260PE,5.46,260.0,3.099999999999978e-05
10352,-0.0043,cec_manufacturer,SOLARWORLD,89,mono-Si,Solar World 275 Plus Black,Solar World 275 Plus Black,7.15,275.0,0.00019999999999999966
10354,-0.0043,cec_manufacturer,SOLARWORLD,89,Unknown,SolarWorld 275,SolarWorld 275,6.05,275.0,0.00019999999999999966
10355,-0.0043441650000000005,cec_module,HISS280RG,2,mono-Si,Hundai HiS-S280RG,Hundai HiS-S280RG,6.72,280.0,0.00015583499999999913
10356,-0.004472,cec_module,SUNIVAMVX250605701,1,multi-Si,Suniva MVX250-60-5-701,Suniva MVX250-60-5-701,14.0,250.0,2.799999999999938e-05
10357,-0.0040999999999999995,cec_module,LG300N1CB3,1,n-PERT,LG LG300N1C-B3,LG LG300N1C-B3,7.2,300.0,0.0004000000000000002
10358,-0.0043,cec_manufacturer,SOLARWORLD,89,Unknown,Solarworld SW 245,Solarworld SW 245,2.45,245.0,0.00019999999999999966
10360,-0.0038,cec_module,LG305N1C,3,n-PERT,LG305N1C,LG305N1C,7.32,305.0,0.0006999999999999997
10361,-0.004673500000000001,cec_manufacturer,KYOCERA,160,Unknown,Kyocera,Kyocera,5.88,245.0,-0.0001735000000000009
10362,-0.0043,cec_manufacturer,SOLARWORLD,89,Unknown,SolarWorld,SolarWorld,12.19,265.0,0.00019999999999999966
10363,-0.004472,cec_manufacturer,SUNIVA,150,Unknown,Suniva,Suniva,9.1,260.0,2.799999999999938e-05
10365,-0.0045000000000000005,cec_technology,Mono-c-Si,9725,mono-Si IBC,SP X-21 335,SP X-21 335,8.71,335.0,-8.673617379884035e-19
10366,-0.00424,cec_module,CS6P260P,4,multi-Si,Canadian Solar,cs6p-260p,5.98,260.0,0.0002599999999999998
10369,-0.0043,cec_manufacturer,SOLARWORLD,89,mono-Si,SolarWorld 280WMono,SolarWorld 280WMono,8.4,280.0,0.00019999999999999966
10370,-0.0043,cec_manufacturer,SOLARWORLD,89,mono-Si,Solarworld Protect 275,Solarworld Protect 275,7.15,275.0,0.00019999999999999966
10371,-0.00424,cec_module,CS6P260P,4,multi-Si,Canadian Solar,cs6p-260p,3.9,260.0,0.0002599999999999998
10372,-0.0043,cec_manufacturer,SOLARWORLD,89,mono-Si,SolarWorld 280WMono,SolarWorld 280WMono,2.8,280.0,0.00019999999999999966
10373,-0.0043,cec_manufacturer,SOLARWORLD,89,Unknown,Solarworld SW 280,Solarworld SW 280,3.92,280.0,0.00019999999999999966
10374,-0.0040999999999999995,cec_module,LG300N1CB3,1,n-PERT,LG300N1C-B3,LG300N1C-B3,12.0,300.0,0.0004000000000000002
10375,-0.0045,fleet_default,cec_xsi_median,0,Unknown,N/A,N/A,6.21,270.0,0.0
10376,-0.00445,cec_module,275W,35,mono-Si,SolarWorld 275W Mono Protect,SolarWorld 275W Mono Protect,5.775,275.0,4.99999999999997e-05
10377,-0.0044,cec_module,BFRG3,6,multi-Si,Qcell Qpro BFR-G3 255,Qcell Qpro BFR-G3 255,6.12,255.0,9.99999999999994e-05
10378,-0.004,cec_module,LG300N1C,5,n-PERT,LG300N1C,LG300N1C,7.5,300.0,0.0004999999999999996
10379,-0.004692,cec_module,KD255GXLFB3,1,multi-Si,Kyocera KD255GX-LFB3,Kyocera KD255GX-LFB3,6.12,255.0,-0.00019200000000000033
10380,-0.004194,cec_module,JC255M24,4,multi-Si,Rensola JC255M-24/Bph,Rensola JC255M-24/Bph,9.945,255.0,0.00030599999999999985
10381,-0.005917,cec_module,SW280,5,Unknown,Solarworld SW280,Solarworld SW280,6.16,280.0,-0.0014170000000000007
10383,-0.00445,cec_module,270W,41,Unknown,Suniva 270w,Suniva 270w,4.59,270.0,4.99999999999997e-05
10384,-0.0043,cec_manufacturer,SOLARWORLD,89,mono-Si,SolarWorld 275 Mono Black,SolarWorld 275 Mono Black,10.725,275.0,0.00019999999999999966
10385,-0.0043,cec_manufacturer,SOLARWORLD,89,Unknown,Solarworld,Solarworld,6.25,250.0,0.00019999999999999966
10387,-0.0043,cec_module,LG280S1CB3,1,mono-Si,LG LG280S1C-B3,LG LG280S1C-B3,8.4,280.0,0.00019999999999999966
10388,-0.004988,cec_module,HISM245MGBK,1,multi-Si,Hyundai HiS-M245MG(BK),Hyundai HiS-M245MG(BK),8.82,245.0,-0.0004880000000000006
10391,-0.00424,cec_module,CS6P260P,4,multi-Si,Canadian Solar,cs6p-260p,7.02,260.0,0.0002599999999999998
10392,-0.00424,cec_module,CS6P260P,4,multi-Si,Canadian Solar,cs6p-260p,5.98,260.0,0.0002599999999999998
10393,-0.00424,cec_module,CS6P260P,4,multi-Si,Canadian Solar,cs6p-260p,11.7,260.0,0.0002599999999999998
10394,-0.0043,cec_manufacturer,SOLARWORLD,89,mono-Si,SolarWorld 280WMono,SolarWorld 280WMono,7.0,280.0,0.00019999999999999966
10395,-0.00424,cec_module,CS6P260P,4,multi-Si,Canadian Solar,cs6p-260p,6.76,260.0,0.0002599999999999998
10396,-0.00424,cec_module,CS6P260P,4,multi-Si,Canadian Solar,cs6p-260p,7.54,260.0,0.0002599999999999998
10397,-0.0043,cec_module,LG270,14,Unknown,LG270,LG270,4.32,270.0,0.00019999999999999966
10398,-0.00424,cec_module,CS6P260P,4,multi-Si,Canadian Solar,cs6p-260p,11.7,260.0,0.0002599999999999998
10399,-0.00424,cec_module,CS6P260P,4,multi-Si,Canadian Solar,cs6p-260p,5.2,260.0,0.0002599999999999998
10400,-0.00424,cec_module,CS6P260P,4,multi-Si,Canadian Solar,cs6p-260p,9.1,260.0,0.0002599999999999998
10402,-0.0046099999999999995,cec_module,PS255P20,4,multi-Si,Phono Solar PS255P-20/U (255W),Phono Solar PS255P-20/U (255W),2.55,255.0,-0.00010999999999999985
10403,-0.004673500000000001,cec_manufacturer,KYOCERA,160,Unknown,Kyocera,Kyocera,5.1,255.0,-0.0001735000000000009
10404,-0.0040999999999999995,cec_module,LG305N1CB3,1,n-PERT,LG305N1C-B3,LG305N1C-B3,10.065,305.0,0.0004000000000000002
10405,-0.00424,cec_module,CS6P260P,4,multi-Si,Canadian Solar,cs6p-260p,5.2,260.0,0.0002599999999999998
10406,-0.004565,cec_module,SW315,2,Unknown,Solarworld SW315,Solarworld SW315,8.19,314.99999999999994,-6.499999999999995e-05
10407,-0.0043563000000000004,cec_module,SW270,4,mono-Si,Solarworld SW270 Mono,Solarworld SW270 Mono,8.37,270.0,0.0001436999999999992
10409,-0.004673500000000001,cec_manufacturer,KYOCERA,160,Unknown,Kyocera,Kyocera,7.65,255.0,-0.0001735000000000009
10410,-0.0043,cec_manufacturer,SOLARWORLD,89,mono-Si,SolarWorld Sunmodule 285 MONO,SolarWorld Sunmodule 285 MONO,8.55,285.0,0.00019999999999999966
10411,-0.004079999999999999,cec_module,LG300,17,n-PERT,LG300 N1C-B3 LG,LG300 N1C-B3 LG,7.8,300.0,0.00042000000000000023
10412,-0.00386,cec_module,SUNPOWERSPR327NEWHTD,1,mono-Si IBC,SunPower SPR-327-NE-WHT-D,SunPower SPR-327-NE-WHT-D,5.232,327.0,0.0006399999999999995
10413,-0.004654500000000001,cec_module,HISM250MG,2,multi-Si,Hyundai HiS-M250MG,Hyundai HiS-M250MG,9.0,250.0,-0.000154500000000001
10414,-0.0043300000000000005,cec_manufacturer,ASTRONERGY,174,Unknown,Astronergy,Astronergy,7.65,255.0,0.00016999999999999914
10415,-0.0043,cec_manufacturer,SOLARWORLD,89,Unknown,Solar World,Solar World,5.985,285.0,0.00019999999999999966
10416,-0.0043,cec_manufacturer,SOLARWORLD,89,mono-Si,solarworld sunmodule+ 285 mono,solarworld sunmodule+ 285 mono,6.84,285.0,0.00019999999999999966
10417,-0.00386,cec_manufacturer,SUNPOWER,190,mono-Si IBC,SunPower E20 327,SunPower E20 327,8.829,327.0,0.0006399999999999995
10418,-0.004,cec_module,LG300N1CA3,1,n-PERT,LG300N1C-A3,LG300N1C-A3,2.1,300.0,0.0004999999999999996
10419,-0.0046,cec_manufacturer,SUNEDISON,659,Unknown,SunEdison,SunEdison,7.83,270.0,-0.00010000000000000026
10420,-0.004472,cec_manufacturer,SUNIVA,150,Unknown,Suniva,Suniva,4.675,275.0,2.799999999999938e-05
10421,-0.0040999999999999995,cec_module,LG305N1CB3,1,n-PERT,LG 305N1C-B3,LG 305N1C-B3,5.49,305.0,0.0004000000000000002
10422,-0.00424,cec_module,CS6P255P,5,multi-Si,Canadian Solar,cs6p-255p,3.57,255.0,0.0002599999999999998
10423,-0.004472,cec_manufacturer,SUNIVA,150,Unknown,Suniva,Suniva,6.36,265.0,2.799999999999938e-05
10424,-0.004779,cec_module,KD325GXLPB,1,multi-Si,Kyocera KD325GX-LPB,Kyocera KD325GX-LPB,5.85,325.0,-0.0002790000000000006
10427,-0.0045,fleet_default,cec_xsi_median,0,Unknown,N/A,N/A,14.96,340.0,0.0
10428,-0.0040999999999999995,cec_module,LG305N1CB3,1,n-PERT,LG/LG305N1C-B3,LG/LG305N1C-B3,7.32,305.0,0.0004000000000000002
10429,-0.0043,cec_manufacturer,REC,725,Unknown,REC,REC,4.68,260.0,0.00019999999999999966
10430,-0.004673500000000001,cec_manufacturer,KYOCERA,160,Unknown,Kyocera,Kyocera,5.88,245.0,-0.0001735000000000009
10431,-0.00458,cec_manufacturer,QCELLS,1372,Unknown,QCells,QCells,3.64,260.0,-8.000000000000021e-05
10432,-0.0043,cec_module,LG280N1CG3,1,n-PERT,LG  LG280N1C-G3,LG  LG280N1C-G3,8.207,283.0,0.00019999999999999966
10433,-0.0043,cec_manufacturer,SOLARWORLD,89,Unknown,SolarWorld,SolarWorld,5.04,315.0,0.00019999999999999966
10434,-0.00394,cec_module,LG305,14,Unknown,LG305,LG305,5.185,305.0,0.0005599999999999997
10435,-0.0043,cec_manufacturer,SOLARWORLD,89,mono-Si,SolarWorld SW 280 Mono Black,SolarWorld SW 280 Mono Black,6.16,280.0,0.00019999999999999966
10436,-0.0043,cec_manufacturer,SOLARWORLD,89,mono-Si,SolarWorld,SW 280W-BLK,6.72,280.0,0.00019999999999999966
10437,-0.00386,cec_manufacturer,SUNPOWER,190,Unknown,SunPower,Sunpower,5.559,327.0,0.0006399999999999995
10439,-0.00438,cec_module,ND250QCS,1,multi-Si,Sharp ND-250QCS ND-F4Q300,Sharp ND-250QCS ND-F4Q300,8.25,250.0,0.00011999999999999945
10440,-0.0045000000000000005,cec_manufacturer,TRINA,970,Unknown,Trina,Trina,2.805,255.0,-8.673617379884035e-19
10442,-0.0046,cec_manufacturer,SUNEDISON,659,n-PERT,LG MonoX NeON & SunEdison,LG MonoX NeON & SunEdison,8.25,250.0,-0.00010000000000000026
10443,-0.0043,cec_manufacturer,SOLARWORLD,89,mono-Si,SolarWorld 270 Mono Black,SolarWorld 270 Mono Black,5.4,270.0,0.00019999999999999966
10444,-0.00424,cec_module,CS6P260P,4,multi-Si,Canadian Solar,cs6p-260p,12.22,260.0,0.0002599999999999998
10448,-0.00424,cec_module,CS6P260P,4,multi-Si,Canadian Solar,cs6p-260p,7.28,260.0,0.0002599999999999998
10449,-0.0038,cec_module,315N1CG4,1,n-PERT,LG Electronics 315N1C-G4,LG Electronics 315N1C-G4,6.3,315.0,0.0006999999999999997
10450,-0.00424,cec_module,CS6P260P,4,multi-Si,Canadian Solar,cs6p-260p,8.84,260.0,0.0002599999999999998
10451,-0.00386,cec_manufacturer,SUNPOWER,190,mono-Si IBC,SunPower X21,SunPower X21,8.71,335.0,0.0006399999999999995
10452,-0.0045,fleet_default,cec_xsi_median,0,Unknown,N/A,N/A,11.55,275.0,0.0
10453,-0.0045,fleet_default,cec_xsi_median,0,Unknown,N/A,N/A,7.56,280.0,0.0
10455,-0.00424,cec_module,CS6P260P,4,multi-Si,Canadian Solar,cs6p-260p,7.8,260.0,0.0002599999999999998
10456,-0.00424,cec_module,CS6P260P,4,multi-Si,Canadian Solar,cs6p-260p,6.5,260.0,0.0002599999999999998
10457,-0.0043,cec_manufacturer,SOLARWORLD,89,Unknown,Solarworld,Solarworld,4.76,280.0,0.00019999999999999966
10458,-0.0040999999999999995,cec_module,LG300N1CB3,1,n-PERT,LG300 N1C-B3,LG300 N1C-B3,5.4,300.0,0.0004000000000000002
10460,-0.004429,cec_manufacturer,MITSUBISHI,49,Unknown,Mitsubishi,Mitsubishi,7.015,305.0,7.099999999999988e-05
10461,-0.00437,cec_module,SUNIVAOPT2806041B0,1,mono-Si,Suniva OPT-280-60-4-1B0,Suniva OPT-280-60-4-1B0,5.88,280.0,0.0001299999999999999
10462,-0.00424,cec_module,CS6P260P,4,multi-Si,Canadian Solar,cs6p-260p,3.12,260.0,0.0002599999999999998
10463,-0.0038,cec_module,LG315N1CG4,1,n-PERT,LG315N1C-G4 + SE P320 Optmzrs,LG315N1C-G4 + SE P320 Optmzrs,5.355,315.0,0.0006999999999999997
10464,-0.00424,cec_module,CS6P260P,4,multi-Si,Canadian Solar,cs6p-260p,6.24,260.0,0.0002599999999999998
10465,-0.00424,cec_module,CS6P260P,4,multi-Si,Canadian Solar,cs6p-260p,8.06,260.00000000000006,0.0002599999999999998
10466,-0.00431,cec_module,SW285,3,mono-Si,Solar World SW285 Plus,Solar World SW285 Plus,5.7,285.0,0.00019000000000000006
10467,-0.005917,cec_module,SW280,5,mono-Si,SolarWorld,SW280 Mono Black,5.04,280.0,-0.0014170000000000007
10468,-0.005917,cec_module,SW280,5,Unknown,SolarWorld SW280,SolarWorld SW280,13.44,280.0,-0.0014170000000000007
10472,-0.00424,cec_module,CS6P260P,4,multi-Si,Canadian Solar,cs6p-260p,6.5,260.0,0.0002599999999999998
10473,-0.004673500000000001,cec_manufacturer,KYOCERA,160,Unknown,Kyocera,Kyocera,5.3,265.0,-0.0001735000000000009
10474,-0.00454,cec_module,PS250P,5,multi-Si,Phono PS250P,Phono PS250P,5.5,250.0,-4.0000000000000105e-05
10475,-0.0039000000000000003,cec_manufacturer,LG,371,Unknown,LG,LG,3.965,305.0,0.0005999999999999994
10476,-0.00423,cec_module,SUNIVAOPT2756041B0,1,mono-Si,Suniva OPT275-60-4-1B0,Suniva OPT275-60-4-1B0,4.95,275.0,0.0002699999999999994
10477,-0.0039000000000000003,cec_manufacturer,LG,371,Unknown,LG,LG,9.0,300.0,0.0005999999999999994
10478,-0.00424,cec_module,CS6P260P,4,multi-Si,Canadian Solar,cs6p-260p,5.98,260.0,0.0002599999999999998
10479,-0.004586,cec_module,YL255P29B,1,Unknown,Yingli Solar - YL255P-29b,Yingli Solar - YL255P-29b,7.14,255.0,-8.600000000000014e-05
10480,-0.00424,cec_module,CS6P260P,4,multi-Si,Canadian Solar,cs6p-260p,3.9,260.0,0.0002599999999999998
10481,-0.00424,cec_module,CS6P260P,4,multi-Si,Canadian Solar,cs6p-260p,4.42,260.0,0.0002599999999999998
10482,-0.00431,cec_module,SW285,3,Unknown,Solar World/ SW285,Solar World/ SW285,6.84,285.0,0.00019000000000000006
10483,-0.004673500000000001,cec_manufacturer,KYOCERA,160,Unknown,Kyocera,Kyocera,9.12,240.0,-0.0001735000000000009
10484,-0.0043,cec_manufacturer,REC,725,Unknown,REC,REC,4.16,260.0,0.00019999999999999966
10485,-0.0036,cec_module,LG300N1KG4,1,n-PERT,LG 300N1K-G4,LG 300N1K-G4,5.7,300.0,0.0008999999999999998
10486,-0.0043,cec_manufacturer,SOLARWORLD,89,Unknown,SolarWorld Plus 280,SolarWorld Plus 280,8.68,280.0,0.00019999999999999966
10487,-0.00451,cec_module,300W,46,Unknown,LG 300W,LG 300W,5.4,300.0,-1.000000000000046e-05
10491,-0.00424,cec_module,CS6P260P,4,multi-Si,Canadian Solar,cs6p-260p,7.28,260.0,0.0002599999999999998
10492,-0.0038,cec_module,LG305N1C,3,n-PERT,LG305N1C,LG305N1C,7.93,305.0,0.0006999999999999997
10493,-0.00424,cec_module,CS6P260P,4,multi-Si,Canadian Solar,cs6p-260p,5.72,260.0,0.0002599999999999998
10494,-0.00424,cec_module,CS6P260P,4,multi-Si,Canadian Solar,cs6p-260p,8.32,260.0,0.0002599999999999998
10495,-0.00424,cec_module,CS6P260P,4,multi-Si,Canadian Solar,cs6p-260p,7.8,260.0,0.0002599999999999998
10498,-0.00424,cec_module,CS6P260P,4,multi-Si,Canadian Solar,cs6p-260p,7.02,260.0,0.0002599999999999998
10499,-0.00424,cec_module,CS6P260P,4,multi-Si,Canadian Solar,cs6p-260p,8.32,260.0,0.0002599999999999998
10500,-0.00424,cec_manufacturer,CANADIANSOLAR,409,Unknown,Canadian Solar,,7.28,260.0,0.0002599999999999998
10501,-0.0045,fleet_default,cec_xsi_median,0,Unknown,Wincacio,Wincacio,5.04,280.0,0.0
10502,-0.004436,cec_module,HISS250MG,2,mono-Si,Hyundai HiS-S250MG,Hyundai HiS-S250MG,5.0,250.0,6.399999999999982e-05
10504,-0.00386,cec_manufacturer,SUNPOWER,190,mono-Si IBC,SunPower X21 345,SunPower X21 345,5.52,345.0,0.0006399999999999995
10505,-0.0039000000000000003,cec_manufacturer,LG,371,n-PERT,LG Neon,LG Neon,10.83,285.0,0.0005999999999999994
10506,-0.0037923699999999998,cec_module,REC275T,21,Unknown,REC 275T,REC 275T,4.675,275.0,0.0007076299999999999
10507,-0.0043,cec_manufacturer,SOLARWORLD,89,Unknown,Solar World 285,Solar World 285,11.4,285.0,0.00019999999999999966
10508,-0.0043,cec_module,LG280S1CG4,1,mono-Si,LG MonoX+ LG280S1C-G4,LG MonoX+ LG280S1C-G4,12.88,280.0,0.00019999999999999966
10509,-0.004692,cec_module,KD255GXLFB2,1,multi-Si,Kyocera / KD255GX-LFB2,Kyocera / KD255GX-LFB2,8.16,255.0,-0.00019200000000000033
10510,-0.00424,cec_module,CS6P260P,4,multi-Si,Canadian Solar,cs6p-260p,8.58,260.0,0.0002599999999999998
10511,-0.0039000000000000003,cec_manufacturer,LG,371,Unknown,LG 305,LG 305,6.71,305.0,0.0005999999999999994
10512,-0.0043,cec_manufacturer,SOLARWORLD,89,Unknown,SolarWorld 280,SolarWorld 280,7.28,280.0,0.00019999999999999966
10513,-0.004975905,cec_module,HISS260RG,2,mono-Si,Hyundai/HiS-S260RG,Hyundai/HiS-S260RG,8.84,260.0,-0.0004759050000000004
10514,-0.0043,cec_module,SUNEDISONSEF270KZC,3,mono-Si,SunEdison / SE-F270KzC,SunEdison / SE-F270KzC,11.88,270.0,0.00019999999999999966
10517,-0.0043,cec_manufacturer,SOLARWORLD,89,Unknown,solarworld,solarworld,7.98,285.0,0.00019999999999999966
10518,-0.004194,cec_module,JC305M24,4,multi-Si,ReneSola JC305M-24/Ab,ReneSola JC305M-24/Ab,6.71,305.0,0.00030599999999999985
10519,-0.00424,cec_module,CS6P260P,4,multi-Si,Canadian Solar,cs6p-260p,7.28,260.0,0.0002599999999999998
10520,-0.00424,cec_module,CS6P260P,4,multi-Si,Canadian Solar,cs6p-260p,4.16,260.0,0.0002599999999999998
10521,-0.00386,cec_manufacturer,SUNPOWER,190,mono-Si IBC,SunPower E20/327,SunPower E20/327,3.27,327.0,0.0006399999999999995
10522,-0.0043,cec_manufacturer,SOLARWORLD,89,Unknown,SolarWorld 280,SolarWorld 280,6.72,280.0,0.00019999999999999966
10523,-0.0046,cec_manufacturer,SUNEDISON,659,Unknown,SunEdison / 270,SunEdison / 270,8.37,270.0,-0.00010000000000000026
10524,-0.004565,cec_module,SW315,2,Unknown,SolarWorld SW315,SolarWorld SW315,10.08,315.0,-6.499999999999995e-05
10526,-0.00386,cec_manufacturer,SUNPOWER,190,Unknown,SunPower,Sunpower,10.72,335.0,0.0006399999999999995
10527,-0.0044800000000000005,cec_module,SUNIVAOPT260604100,1,mono-Si,Suniva OPT260-60-4-100,Suniva OPT260-60-4-100,3.9,260.0,1.9999999999999185e-05
10528,-0.004472,cec_manufacturer,SUNIVA,150,Unknown,Suniva,Suniva,11.0,275.0,2.799999999999938e-05
10529,-0.0039000000000000003,cec_manufacturer,LG,371,n-PERT,LG NeON 2 Mono Black Modules,LG NeON 2 Mono Black Modules,6.3,300.0,0.0005999999999999994
10530,-0.0038,cec_module,LG315N1CG4,1,n-PERT,LG315N1C-G4,LG315N1C-G4,5.67,315.0,0.0006999999999999997
10531,-0.0044,cec_module,SUNEDISONSEF270K,5,mono-Si,SunEdison /SE-F270K,SunEdison /SE-F270K,5.4,270.0,9.99999999999994e-05
10532,-0.00424,cec_module,CS6P250P,6,multi-Si,Canadian Solar,cs6p-250p,8.75,250.0,0.0002599999999999998
10533,-0.00424,cec_module,CS6P260P,4,multi-Si,Canadian Solar,cs6p-260p,14.04,260.0,0.0002599999999999998
10534,-0.00424,cec_module,CS6P255P,5,multi-Si,Canadian solar CS6P-255P,Canadian solar CS6P-255P,3.06,255.0,0.0002599999999999998
10535,-0.00452,cec_module,285W,46,Unknown,SolarWorld 285w,SolarWorld 285w,6.84,285.0,-2.0000000000000052e-05
10536,-0.0039000000000000003,cec_manufacturer,LG,371,Unknown,LG,LG,10.54,310.0,0.0005999999999999994
10537,-0.0043,cec_manufacturer,SOLARWORLD,89,Unknown,SolarWorld,SolarWorld,11.76,280.0,0.00019999999999999966
10538,-0.00424,cec_manufacturer,CANADIANSOLAR,409,Unknown,Canadian Solar,,10.14,260.0,0.0002599999999999998
10539,-0.0039000000000000003,cec_manufacturer,LG,371,n-PERT,LG / LG280NC1,LG / LG280NC1,5.04,280.0,0.0005999999999999994
10540,-0.0043,cec_manufacturer,SOLARWORLD,89,mono-Si,Solarworld mono 260,Solarworld mono 260,7.02,260.0,0.00019999999999999966
10541,-0.00424,cec_module,CS6P260P,4,multi-Si,Canadian Solar,cs6p-260p,8.32,260.0,0.0002599999999999998
10542,-0.0038,cec_module,LG315N1WG4,1,n-PERT,LG315N1W-G4,LG315N1W-G4,5.355,315.0,0.0006999999999999997
10543,-0.0045,fleet_default,cec_xsi_median,0,Unknown,Hanwah 245,Hanwah 245,7.5,250.0,0.0
10544,-0.0043,cec_module,LG280N1CG3,1,n-PERT,LG LG280N1C-G3,LG LG280N1C-G3,10.92,280.0,0.00019999999999999966
10545,-0.00424,cec_manufacturer,CANADIANSOLAR,409,Unknown,Canadian Solar,,8.75,250.0,0.0002599999999999998
10546,-0.0045,fleet_default,cec_xsi_median,0,Unknown,Canadian,Canadian,10.08,280.0,0.0
10548,-0.0043,cec_manufacturer,SOLARWORLD,89,Unknown,Solar World,Solar World,5.98,260.0,0.00019999999999999966
10550,-0.0046489999999999995,cec_manufacturer,HYUNDAI,273,Unknown,Hyundai,Hyundai,8.75,250.0,-0.00014899999999999983
10551,-0.0039000000000000003,cec_manufacturer,LG,371,Unknown,LG 305,LG 305,9.76,305.0,0.0005999999999999994
10553,-0.0044,cec_module,F270,20,Unknown,SunEdison / F270,SunEdison / F270,4.32,270.0,9.99999999999994e-05
10554,-0.004577,cec_module,AXITECAC270P15660S,1,multi-Si,Axitec AC-270P/156-60S,Axitec AC-270P/156-60S,7.29,270.0,-7.700000000000068e-05
10555,-0.0045000000000000005,cec_technology,Mono-c-Si,9725,mono-Si,Lumos 285 PV,Lumos 285 PV,10.26,285.0,-8.673617379884035e-19
10556,-0.00386,cec_manufacturer,SUNPOWER,190,mono-Si IBC,SunPower X21 345,SunPower X21 345,10.005,345.0,0.0006399999999999995
10557,-0.00422,cec_module,LG280,13,Unknown,LG280,LG280,4.76,280.0,0.00027999999999999987
10559,-0.0046,cec_manufacturer,SUNEDISON,659,Unknown,SunEdison,SunEdison,8.25,275.0,-0.00010000000000000026
10560,-0.00424,cec_module,CS6P260P,4,multi-Si,Canadian Solar,cs6p-260p,3.12,260.0,0.0002599999999999998
10562,-0.004577,cec_module,AXITECAC270P15660S,1,multi-Si,Axitec AC270-P/156-60S,Axitec AC270-P/156-60S,4.32,270.0,-7.700000000000068e-05
10563,-0.0042485000000000005,cec_module,SUNIVAOPT275,4,mono-Si,Suniva OPT-275,Suniva OPT-275,4.675,275.0,0.0002514999999999991
10564,-0.0046,cec_manufacturer,SUNEDISON,659,Unknown,SunEdison / 270,SunEdison / 270,11.34,270.0,-0.00010000000000000026
10566,-0.00424,cec_module,CS6P260P,4,multi-Si,Canadian Solar,cs6p-260p,10.4,260.0,0.0002599999999999998
10567,-0.00424,cec_module,CS6P260P,4,multi-Si,Canadian Solar,cs6p-260p,5.98,260.0,0.0002599999999999998
10568,-0.00424,cec_module,CS6P260P,4,multi-Si,Canadian Solar,cs6p-260p,5.72,260.0,0.0002599999999999998
10569,-0.0043,cec_module,SW275,4,mono-Si,SolarWorld SW275 Mono,SolarWorld SW275 Mono,7.425,275.0,0.00019999999999999966
10571,-0.0038,cec_module,LG315N1CG4,1,n-PERT,LG 315N1C-G4,LG 315N1C-G4,7.875,315.0,0.0006999999999999997
10572,-0.0039000000000000003,cec_module,LG360N2WB3,1,n-PERT,LG LG360N2WB3,LG LG360N2WB3,9.0,360.0,0.0005999999999999994
10573,-0.00424,cec_module,CS6P265P,3,multi-Si,Canadian Solar,cs6p-265p,7.42,265.0,0.0002599999999999998
10574,-0.005917,cec_module,SW280,5,Unknown,SolarWorld SW280,SolarWorld SW280,12.88,280.0,-0.0014170000000000007
10575,-0.00447851,cec_module,STP25020,4,Unknown,Suntech STP250-20,Suntech STP250-20,4.0,250.0,2.1489999999999877e-05
10576,-0.0046,cec_manufacturer,SUNEDISON,659,Unknown,SunEdison / 270,SunEdison / 270,8.64,270.0,-0.00010000000000000026
10577,-0.0045,fleet_default,cec_xsi_median,0,Unknown,Renesola,Renesola,4.2,300.0,0.0
10578,-0.0046,cec_manufacturer,SUNEDISON,659,Unknown,SunEdison / 270,SunEdison / 270,3.51,270.0,-0.00010000000000000026
10579,-0.0043,cec_manufacturer,SOLARWORLD,89,Unknown,Solar World,Solar World,4.8,320.0,0.00019999999999999966
10580,-0.0046,cec_manufacturer,SUNEDISON,659,Unknown,SunEdison / 270,SunEdison / 270,8.64,270.0,-0.00010000000000000026
10581,-0.00424,cec_module,CS6P260P,4,multi-Si,Canadian Solar,cs6p-260p,3.64,260.0,0.0002599999999999998
10582,-0.00424,cec_module,CS6P265P,3,multi-Si,Canadian Solar,cs6p-265p,3.975,265.0,0.0002599999999999998
10583,-0.005917,cec_module,SW280,5,Unknown,Solar World/ SW280,Solar World/ SW280,5.04,280.0,-0.0014170000000000007
10584,-0.00396,cec_manufacturer,ITEK,69,mono-Si,itek HE 285,itek HE 285,2.85,285.0,0.0005399999999999997
10585,-0.0046,cec_manufacturer,SUNEDISON,659,Unknown,SunEdison / 270,SunEdison / 270,6.75,270.0,-0.00010000000000000026
10586,-0.0037923699999999998,cec_module,REC275TP,21,multi-Si,REC275TP,REC275TP,5.5,275.0,0.0007076299999999999
10587,-0.0039000000000000003,cec_manufacturer,LG,371,Unknown,LG 315,LG 315,8.82,315.0,0.0005999999999999994
10588,-0.0046,cec_manufacturer,SUNEDISON,659,Unknown,SunEdison / 270,SunEdison / 270,6.75,270.0,-0.00010000000000000026
10589,-0.005917,cec_module,SW280,5,mono-Si,Solarworld SW280 Mono Black,Solarworld SW280 Mono Black,6.16,280.0,-0.0014170000000000007
10590,-0.0039000000000000003,cec_manufacturer,LG,371,Unknown,LG,LG,11.025,315.0,0.0005999999999999994
10591,-0.0046,cec_manufacturer,SUNEDISON,659,Unknown,SunEdison / 270,SunEdison / 270,3.78,270.0,-0.00010000000000000026
10592,-0.005917,cec_module,SW280,5,Unknown,SolarWorld / SW280,SolarWorld / SW280,11.2,280.0,-0.0014170000000000007
10593,-0.00424,cec_module,CS6P265P,3,multi-Si,Canadian Solar,cs6p-265p,3.18,265.0,0.0002599999999999998
10594,-0.0046,cec_manufacturer,SUNEDISON,659,Unknown,SunEdison / 270,SunEdison / 270,8.37,270.0,-0.00010000000000000026
10595,-0.0043441650000000005,cec_module,HISS280RG,2,mono-Si,Hyundai HIS-S280RG,Hyundai HIS-S280RG,14.0,280.0,0.00015583499999999913
10596,-0.0046,cec_manufacturer,SUNEDISON,659,Unknown,SunEdison / 270,SunEdison / 270,3.51,270.0,-0.00010000000000000026
10597,-0.00386,cec_manufacturer,SUNPOWER,190,Unknown,SunPower,Sunpower,6.21,345.0,0.0006399999999999995
10598,-0.0045,fleet_default,cec_xsi_median,0,Unknown,Chaori,,10.08,280.0,0.0
10599,-0.0038,cec_module,LG310,11,Unknown,LG310,LG310,8.99,310.0,0.0006999999999999997
10601,-0.0043,cec_manufacturer,SOLARWORLD,89,Unknown,Solar World,Solar World,3.92,280.0,0.00019999999999999966
10602,-0.0038,cec_module,LG315N1CG4,1,n-PERT,LG315N1C-G4,LG315N1C-G4,2.52,315.0,0.0006999999999999997
10604,-0.0039000000000000003,cec_manufacturer,LG,371,Unknown,LG,LG,10.71,315.0,0.0005999999999999994
10607,-0.00431,cec_module,SW285,3,Unknown,SolarWorld / SW285,SolarWorld / SW285,8.265,285.0,0.00019000000000000006
10608,-0.00456,cec_manufacturer,SILIKEN,146,Unknown,Siliken,Siliken,2.76,230.0,-6.000000000000016e-05
10609,-0.0038,cec_module,LG320N1CG4,1,n-PERT,LG320N1C-G4,LG320N1C-G4,8.32,320.0,0.0006999999999999997
10611,-0.0045,fleet_default,cec_xsi_median,0,Unknown,Silcon Energy,Silcon Energy,9.9,275.0,0.0
10614,-0.00424,cec_module,CS6P265P,3,multi-Si,Canadian Solar,cs6p-265p,2.65,265.0,0.0002599999999999998
10616,-0.0038,cec_module,LG315N1CG4,1,n-PERT,LG  LG315N1C-G4,LG  LG315N1C-G4,5.88,280.0,0.0006999999999999997
10617,-0.00424,cec_module,CS6P265P,3,multi-Si,Canadian Solar,cs6p-265p,7.685,265.0,0.0002599999999999998
10618,-0.0045,fleet_default,cec_xsi_median,0,Unknown,Canadain Solar,Canadain Solar,10.08,315.0,0.0
10619,-0.00424,cec_module,CS6P260P,4,multi-Si,Canadian Solar,cs6p-260p,5.98,260.0,0.0002599999999999998
10621,-0.00424,cec_module,CS6P260P,4,multi-Si,Canadian Solar,cs6p-260p,10.92,260.0,0.0002599999999999998
10622,-0.0043,cec_manufacturer,SOLARWORLD,89,Unknown,Solarworld,Solarworld,2.5,250.0,0.00019999999999999966
10623,-0.0039000000000000003,cec_manufacturer,LG,371,Unknown,LG / 310,LG / 310,4.65,310.0,0.0005999999999999994
10624,-0.00424,cec_module,CS6P260P,4,multi-Si,Canadian Solar,cs6p-260p,3.38,260.0,0.0002599999999999998
10625,-0.0043,cec_manufacturer,SOLARWORLD,89,Unknown,Solarworld Sunmodule 285,Solarworld Sunmodule 285,9.405,285.0,0.00019999999999999966
10626,-0.004472,cec_manufacturer,SUNIVA,150,Unknown,Suniva,Suniva,8.265,285.0,2.799999999999938e-05
10627,-0.00423,cec_module,SUNIVAOPT280604100,1,mono-Si,Suniva OPT280-60-4-100,Suniva OPT280-60-4-100,11.2,280.0,0.0002699999999999994
10628,-0.0046,cec_manufacturer,SUNEDISON,659,Unknown,SunEdison / 270,SunEdison / 270,4.05,270.0,-0.00010000000000000026
10629,-0.005917,cec_module,SW280,5,Unknown,Solar World/SW280,Solar World/SW280,3.92,280.0,-0.0014170000000000007
10630,-0.004239,cec_module,CS6K275M,4,mono-Si,Canadian Solar,cs6k-275m,9.625,275.0,0.00026099999999999995
10631,-0.00424,cec_module,CS6P265P,3,multi-Si,Canadian Solar,cs6p-265p,4.24,265.0,0.0002599999999999998
10633,-0.00386,cec_manufacturer,SUNPOWER,190,mono-Si IBC,SunPower X21 335 Blk,SunPower X21 335 Blk,5.025,335.0,0.0006399999999999995
10634,-0.00424,cec_module,CS6P265P,3,multi-Si,Canadian Solar,cs6p-265p,4.24,265.0,0.0002599999999999998
10636,-0.0043690000000000005,cec_module,CHSM6610P260,1,multi-Si,Astronergy CHSM6610P-260,Astronergy CHSM6610P-260,8.32,260.0,0.00013099999999999917
10637,-0.00386,cec_manufacturer,SUNPOWER,190,mono-Si IBC,SUNPOWER E20 327,SUNPOWER E20 327,11.772,327.0,0.0006399999999999995
10639,-0.00424,cec_module,CS6P260P,4,multi-Si,Canadian Solar,cs6p-260p,5.2,260.0,0.0002599999999999998
10640,-0.0045,fleet_default,cec_xsi_median,0,Unknown,Winaico,Winaico,10.85,310.0,0.0
10641,-0.00424,cec_module,CS6P265P,3,multi-Si,Canadian Solar,cs6p-265p,5.3,265.0,0.0002599999999999998
10642,-0.0046,cec_manufacturer,SUNEDISON,659,Unknown,SunEdison / 270,SunEdison / 270,4.86,270.0,-0.00010000000000000026
10643,-0.00424,cec_module,CS6P265P,3,multi-Si,Canadian Solar,cs6p-265p,7.685,265.0,0.0002599999999999998
10644,-0.0045000000000000005,cec_manufacturer,TRINA,970,multi-Si,Trina Solar/ TSM-PA05.08-260,Trina Solar/ TSM-PA05.08-260,3.38,260.0,-8.673617379884035e-19
10645,-0.005917,cec_module,SW280,5,Unknown,Solar World/SW280,Solar World/SW280,4.2,280.0,-0.0014170000000000007
10647,-0.00424,cec_module,CS6P265P,3,multi-Si,Canadian Solar,cs6p-265p,6.095,265.0,0.0002599999999999998
10649,-0.00422,cec_module,LG280,13,Unknown,LG280,LG280,7.56,280.0,0.00027999999999999987
10650,-0.0036,cec_module,LG300N1KG4,1,n-PERT,LG300N1K-G4,LG300N1K-G4,10.8,300.0,0.0008999999999999998
10651,-0.0046500000000000005,cec_module,SUNIVAOPT32072,1,mono-Si,Suniva OPT320-72,Suniva OPT320-72,3.2,320.0,-0.00015000000000000083
10652,-0.0036,cec_module,LG300N1KG4,1,n-PERT,LG Solar LG300N1K-G4,LG Solar LG300N1K-G4,4.8,300.0,0.0008999999999999998
10653,-0.0038,cec_module,LG315N1CG4,1,n-PERT,LG 315N1C-G4,LG 315N1C-G4,8.505,315.0,0.0006999999999999997
10654,-0.0043,cec_manufacturer,SOLARWORLD,89,Unknown,SolarWorld,SolarWorld,6.3,315.0,0.00019999999999999966
10655,-0.00424,cec_module,CS6P265P,3,multi-Si,Canadian Solar,cs6p-265p,8.48,265.0,0.0002599999999999998
10656,-0.005917,cec_module,SW280,5,Unknown,Solar World/SW280,Solar World/SW280,5.32,280.0,-0.0014170000000000007
10657,-0.0045,fleet_default,cec_xsi_median,0,Unknown,CSUN,,14.64,305.0,0.0
10658,-0.0046,cec_manufacturer,SUNEDISON,659,Unknown,SunEdison / 270,SunEdison / 270,5.13,270.0,-0.00010000000000000026
10659,-0.004450000000000001,cec_module,SUNIVAOPT2706041,2,mono-Si,Suniva OPT-270-60-4-1,Suniva OPT-270-60-4-1,14.04,270.0,4.999999999999883e-05
10660,-0.00424,cec_module,CS6P265P,3,multi-Si,Canadian Solar,cs6p-265p,10.865,265.0,0.0002599999999999998
10661,-0.0038,cec_module,LG315N1CG4,1,n-PERT,LG315N1c-G4,LG315N1c-G4,5.67,315.0,0.0006999999999999997
10662,-0.0044,cec_module,QPROBFRG3260,1,multi-Si,Q.PRO BFR-G3 260,Q.PRO BFR-G3 260,9.88,260.0,9.99999999999994e-05
10664,-0.0043,cec_manufacturer,SOLARWORLD,89,mono-Si,Solarworld SW 280 Mono Black,Solarworld SW 280 Mono Black,8.4,280.0,0.00019999999999999966
10665,-0.0043,cec_module,LG285S1CG4,1,mono-Si,LG 285 Mono X Plus LG285S1C-G4,LG 285 Mono X Plus LG285S1C-G4,3.42,285.0,0.00019999999999999966
10666,-0.0038,cec_module,LG305N1CG4,1,n-PERT,LG NeON2 LG305N1C-G4,LG NeON2 LG305N1C-G4,6.71,305.0,0.0006999999999999997
10667,-0.0038,cec_module,LG320N1CG4,1,n-PERT,LG Neon2 LG320N1C-G4,LG Neon2 LG320N1C-G4,9.92,320.0,0.0006999999999999997
10668,-0.004472,cec_manufacturer,SUNIVA,150,mono-Si,Suniva Optimus,Suniva Optimus,6.72,280.0,2.799999999999938e-05
10669,-0.00386,cec_module,E20327COM,3,mono-Si IBC,SunPower E20-327-COM,SunPower E20-327-COM,13.08,327.0,0.0006399999999999995
10671,-0.0045,fleet_default,cec_xsi_median,0,Unknown,SunModule,SunModule,4.48,280.0,0.0
10673,-0.0038,cec_module,LG315N1CG4,1,n-PERT,LG315N1C-G4,LG315N1C-G4,6.615,315.0,0.0006999999999999997
10674,-0.00424,cec_module,CS6P265P,3,multi-Si,Canadian Solar,cs6p-265p,3.18,265.0,0.0002599999999999998
10675,-0.0043,cec_manufacturer,SOLARWORLD,89,Unknown,SolarWorld,SolarWorld,6.72,280.0,0.00019999999999999966
10676,-0.004614999999999999,cec_module,SW290,2,Unknown,solar world  sw290,solar world  sw290,13.92,290.0,-0.00011499999999999965
10678,-0.0039000000000000003,cec_manufacturer,LG,371,n-PERT,LG NeON 315,LG NeON 315,10.71,315.0,0.0005999999999999994
10680,-0.0043,cec_manufacturer,SOLARWORLD,89,mono-Si,Solarworld Sunmodule Plus 280,Solarworld Sunmodule Plus 280,8.96,280.0,0.00019999999999999966
10681,-0.004708,cec_module,KU2656MCA,1,multi-Si,Kyocera KU265-6MCA,Kyocera KU265-6MCA,11.66,265.0,-0.00020800000000000072
10682,-0.00424,cec_module,CS6P265P,3,multi-Si,Canadian Solar,cs6p-265p,1.855,265.0,0.0002599999999999998
10683,-0.0039000000000000003,cec_manufacturer,LG,371,Unknown,LG / 300,LG / 300,3.6,300.0,0.0005999999999999994
10684,-0.00453,cec_module,SUNIVAOPT2856041B0,1,mono-Si,Suniva OPT285-60-4-1B0,Suniva OPT285-60-4-1B0,11.4,285.0,-3.0000000000000512e-05
10686,-0.00386,cec_module,E20327,7,mono-Si IBC,SunPower E20-327,SunPower E20-327,11.118,327.0,0.0006399999999999995
10689,-0.004472,cec_manufacturer,SUNIVA,150,Unknown,Suniva,suniva,10.64,280.0,2.799999999999938e-05
10690,-0.0039000000000000003,cec_manufacturer,LG,371,Unknown,LG 320,LG 320,11.52,320.0,0.0005999999999999994
10692,-0.0046,cec_manufacturer,SUNEDISON,659,Unknown,SunEdison / 270,SunEdison / 270,5.67,270.0,-0.00010000000000000026
10693,-0.0039000000000000003,cec_manufacturer,LG,371,Unknown,LG,LG,9.6,300.0,0.0005999999999999994
10694,-0.004472,cec_manufacturer,SUNIVA,150,Unknown,Suniva,Suniva,8.04,334.99999999999994,2.799999999999938e-05
10695,-0.0038,cec_module,LG320N1CG4,1,n-PERT,LG320N1C-G4,LG320N1C-G4,12.48,320.0,0.0006999999999999997
10696,-0.00458,cec_manufacturer,HANWHA,1332,Unknown,Hanwha,Unknown,14.31,265.0,-8.000000000000021e-05
10697,-0.0038,cec_module,LG315N1CG4,1,n-PERT,LG LG315N1C-G4,LG LG315N1C-G4,5.355,315.0,0.0006999999999999997
10699,-0.00424,cec_module,CS6P265P,3,multi-Si,Canadian Solar,cs6p-265p,8.48,265.0,0.0002599999999999998
10700,-0.00424,cec_module,CS6P260P,4,multi-Si,Canadian Solar,cs6p-260p,4.16,260.0,0.0002599999999999998
10701,-0.003509,cec_module,X22360,5,mono-Si IBC,Sunpower X22-360,Sunpower X22-360,12.6,360.0,0.0009909999999999997
10703,-0.0038,cec_module,LG320N1CG4,1,n-PERT,LG LG320N1C-G4 LG,LG LG320N1C-G4 LG,5.76,320.0,0.0006999999999999997
10706,-0.005917,cec_module,SW280,5,Unknown,Solar World/SW280,Solar World/SW280,3.92,280.0,-0.0014170000000000007
10707,-0.0044800000000000005,cec_module,SUNIVAOPT335724100,1,mono-Si,Suniva OPT335-72-4-100,Suniva OPT335-72-4-100,12.06,335.0,1.9999999999999185e-05
10709,-0.00424,cec_module,CS6P265P,3,multi-Si,Canadian Solar,cs6p-265p,11.66,265.0,0.0002599999999999998
10710,-0.00424,cec_module,CS6P265P,3,multi-Si,Canadian Solar,cs6p-265p,5.83,265.0,0.0002599999999999998
10711,-0.00424,cec_module,CS6P265P,3,multi-Si,Canadian Solar,cs6p-265p,2.915,265.0,0.0002599999999999998
10712,-0.0046,cec_manufacturer,SUNEDISON,659,Unknown,SunEdison / 270,SunEdison / 270,6.21,270.0,-0.00010000000000000026
10713,-0.0047,cec_module,KD260,4,multi-Si,Kyocera KD260,Kyocera KD260,14.04,260.0,-0.00020000000000000052
10716,-0.00425,cec_module,RECSOLARREC250,25,Unknown,Rec Solar REC 250,Rec Solar REC 250,6.5,250.0,0.00024999999999999935
10717,-0.00424,cec_module,CS6P265P,3,multi-Si,Canadian Solar,cs6p-265p,8.48,265.0,0.0002599999999999998
10718,-0.00424,cec_module,CS6P265P,3,multi-Si,Canadian Solar,cs6p-265p,5.565,265.0,0.0002599999999999998
10720,-0.0036,cec_module,LG300N1KG4,1,n-PERT,LG LG300N1K-G4,LG LG300N1K-G4,6.0,300.0,0.0008999999999999998
10722,-0.004479,cec_module,SG270,6,multi-Si,Piemar / SG270,Piemar / SG270,6.48,270.0,2.0999999999999318e-05
10723,-0.00434,cec_module,CS6K270M,3,mono-Si,Canadian Solar,cs6k-270m,8.64,270.0,0.00015999999999999955
10724,-0.0031,cec_module,SUNPOWERSPRX21345,5,mono-Si IBC,SunPower SPR-X21-345,SunPower SPR-X21-345,5.175,345.0,0.0013999999999999998
10726,-0.0038,cec_module,LG320N1CG4,1,n-PERT,LG320N1C-G4 LG,LG320N1C-G4 LG,8.32,320.0,0.0006999999999999997
10727,-0.004708,cec_module,KU2656ZPA,1,multi-Si,Kyocera KU265-6ZPA,Kyocera KU265-6ZPA,11.13,265.0,-0.00020800000000000072
10728,-0.0039000000000000003,cec_manufacturer,LG,371,Unknown,LG,LG,11.34,315.0,0.0005999999999999994
10730,-0.00424,cec_manufacturer,CANADIANSOLAR,409,multi-Si,Canadian Solar-CS6X,Canadian Solar-CS6X,9.6,320.0,0.0002599999999999998
10731,-0.0046,cec_manufacturer,SUNEDISON,659,Unknown,SunEdison / 270,SunEdison / 270,7.02,270.0,-0.00010000000000000026
10732,-0.004401,cec_module,SUNIVAOPT28560,4,mono-Si,Suniva/ OPT285-60,Suniva/ OPT285-60,3.42,285.0,9.899999999999926e-05
10733,-0.004,cec_module,BFRG41,7,multi-Si,Hanwha Q.Plus BFR-G4.1 280,Hanwha Q.Plus BFR-G4.1 280,10.08,280.0,0.0004999999999999996
10734,-0.0039000000000000003,cec_manufacturer,LG,371,Unknown,LG,LG,5.67,315.0,0.0005999999999999994
10735,-0.005917,cec_module,SW280,5,Unknown,Solar World/SW280,Solar World/SW280,4.2,280.0,-0.0014170000000000007
10736,-0.0039000000000000003,cec_manufacturer,LG,371,Unknown,LG / 275,LG / 275,10.725,275.0,0.0005999999999999994
10737,-0.00462,cec_module,PEIMARSG270,3,multi-Si,Peimar / SG270,Peimar / SG270,8.1,270.0,-0.00012000000000000031
10738,-0.0045000000000000005,cec_module,TSM255PA0508,1,multi-Si,Trina / TSM-255PA05.08,Trina / TSM-255PA05.08,7.65,255.0,-8.673617379884035e-19
10742,-0.00424,cec_manufacturer,CANADIANSOLAR,409,multi-Si,Canadian Solar,cs6k-325p,9.1,325.0,0.0002599999999999998
10743,-0.00451,cec_module,S270,66,Unknown,Peimar / S270,Peimar / S270,5.67,270.0,-1.000000000000046e-05
10744,-0.0046,cec_manufacturer,SUNEDISON,659,Unknown,SunEdison / 270,SunEdison / 270,9.45,270.0,-0.00010000000000000026
10745,-0.00431,cec_module,SW285,3,Unknown,Solar World/SW285,Solar World/SW285,3.42,285.0,0.00019000000000000006
10746,-0.0043,cec_manufacturer,SOLARWORLD,89,mono-Si,SolarWorld 280 Mono/Black,SolarWorld 280 Mono/Black,8.68,280.0,0.00019999999999999966
10747,-0.0039000000000000003,cec_manufacturer,LG,371,Unknown,LG,LG,6.72,320.0,0.0005999999999999994
10749,-0.0040999999999999995,cec_manufacturer,SILFAB,72,mono-Si,Silfab SLA-M 300,Silfab SLA-M 300,10.5,300.0,0.0004000000000000002
10753,-0.00366,cec_module,LG320N1C,4,n-PERT,LG320N1C,LG320N1C,7.68,320.0,0.0008399999999999996
10756,-0.00424,cec_module,CS6P265P,3,multi-Si,Canadian Solar,cs6p-265p,1.855,265.0,0.0002599999999999998
10757,-0.0044800000000000005,cec_module,WXS250P,2,Unknown,WXS250P Wanxiang,WXS250P Wanxiang,5.5,250.0,1.9999999999999185e-05
10758,-0.005917,cec_module,SW280,5,Unknown,SolarWorld / SW280,SolarWorld / SW280,7.84,280.0,-0.0014170000000000007
10759,-0.0045,fleet_default,cec_xsi_median,0,Unknown,Hanwah QCell - 275,Hanwah QCell - 275,3.3,275.0,0.0
10760,-0.00458,cec_manufacturer,QCELLS,1372,Unknown,Q Cells,Q Cells,5.3,265.0,-8.000000000000021e-05
10764,-0.0039000000000000003,cec_manufacturer,LG,371,Unknown,LG,LG,6.7,335.0,0.0005999999999999994
10767,-0.00451,cec_module,300W,46,Unknown,LG 300W,LG 300W,4.8,300.0,-1.000000000000046e-05
10770,-0.0045,fleet_default,cec_xsi_median,0,Unknown,Canadian / 280,Canadian / 280,3.36,280.0,0.0
10773,-0.004614999999999999,cec_module,SW290,2,Unknown,SolarWorld / SW290,SolarWorld / SW290,8.7,290.0,-0.00011499999999999965
10774,-0.0036,cec_module,LG305N1KG4,1,n-PERT,LG305N1K-G4,LG305N1K-G4,5.49,305.0,0.0008999999999999998
10775,-0.00424,cec_manufacturer,CANADIANSOLAR,409,multi-Si,Canadian Solar,cs6p-280p,7.0,280.0,0.0002599999999999998
10779,-0.0038,cec_module,LG320N1CG4,1,n-PERT,LG320N1C-G4 LG,LG320N1C-G4 LG,4.48,320.0,0.0006999999999999997
10780,-0.0045,fleet_default,cec_xsi_median,0,Unknown,N/A,N/A,5.415,285.0,0.0
10781,-0.00365,cec_module,LG315,12,Unknown,LG315,LG315,13.86,315.0,0.0008499999999999996
10782,-0.0043,cec_manufacturer,SOLARWORLD,89,mono-Si,Solarworld 280 Mono,Solarworld 280 Mono,4.48,280.0,0.00019999999999999966
10791,-0.0040999999999999995,cec_manufacturer,SILFAB,72,Unknown,SilFab,SilFab,14.4,300.0,0.0004000000000000002
10793,-0.00431,cec_module,SW285,3,Unknown,SolarWorld/SW285,SolarWorld/SW285,7.41,285.0,0.00019000000000000006
10794,-0.0043,cec_manufacturer,SOLARWORLD,89,Unknown,Solarworld,Solarworld,6.9,300.0,0.00019999999999999966
10796,-0.0039000000000000003,cec_manufacturer,LG,371,Unknown,LG,LG,9.3,300.0,0.0005999999999999994
10797,-0.0038,cec_module,LG320N1CG4,1,n-PERT,LG LG320NIC-G4,LG LG320N1C-G4,5.76,320.0,0.0006999999999999997
10800,-0.0031,cec_manufacturer,PANASONIC,131,Unknown,Panasonic / 325,Panasonic / 325,5.2,325.0,0.0013999999999999998
10802,-0.00365,cec_module,LG315,12,Unknown,LG315,LG315,12.6,315.0,0.0008499999999999996
10803,-0.004239,cec_module,CS6K275M,4,mono-Si,Canadian Solar,cs6k-275m,2.75,275.0,0.00026099999999999995
10804,-0.0046,cec_manufacturer,SUNEDISON,659,Unknown,SunEdison / 270,SunEdison / 270,5.67,270.0,-0.00010000000000000026
10805,-0.0031,cec_manufacturer,PANASONIC,131,Unknown,Panasonic / 325,Panasonic / 325,7.475,325.0,0.0013999999999999998
10806,-0.0031,cec_module,X21345,5,mono-Si IBC,SunPower X21-345,SunPower X21-345,10.35,345.0,0.0013999999999999998
10809,-0.004472,cec_manufacturer,SUNIVA,150,mono-Si,Suniva,OPTIMUS OPT275-60-4-1BO Suniva,2.475,275.0,2.799999999999938e-05
10811,-0.0046,cec_manufacturer,SUNEDISON,659,mono-Si,SunEdison Silvantes,SunEdison Silvantes,7.56,270.0,-0.00010000000000000026
10814,-0.004156,cec_module,CS6P270,4,multi-Si,Canadian Solar / CS6P-270,Canadian Solar / CS6P-270,11.07,270.0,0.0003439999999999997
10815,-0.004239,cec_module,CS6K275M,4,mono-Si,Canadian Solar,cs6k-275m,7.975,275.0,0.00026099999999999995
10816,-0.0043,cec_manufacturer,SOLARWORLD,89,Unknown,SolarWorld,SolarWorld,6.9,345.0,0.00019999999999999966
10817,-0.0039000000000000003,cec_manufacturer,LG,371,Unknown,lg,lg,6.08,320.0,0.0005999999999999994
10819,-0.0045,fleet_default,cec_xsi_median,0,Unknown,Kinect Energy/Neptune320W,Kinect Energy/Neptune320W,9.6,320.0,0.0
10821,-0.004515,cec_technology,Multi-c-Si,11221,multi-Si,Qcell Plus G4.1,Qcell Plus G4.1,3.36,280.0,-1.5000000000000256e-05
10822,-0.0043,cec_manufacturer,SOLARWORLD,89,mono-Si,SolarWorld,PV Module: Sunmodule Plus SW,5.415,285.0,0.00019999999999999966
10823,-0.00458,cec_manufacturer,HANWHA,1332,Unknown,Hanwha Cell / 275,Hanwha Cell / 275,13.75,275.0,-8.000000000000021e-05
10824,-0.004239,cec_module,CS6K275M,4,mono-Si,Canadian Solar,cs6k-275m,7.425,275.0,0.00026099999999999995
10825,-0.0039000000000000003,cec_manufacturer,LG,371,Unknown,LG,LG,3.99,285.0,0.0005999999999999994
10826,-0.0043,cec_manufacturer,SOLARWORLD,89,Unknown,SolarWorld,SolarWorld,10.2,340.0,0.00019999999999999966
10827,-0.00431,cec_module,SW285,3,mono-Si,SolarWorld SunmodulePlus SW285,SolarWorld SunmodulePlus SW285,4.56,285.0,0.00019000000000000006
10829,-0.0045,fleet_default,cec_xsi_median,0,Unknown,N/A,N/A,4.709,277.0,0.0
10830,-0.0044277,cec_module,PEIMARSG320P,2,multi-Si,PEIMAR SG320P,PEIMAR SG320P,10.24,320.0,7.229999999999997e-05
10831,-0.0040999999999999995,cec_manufacturer,SILFAB,72,mono-Si,Silfab SLG300M,Silfab SLG300M,12.3,300.0,0.0004000000000000002
10832,-0.0046385,cec_module,315W,22,Unknown,LG 315W,LG 315W,8.82,315.0,-0.0001385000000000006
10834,-0.00458,cec_manufacturer,HANWHA,1332,Unknown,Hanwha,Unknown,6.16,280.0,-8.000000000000021e-05
10835,-0.00442,cec_module,CS6X295M,1,multi-Si,Canadian / CS6X-295M,Canadian / CS6X-295M,10.325,295.0,7.999999999999934e-05
10838,-0.0045,fleet_default,cec_xsi_median,0,Unknown,QCell / 275,QCell / 275,8.25,275.0,0.0
10839,-0.0049984999999999995,cec_module,CS6X275,2,multi-Si,Canadian / CS6X-275,Canadian / CS6X-275,9.35,275.0,-0.0004984999999999998
10840,-0.00486,cec_module,CS6X280,2,multi-Si,Canadian / CS6X-280,Canadian / CS6X-280,7.0,280.0,-0.0003600000000000001
10841,-0.00442,cec_module,CS6X280M,1,multi-Si,Canadian / CS6X-280M,Canadian / CS6X-280M,7.56,280.0,7.999999999999934e-05
10842,-0.0038,cec_module,LG320N1CG4,1,n-PERT,LG 320N1C-G4,LG 320N1C-G4,4.8,320.0,0.0006999999999999997
10843,-0.0045,fleet_default,cec_xsi_median,0,Unknown,Hitashi,Hitashi,10.71,255.0,0.0
10844,-0.0036,cec_module,LG300N1KG4,1,n-PERT,LG NEON2 Black/LG300N1K-G4,LG NEON2 Black/LG300N1K-G4,6.3,300.0,0.0008999999999999998
10847,-0.0043,cec_manufacturer,SOLARWORLD,89,Unknown,Solar World,Solar World,14.79,290.0,0.00019999999999999966
10848,-0.0038,cec_module,LG320N1CG4,1,n-PERT,LG 320 Neon2 LG320N1C-G4,LG 320 Neon2 LG320N1C-G4,8.0,320.0,0.0006999999999999997
10850,-0.004079999999999999,cec_module,QPEAKG4,9,PERC,Hanwha Q.Peak-G4 300,Hanwha Q.Peak-G4 300,4.8,300.0,0.00042000000000000023
10851,-0.0039000000000000003,cec_manufacturer,LG,371,Unknown,Lg,Lg,4.48,320.0,0.0005999999999999994
10854,-0.004199,cec_module,CS6K275,8,mono-Si,Canadian / CS6K-275,Canadian / CS6K-275,5.225,275.0,0.00030100000000000005
10856,-0.0031,cec_module,VBHN330SA16,2,n-SHJ,Panasonic VBHN330SA16,Panasonic VBHN330SA16,12.21,330.0,0.0013999999999999998
10857,-0.004239,cec_module,CS6K275M,4,mono-Si,Canadian / CS6k-275M,Canadian / CS6k-275M,9.075,275.0,0.00026099999999999995
10858,-0.004132,cec_module,CS6K280,6,mono-Si,Canadian / CS6K-280,Canadian / CS6K-280,5.6,280.0,0.0003679999999999994
10860,-0.00458,cec_manufacturer,HANWHA,1332,Unknown,Hanwha QCell / 300,Hanwha QCell / 300,10.2,300.0,-8.000000000000021e-05
10862,-0.004614999999999999,cec_module,SW290,2,mono-Si,Sunmodule Plus SW290 Mono,Sunmodule Plus SW290 Mono,9.57,290.0,-0.00011499999999999965
10864,-0.0038,cec_module,LG315N1CG4,1,n-PERT,LG315N1C-G4,LG315N1C-G4,14.175,315.0,0.0006999999999999997
10865,-0.0031,cec_module,VBHN330SA16,2,n-SHJ,PANASONIC MODEL- VBHN330SA16,PANASONIC MODEL- VBHN330SA16,6.93,330.0,0.0013999999999999998
10866,-0.00434,cec_module,CS6K270M,3,mono-Si,Canadian Solar CS6K-270M,Canadian Solar CS6K-270M,8.1,270.0,0.00015999999999999955
10867,-0.00356,cec_module,LG330N1CA5,1,n-PERT,LG LG330N1C-A5,LG LG330N1C-A5,6.27,330.0,0.0009399999999999999
10869,-0.00386,cec_manufacturer,SUNPOWER,190,mono-Si IBC,Sunpower E20-327W,Sunpower E20-327W,9.81,327.0,0.0006399999999999995
10870,-0.0046489999999999995,cec_manufacturer,HYUNDAI,273,Unknown,Hyundai,Hyundai,5.51,290.0,-0.00014899999999999983
10871,-0.0046489999999999995,cec_manufacturer,HYUNDAI,273,Unknown,Hyundai,Hyundai,7.56,280.0,-0.00014899999999999983
10872,-0.004625000000000001,cec_module,TRINASOLARTSM285DD05A,21,mono-Si,Trina Solar TSM-285DD05A,Trina Solar TSM-285DD05A,6.27,285.0,-0.00012500000000000098
10873,-0.00386,cec_module,SUNPOWERSPRE20327,7,mono-Si IBC,Sunpower SPR-E20-327,Sunpower SPR-E20-327,10.137,327.0,0.0006399999999999995
10874,-0.004318499999999999,cec_module,SUNIVAOPT280,4,mono-Si,Suniva / Opt280,Suniva / Opt280,9.8,280.0,0.00018150000000000024
10879,-0.0037923699999999998,cec_module,REC280TP,21,multi-Si,REC  / REC280TP,REC  / REC280TP,7.56,280.0,0.0007076299999999999
10880,-0.00407,cec_module,JKM280M60,9,multi-Si,Jinko,jkm280m-60,8.96,280.0,0.0004299999999999998
10882,-0.004318499999999999,cec_module,SUNIVAOPT280,4,mono-Si,Suniva / OPT-280,Suniva / OPT-280,3.92,280.0,0.00018150000000000024
10884,-0.0039000000000000003,cec_manufacturer,LG,371,Unknown,LG,LG,6.4,320.0,0.0005999999999999994
10885,-0.0036,cec_module,LG300N1KG4,1,n-PERT,LG/LG300N1K-G4,LG/LG300N1K-G4,4.5,300.0,0.0008999999999999998
10887,-0.0031,cec_module,VBHN330SA16,2,n-SHJ,Panasonic/Sanyo VBHN330SA16,Panasonic/Sanyo VBHN330SA16,6.6,330.0,0.0013999999999999998
10891,-0.0039000000000000003,cec_manufacturer,LG,371,Unknown,LG,LG,8.25,275.0,0.0005999999999999994
10893,-0.0046489999999999995,cec_manufacturer,HYUNDAI,273,Unknown,Hyundai HiS-280,Hyundai HiS-280,8.12,279.99999999999994,-0.00014899999999999983
10895,-0.0043,cec_manufacturer,SOLARWORLD,89,Unknown,Solarworld,Solarworld,9.315,345.0,0.00019999999999999966
10896,-0.0039050000000000005,cec_module,MSE350,4,PERC,MSE-350 PERC,MSE-350 PERC,14.0,350.0,0.0005949999999999992
10897,-0.0045000000000000005,cec_technology,Mono-c-Si,9725,PERC,Hanawa Qpeak-290,Hanawa Qpeak-290,6.96,290.0,-8.673617379884035e-19
10899,-0.00422,cec_module,330W,19,Unknown,Panasonic 330W - P400,Panasonic 330W - P400,5.94,330.0,0.00027999999999999987
10900,-0.00442,cec_module,CS6X295M,1,mono-Si,Canadian Solar / CS6X-295M,Canadian Solar / CS6X-295M,10.915,295.0,7.999999999999934e-05
10901,-0.0046489999999999995,cec_manufacturer,HYUNDAI,273,Unknown,Hyundai,Hyundai,5.68,355.0,-0.00014899999999999983
10903,-0.0038,cec_module,LG320N1CG4,1,n-PERT,LG LG320N1C-G4,LG LG320N1C-G4,5.12,320.0,0.0006999999999999997
10905,-0.00458,cec_manufacturer,QCELLS,1372,Unknown,QCells Hanwha,QCells Hanwha,9.405,285.0,-8.000000000000021e-05
10908,-0.0043,cec_manufacturer,REC,725,multi-Si,REC TP2 290,REC TP2 290,4.06,289.99999999999994,0.00019999999999999966
10909,-0.00424,cec_manufacturer,CANADIANSOLAR,409,Unknown,Canadian Solar,,12.375,275.0,0.0002599999999999998
10911,-0.0031,cec_module,N330,10,Unknown,Panasonic N330,Panasonic N330,9.24,330.0,0.0013999999999999998
10912,-0.0043,cec_manufacturer,REC,725,multi-Si,REC twinpeak 2,REC twinpeak 2,12.76,290.0,0.00019999999999999966
10914,-0.0038,cec_module,LG310N1CG4,1,n-PERT,LG310N1C-G4 LG,LG310N1C-G4 LG,4.96,310.0,0.0006999999999999997
10915,-0.00396,cec_manufacturer,ITEK,69,PERC,iTEK 300 SE,iTEK 300 SE,9.9,300.0,0.0005399999999999997
10917,-0.0031,cec_module,VBHN325SA16,2,n-SHJ,Panasonic HIT VBHN325SA16,Panasonic HIT VBHN325SA16,7.15,325.0,0.0013999999999999998
10918,-0.0043441650000000005,cec_module,HISS290RG,2,mono-Si,Hyundai/HiS-S290RG,Hyundai/HiS-S290RG,4.64,290.0,0.00015583499999999913
10919,-0.004079999999999999,cec_module,QCELLSQPEAKG4,9,PERC,Q Cells Q Peak G4,Q Cells Q Peak G4,8.4,300.0,0.00042000000000000023
10920,-0.0039000000000000003,cec_manufacturer,LG,371,Unknown,LG,LG,6.7,335.0,0.0005999999999999994
10921,-0.0045,fleet_default,cec_xsi_median,0,Unknown,testing,testing,7.8,260.0,0.0
10922,-0.00356,cec_module,LG335N1CA5,1,n-PERT,LG335N1C-A5,LG335N1C-A5,6.7,335.0,0.0009399999999999999
10923,-0.00383,cec_module,CS3K315MS,1,PERC,Canadian Solar CS3K-315MS,Canadian Solar CS3K-315MS,3.15,315.0,0.0006699999999999996
10924,-0.004577,cec_module,AXITECAC270P15660S,1,multi-Si,Axitec AC-270P/156-60S,Axitec AC-270P/156-60S,7.02,270.0,-7.700000000000068e-05
10927,-0.0043,cec_manufacturer,SOLARWORLD,89,Unknown,SolarWorld,SolarWorld,12.24,340.0,0.00019999999999999966
10929,-0.0031,cec_manufacturer,PANASONIC,131,Unknown,Panasonic,Panasonic,7.15,325.0,0.0013999999999999998
10931,-0.0045,fleet_default,cec_xsi_median,0,Unknown,N/A,N/A,5.3,265.0,0.0
10932,-0.00394,cec_module,REC290TP2,13,multi-Si,REC REC290TP2,REC REC290TP2,4.64,290.0,0.0005599999999999997
10934,-0.0039000000000000003,cec_manufacturer,LG,371,n-PERT,LG Neon2,LG Neon2,9.24,330.0,0.0005999999999999994
10936,-0.00383,cec_module,SM305PC8,1,multi-Si,S-Energy SM305PC8,S-Energy SM305PC8,8.235,305.0,0.0006699999999999996
10938,-0.0039000000000000003,cec_manufacturer,LG,371,mono-Si,LG 295SIC-A5,LG 295SIC-A5,11.7,300.0,0.0005999999999999994
10939,-0.0040999999999999995,cec_module,LG295S1CA5,1,mono-Si,LG Mono X Plus LG295S1C-A5,LG Mono X Plus LG295S1C-A5,10.62,295.0,0.0004000000000000002
10940,-0.0043,cec_manufacturer,SOLARWORLD,89,multi-Si,SolarWorld SW 240 poly,SolarWorld SW 240 poly,2.4,240.0,0.00019999999999999966
10942,-0.0031,cec_module,VBHN330SA16,2,n-SHJ,Panasonic VBHN330SA16,Panasonic VBHN330SA16,5.94,330.0,0.0013999999999999998
10943,-0.0046489999999999995,cec_manufacturer,HYUNDAI,273,Unknown,Hyundai-295,Hyundai-295,10.325,295.0,-0.00014899999999999983
10946,-0.0046489999999999995,cec_manufacturer,HYUNDAI,273,Unknown,Hyundai,Hyundai,8.875,355.0,-0.00014899999999999983
10947,-0.00356,cec_module,LG330N1CA5,1,n-PERT,LG LG330N1C-A5,LG LG330N1C-A5,6.93,330.0,0.0009399999999999999
10951,-0.004626,cec_module,HISM285MI,1,multi-Si,Hyundai HiS-M285MI,Hyundai HiS-M285MI,11.685,285.0,-0.00012600000000000024
10952,-0.004289049999999999,cec_module,SN260P,2,multi-Si,S-Energy SN260P,S-Energy SN260P,5.46,260.0,0.00021095000000000055
10953,-0.004515,cec_technology,Multi-c-Si,11221,multi-Si,JA Solar,JA Solar,13.325,325.0,-1.5000000000000256e-05
10954,-0.00386,cec_module,SUNPOWERSPR327NEWHTD,1,mono-Si IBC,SunPower SPR-327NE-WHT-D,SunPower SPR-327NE-WHT-D,9.81,327.0,0.0006399999999999995
10956,-0.0040100000000000005,cec_manufacturer,MISSION,122,Unknown,Mission Solar,Mission Solar,5.695,335.0,0.0004899999999999991
10957,-0.0032,cec_module,LG365Q1CA5,1,n-PERT IBC,LG LG365Q1C-A5,LG LG365Q1C-A5,5.475,365.0,0.0012999999999999995
10958,-0.004405144999999999,cec_module,HISM250RG,2,multi-Si,Hyundai HiS-M250RG,Hyundai HiS-M250RG,14.5,250.0,9.485500000000046e-05
10960,-0.0045,fleet_default,cec_xsi_median,0,Unknown,solar,solar,7.8,325.0,0.0
10961,-0.00386,cec_manufacturer,SUNPOWER,190,mono-Si IBC,SunPower E20 327,SunPower E20 327,5.559,327.0,0.0006399999999999995
10965,-0.0039000000000000003,cec_manufacturer,LG,371,Unknown,LG,LG,9.92,320.0,0.0005999999999999994
10968,-0.0032,cec_module,LG365Q1CA5,1,n-PERT IBC,LG365Q1C-A5,LG365Q1C-A5,10.95,365.0,0.0012999999999999995
10969,-0.00386,cec_manufacturer,SUNPOWER,190,mono-Si IBC,Sunpower SPR-E18-305-DC,Sunpower SPR-E18-305-DC,6.1,305.0,0.0006399999999999995
10971,-0.00458,cec_manufacturer,QCELLS,1372,PERC,Hanwa Q-Cells PeakDUO G.5,Hanwa Q-Cells PeakDUO G.5,2.79,310.0,-8.000000000000021e-05
10972,-0.00452,cec_module,305W,36,Unknown,Hanwha Q-Cells 305W,Hanwha Q-Cells 305W,8.235,305.0,-2.0000000000000052e-05
10973,-0.0040999999999999995,cec_module,JKM355M72,8,multi-Si,Jinko,jkm355m-72,9.23,355.0,0.0004000000000000002
10975,-0.0031,cec_module,VBHN325SA16,2,n-SHJ,Panasonic VBHN325SA16,Panasonic VBHN325SA16,5.525,325.0,0.0013999999999999998
10978,-0.00356,cec_module,LG335N1CA5,1,n-PERT,LG Electronics LG335N1C-A5,LG Electronics LG335N1C-A5,6.6,330.0,0.0009399999999999999
10979,-0.00458,cec_manufacturer,HANWHA,1332,PERC,Hanwha Q.PEAK DUO G5 310,Hanwha Q.PEAK DUO G5 310,3.72,310.0,-8.000000000000021e-05
10982,-0.00417,cec_manufacturer,AXITEC,106,Unknown,axitec,axitec,11.6,290.0,0.00032999999999999956
10983,-0.00458,cec_manufacturer,HANWHA,1332,Unknown,Hanwha Q CELL 300,Hanwha Q CELL 300,9.9,300.0,-8.000000000000021e-05
10984,-0.0045000000000000005,cec_technology,Mono-c-Si,9725,mono-Si,Plus SW 295 Mono,Plus SW 295 Mono,14.16,295.0,-8.673617379884035e-19
10985,-0.005213,cec_module,HISM285HI,1,multi-Si,Hyundai Heavy Ind. HiS-M285HI,Hyundai Heavy Ind. HiS-M285HI,8.835,285.0,-0.0007130000000000001
10986,-0.00356,cec_module,LG330N1CA5,1,n-PERT,LG LG330N1C-A5,LG LG330N1C-A5,5.94,330.0,0.0009399999999999999
10987,-0.0040999999999999995,cec_module,LG300S1CA5,1,mono-Si,LG300S1C-A5,LG300S1C-A5,4.5,300.0,0.0004000000000000002
10988,-0.0045,fleet_default,cec_xsi_median,0,Unknown,Mistubishi,Mistubishi,3.92,280.0,0.0
10991,-0.005011100000000001,cec_module,SILFABSLA300M,1,mono-Si,Silfab SLA300M,Silfab SLA300M,6.51,310.0,-0.0005111000000000013
10992,-0.005917,cec_module,SW280,5,mono-Si,SolarWorld SW280 Mono,SolarWorld SW280 Mono,10.64,280.0,-0.0014170000000000007
10996,-0.00452,cec_module,295W,49,Unknown,Qcell 295W,Qcell 295W,5.015,295.0,-2.0000000000000052e-05
10997,-0.0040999999999999995,cec_manufacturer,SILFAB,72,Unknown,Silfab,Silfab,9.6,300.0,0.0004000000000000002
10998,-0.0044,cec_module,SUNIVAOPT285604100,1,mono-Si,Suniva OPT285-60-4-100,Suniva OPT285-60-4-100,12.54,285.0,9.99999999999994e-05
10999,-0.00452,cec_module,290W,53,mono-Si,Heliene 290W 60MHD,Heliene 290W 60MHD,7.83,290.0,-2.0000000000000052e-05
11000,-0.00386,cec_manufacturer,SUNPOWER,190,mono-Si IBC,SunPower E27 320,SunPower E27 320,5.886,327.0,0.0006399999999999995
11002,-0.00425,cec_module,AXITECAC340M15672S,1,mono-Si,Axitec AC-340M/156-72S,Axitec AC-340M/156-72S,10.2,340.0,0.00024999999999999935
11003,-0.004202,cec_manufacturer,SOLARIA,39,mono-Si,Solaria 315R-BX,Solaria 315R-BX,5.67,315.0,0.00029799999999999965
11005,-0.00442,cec_module,CS6X300M,1,mono-Si,Canadian Solar/CS6X-300M,Canadian Solar/CS6X-300M,13.2,300.0,7.999999999999934e-05
11007,-0.0039000000000000003,cec_manufacturer,LG,371,Unknown,Lg,Lg,9.0,360.0,0.0005999999999999994
11010,-0.0040999999999999995,cec_manufacturer,SILFAB,72,mono-Si,Silfab  SLA-M 310,Silfab  SLA-M 310,10.23,310.0,0.0004000000000000002
11012,-0.004202,cec_manufacturer,SOLARIA,39,mono-Si,Solaria 350R-BX,Solaria 350R-BX,9.1,350.0,0.00029799999999999965
11013,-0.0043,cec_module,LG300N1CG3,1,n-PERT,LG LG300N1C-G3,LG LG300N1C-G3,8.4,300.0,0.00019999999999999966
11014,-0.004079999999999999,cec_module,QCELLSQPEAKG41,9,PERC,Q Cells Q.PEAK-G4.1,Q Cells Q.PEAK-G4.1,13.725,305.0,0.00042000000000000023
11016,-0.00356,cec_module,LG335N1CA5,1,n-PERT,LG335N1C-A5,LG335N1C-A5,11.39,335.0,0.0009399999999999999
11017,-0.005011100000000001,cec_module,SILFABSLA290M,1,mono-Si,SilFab SLA290M,SilFab SLA290M,8.41,290.0,-0.0005111000000000013
11018,-0.0040999999999999995,cec_module,JKM350M72,8,multi-Si,Jinko,jkm350m-72,3.5,350.0,0.0004000000000000002
11019,-0.004318,cec_module,BI60368BSTC,1,PERC Bifacial,Prism Solar Bi60-368BSTC,Prism Solar Bi60-368BSTC,5.22,290.0,0.00018199999999999987
11020,-0.00392,cec_module,BLKG4,15,Unknown,Hanwha/BLK-G4 290,Hanwha/BLK-G4 290,7.25,290.0,0.0005799999999999998
11021,-0.00392,cec_module,IT300SE,1,mono-Si,Itek Energy,IT-300-SE,12.0,300.0,0.0005799999999999998
11022,-0.0032,cec_module,LG360Q1CA5,1,n-PERT IBC,LG LG360Q1C-A5,LG LG360Q1C-A5,9.72,360.0,0.0012999999999999995
11023,-0.00382,cec_module,SOLARIAPOWERXT325,1,mono-Si,Solaria PowerXT 325,Solaria PowerXT 325,7.8,325.0,0.0006799999999999996
11025,-0.004386999999999999,cec_module,CHSM6610P270,1,multi-Si,Astronergy CHSM6610P-270,Astronergy CHSM6610P-270,14.04,270.0,0.00011300000000000025
11030,-0.0031,cec_manufacturer,PANASONIC,131,Unknown,Panasonic,Panasonic,5.28,330.0,0.0013999999999999998
11031,-0.0046489999999999995,cec_manufacturer,HYUNDAI,273,Unknown,hyundai,hyundai,11.6,290.0,-0.00014899999999999983
11032,-0.0032,cec_module,LG350Q1CA5,1,n-PERT IBC,LG350Q1C-A5,LG350Q1C-A5,4.2,350.0,0.0012999999999999995
11033,-0.0031,cec_module,SOLARCITYSC325,1,n-SHJ,SolarCity SC325,SolarCity SC325,8.125,325.0,0.0013999999999999998
11034,-0.00458,cec_manufacturer,HANWHA,1332,Unknown,Hanwha,Unknown,4.27,305.0,-8.000000000000021e-05
11035,-0.0039000000000000003,cec_manufacturer,LG,371,n-PERT,LG LG335NIC-A5,LG LG335NIC-A5,12.395,335.0,0.0005999999999999994
11037,-0.00386,cec_manufacturer,SUNPOWER,190,mono-Si IBC,SunPower SPR-X21-350-BLK-D-AC,SunPower SPR-X21-350-BLK-D-AC,8.05,350.00000000000006,0.0006399999999999995
11039,-0.0038,cec_module,MSE295SQ5T,1,PERC,MSE295SQ5T,MSE295SQ5T,5.015,295.0,0.0006999999999999997
11041,-0.0038,cec_module,MSE300SQ5T,1,PERC,Mission Solar MSE300SQ5T,Mission Solar MSE300SQ5T,9.0,300.0,0.0006999999999999997
11043,-0.0045,fleet_default,cec_xsi_median,0,Unknown,Q-Cell 305,Q-Cell 305,5.795,305.0,0.0
11047,-0.00428,cec_module,ASM6612P,6,multi-Si,Astronergy ASM6612P 310W,Astronergy ASM6612P 310W,9.61,310.0,0.0002199999999999997
11048,-0.0045,fleet_default,cec_xsi_median,0,Unknown,Helios,Helios,6.24,260.0,0.0
11049,-0.0037923699999999998,cec_module,REC280TP,21,multi-Si,REC280TP,REC280TP,7.0,280.0,0.0007076299999999999
11050,-0.0039000000000000003,cec_manufacturer,LG,371,Unknown,LG,LG,3.685,335.0,0.0005999999999999994
11051,-0.0045,fleet_default,cec_xsi_median,0,Unknown,Canada Eh?,Canada Eh?,7.83,270.0,0.0
11052,-0.0032,cec_module,LG360Q1CA5,1,n-PERT IBC,LG NeON R LG360Q1C-A5,LG NeON R LG360Q1C-A5,9.72,360.0,0.0012999999999999995
11053,-0.0040100000000000005,cec_manufacturer,MISSION,122,mono-Si,Mission MSE-Mono 72,Mission MSE-Mono 72,13.6,340.0,0.0004899999999999991
11054,-0.0031,cec_module,VBHN330SA17,1,n-SHJ,Panasonic VBHN330SA17,Panasonic VBHN330SA17,5.61,330.0,0.0013999999999999998
11057,-0.0031,cec_module,X21345,5,mono-Si IBC,Sunpower X21-345,Sunpower X21-345,3.45,345.0,0.0013999999999999998
11058,-0.0043,cec_manufacturer,SOLARWORLD,89,Unknown,Solar World,Solar World,11.2,350.0,0.00019999999999999966
11061,-0.0040999999999999995,cec_manufacturer,SILFAB,72,mono-Si,Silfab SLA-M 310,Silfab SLA-M 310,13.02,310.0,0.0004000000000000002
11062,-0.00356,cec_module,LG335N1C,3,n-PERT,LG335N1C,LG335N1C,6.03,335.0,0.0009399999999999999
11063,-0.00396,cec_manufacturer,ITEK,69,Unknown,Itek Energy 305 SE Tuxedo,Itek Energy 305 SE Tuxedo,9.15,305.0,0.0005399999999999997
11064,-0.0046385,cec_module,315W,22,n-SHJ,Panasonic 315W HIT (Black),Panasonic 315W HIT (Black),11.025,315.0,-0.0001385000000000006
11065,-0.004202,cec_manufacturer,SOLARIA,39,Unknown,SOLARIA,SOLARIA,12.95,350.0,0.00029799999999999965
11066,-0.0031,cec_manufacturer,PANASONIC,131,Unknown,Panasonic,Panasonic,7.59,330.0,0.0013999999999999998
11067,-0.0045,fleet_default,cec_xsi_median,0,Unknown,Solartech,Solartech,11.7,300.0,0.0
11068,-0.0031,cec_manufacturer,PANASONIC,131,Unknown,Panasonic,Panasonic,14.52,330.0,0.0013999999999999998
11070,-0.00422,cec_module,330W,19,Unknown,Panasonic 330W,Panasonic 330W,7.59,330.0,0.00027999999999999987
11072,-0.0031,cec_module,VBHN330SA16,2,n-SHJ,Panasonic VBHN330SA16,Panasonic VBHN330SA16,10.23,330.0,0.0013999999999999998
11075,-0.0045,fleet_default,cec_xsi_median,0,Unknown,N/A,N/A,4.02,334.99999999999994,0.0
11076,-0.004344499999999999,cec_module,JC260M24,8,multi-Si,Renesola JC260M-24/Bb,Renesola JC260M-24/Bb,4.68,260.0,0.00015550000000000026
11077,-0.0031,cec_module,N330,10,Unknown,Panasonic N330,Panasonic N330,9.57,330.0,0.0013999999999999998
11078,-0.0040479999999999995,cec_module,CS6K295MS,1,PERC,Canadian Solar CS6K-295MS,Canadian Solar CS6K-295MS,11.505,295.0,0.00045200000000000014
11079,-0.0039000000000000003,cec_manufacturer,LG,371,mono-Si,LG MonoX Plus,LG MonoX Plus,8.4,300.0,0.0005999999999999994
11080,-0.0045,fleet_default,cec_xsi_median,0,Unknown,Solar Edge,Solar Edge,13.2,300.0,0.0
11081,-0.004202,cec_manufacturer,SOLARIA,39,Unknown,Solaria,Solaria,12.6,350.0,0.00029799999999999965
11082,-0.00386,cec_module,SUNPOWERSPRE19320,5,mono-Si IBC,Sunpower SPR-E19-320,Sunpower SPR-E19-320,14.08,320.0,0.0006399999999999995
11087,-0.00386,cec_module,SPRE20327,7,mono-Si IBC,SPR-E20-327,SPR-E20-327,4.905,327.0,0.0006399999999999995
11089,-0.0040999999999999995,cec_manufacturer,SILFAB,72,Unknown,Silfab,Silfab,8.625,345.0,0.0004000000000000002
11090,-0.0045000000000000005,cec_manufacturer,TRINA,970,Unknown,Trina,Trina,10.08,360.0,-8.673617379884035e-19
11091,-0.0040100000000000005,cec_manufacturer,MISSION,122,Unknown,Mission Solar,Mission Solar,5.22,290.0,0.0004899999999999991
11092,-0.0040999999999999995,cec_manufacturer,SILFAB,72,mono-Si,Silfab SLA-M 300,Silfab SLA-M 300,7.2,300.0,0.0004000000000000002
11093,-0.0031,cec_manufacturer,PANASONIC,131,n-SHJ,Panasonic HIT,Panasonic HIT,7.59,330.0,0.0013999999999999998
11094,-0.0032400000000000003,cec_module,E20245,3,mono-Si IBC,SunPower E20-245,SunPower E20-245,4.41,245.0,0.0012599999999999994
11096,-0.00386,cec_manufacturer,SUNPOWER,190,Unknown,SunPower,Sunpower,7.245,345.0,0.0006399999999999995
11097,-0.0039000000000000003,cec_manufacturer,LG,371,Unknown,LG,LG,6.0,300.0,0.0005999999999999994
11098,-0.0031,cec_module,VBHN320KA01,1,n-SHJ,Panasonic VBHN320KA01,Panasonic VBHN320KA01,4.8,320.0,0.0013999999999999998
11099,-0.004079999999999999,cec_module,QCELLSQPEAKG41,8,PERC,Q-Cells Qpeak g4 1,Q-Cells Qpeak g4 1,6.82,310.0,0.00042000000000000023
11100,-0.0032,cec_module,LG350Q1CA5,1,n-PERT IBC,LG LG350Q1C-A5,LG LG350Q1C-A5,8.4,350.0,0.0012999999999999995
11102,-0.0039000000000000003,cec_manufacturer,LG,371,Unknown,LG,LG,7.59,330.0,0.0005999999999999994
11103,-0.0031,cec_module,N330,10,Unknown,Panasonic N330,Panasonic N330,6.6,330.0,0.0013999999999999998
11106,-0.0043,cec_manufacturer,SOLARWORLD,89,mono-Si,SolarWorld SWA 350 XL Mono,SolarWorld SWA 350 XL Mono,7.0,350.0,0.00019999999999999966
11107,-0.00386,cec_manufacturer,SUNPOWER,190,Unknown,SunPower,Sunpower,6.54,327.0,0.0006399999999999995
11108,-0.00386,cec_manufacturer,SUNPOWER,190,mono-Si IBC,SunPower X21/335,SunPower X21/335,10.72,335.0,0.0006399999999999995
11111,-0.0031,cec_module,VBHN320KA01,1,n-SHJ,Panasonic HIT VBHN320KA01,Panasonic HIT VBHN320KA01,7.68,320.0,0.0013999999999999998
11112,-0.0031,cec_manufacturer,PANASONIC,131,n-SHJ,Panasonic HIT,Panasonic HIT,10.89,330.0,0.0013999999999999998
11113,-0.0031,cec_manufacturer,PANASONIC,131,Unknown,Panasonic NBHV330,Panasonic NBHV330,6.93,330.0,0.0013999999999999998
11114,-0.0045,fleet_default,cec_xsi_median,0,Unknown,N/A,N/A,8.99,290.0,0.0
11118,-0.0043,cec_manufacturer,SOLARWORLD,89,Unknown,SolarWorld SWA 300,SolarWorld SWA 300,10.2,300.0,0.00019999999999999966
11119,-0.0043,cec_manufacturer,SOLARWORLD,89,Unknown,SolarWorld,SolarWorld,4.64,290.0,0.00019999999999999966
11120,-0.0032,cec_module,LG350Q1CA5,1,n-PERT IBC,LG350Q1C-A5,LG350Q1C-A5,8.4,350.0,0.0012999999999999995
11122,-0.0039000000000000003,cec_manufacturer,LG,371,Unknown,lg,lg,7.92,330.0,0.0005999999999999994
11123,-0.00396,cec_manufacturer,ITEK,69,Unknown,Itek HE,Itek HE,7.28,280.0,0.0005399999999999997
11125,-0.00439758,cec_module,HISM260RG,2,multi-Si,Hyundai HiS-M260RG,Hyundai HiS-M260RG,8.32,260.0,0.00010241999999999977
11126,-0.0046385,cec_module,315W,22,Unknown,QCell 315W,QCell 315W,9.9,550.0,-0.0001385000000000006
11127,-0.0045,fleet_default,cec_xsi_median,0,Unknown,Tesla,Unknown,7.35,350.0,0.0
11128,-0.0031,cec_manufacturer,PANASONIC,131,Unknown,Panasonic,Panasonic,8.125,325.0,0.0013999999999999998
11129,-0.0044803199999999994,cec_module,HISS360RI,1,mono-Si,Hyundai HiS-S360RI,Hyundai HiS-S360RI,9.36,360.0,1.9680000000000218e-05
11130,-0.00396,cec_manufacturer,ITEK,69,Unknown,Itek 365 XL,Itek 365 XL,9.49,365.0,0.0005399999999999997
11131,-0.00386,cec_module,SUNPOWERSPR320EWHTD,1,mono-Si IBC,SunPower SPR-320E-WHT-D,SunPower SPR-320E-WHT-D,11.52,320.0,0.0006399999999999995
11132,-0.0032,cec_module,LG360Q1C,1,Unknown,LG-360-Q1C,LG-360-Q1C,9.72,360.0,0.0012999999999999995
11133,-0.0045,fleet_default,cec_xsi_median,0,Unknown,QCell,QCell,3.84,320.0,0.0
11134,-0.0036,cec_module,LG395N2WA5,1,n-PERT,LG LG395N2W-A5,LG LG395N2W-A5,10.665,395.0,0.0008999999999999998
11135,-0.0043,cec_manufacturer,REC,725,multi-Si,REC TwinPeak 2S 72,REC TwinPeak 2S 72,9.66,345.0,0.00019999999999999966
11136,-0.00356,cec_module,LG325N1CA5,1,n-PERT,LG325N1C-A5,LG325N1C-A5,10.075,325.0,0.0009399999999999999
11137,-0.0045,fleet_default,cec_xsi_median,0,Unknown,JA Solar360,JA Solar360,9.72,360.0,0.0
11138,-0.004118999999999999,cec_module,CS6K285M,4,mono-Si,Canadian Solar CS6K-285M,Canadian Solar CS6K-285M,9.69,285.0,0.00038100000000000026
11141,-0.003203,cec_module,X21335BLK,4,mono-Si IBC,SunPower X21-335-BLK,SunPower X21-335-BLK,10.385,335.0,0.0012969999999999995
11145,-0.0031,cec_manufacturer,PANASONIC,131,Unknown,Panasonic,Panasonic,6.6,330.0,0.0013999999999999998
11146,-0.0043,cec_manufacturer,REC,725,n-TOPCon,REC N-Peak 320,REC N-Peak 320,8.0,320.0,0.00019999999999999966
11147,-0.00466,cec_module,SW240,5,mono-Si,SolarWorld SunModule+ SW240,SolarWorld SunModule+ SW240,5.28,240.0,-0.00016000000000000042
11150,-0.00378,cec_module,DUOG5,7,PERC,Hanwha Q Peak DUO-G5,Hanwha Q Peak DUO-G5,11.2,320.0,0.0007199999999999997
11153,-0.003509,cec_module,X22360DAC,1,mono-Si IBC,SunPower X22-360-D-AC,SunPower X22-360-D-AC,6.12,360.0,0.0009909999999999997
11154,-0.0037,cec_module,REC360,12,n-SHJ,REC360 AA Black,REC360 AA Black,7.2,360.0,0.0007999999999999995
11155,-0.0031,cec_module,N325,12,n-SHJ,Panasonic HIT N325,Panasonic HIT N325,9.1,325.0,0.0013999999999999998
11156,-0.0040479999999999995,cec_module,CS6K300MS,1,PERC,Canadian Solar CS6K-300MS,Canadian Solar CS6K-300MS,5.4,300.0,0.00045200000000000014
11157,-0.004202,cec_manufacturer,SOLARIA,39,mono-Si,Solaria PowerXT 350-BD,Solaria PowerXT 350-BD,10.15,350.0,0.00029799999999999965
11159,-0.0045000000000000005,cec_manufacturer,TRINA,970,Unknown,Trina 330,Trina 330,7.92,330.0,-8.673617379884035e-19
11162,-0.0031,cec_manufacturer,PANASONIC,131,Unknown,Panasonic 330,Panasonic 330,13.2,330.0,0.0013999999999999998
11163,-0.0045000000000000005,cec_technology,Mono-c-Si,9725,PERC,Hanwah QCell Qpeak Duo Blk g5,Hanwah QCell Qpeak Duo Blk g5,5.58,310.0,-8.673617379884035e-19
11165,-0.004202,cec_module,350RPD,1,mono-Si,Solaria 350R-PD,Solaria 350R-PD,10.85,350.0,0.00029799999999999965
11166,-0.004202,cec_module,345RPD,1,mono-Si,Solaria 345R-PD,Solaria 345R-PD,9.315,345.0,0.00029799999999999965
11169,-0.004202,cec_module,SOLARIAPOWERXT360RPD,1,mono-Si,Solaria POWERXT-360R-PD,Solaria POWERXT-360R-PD,10.44,360.0,0.00029799999999999965
11170,-0.004344,cec_module,250D,1,mono-Si,Renogy 250D,Renogy 250D,1.935,215.0,0.0001559999999999999
11171,-0.0031,cec_manufacturer,PANASONIC,131,Unknown,Panasonic,Panasonic,9.425,325.0,0.0013999999999999998
11172,-0.00459,cec_module,SG300M,1,mono-Si,Peimar SG300M,Peimar SG300M,4.8,300.0,-9.000000000000067e-05
11173,-0.0031,cec_manufacturer,PANASONIC,131,Unknown,Panasonic,Panasonic,8.25,330.0,0.0013999999999999998
11174,-0.0044575,cec_module,310M,62,mono-Si,Silfab 310-M,Silfab 310-M,4.96,310.0,4.25e-05
11175,-0.004146,cec_manufacturer,SERAPHIM,176,PERC,Seraphim SEG-6MB-300BB,Seraphim SEG-6MB-300BB,7.8,300.0,0.0003539999999999993
11177,-0.00525,cec_module,LG230M1C,1,Unknown,LG Solar / LG230M1C,LG Solar / LG230M1C,6.468,231.0,-0.0007500000000000007
11178,-0.0031,cec_module,VBHN330SA16,2,n-SHJ,Panasonic VBHN330SA16,Panasonic VBHN330SA16,7.26,330.0,0.0013999999999999998
11179,-0.0045000000000000005,cec_module,TSM255PD0508D,1,mono-Si,Trina TSM-255PD05.08D,Trina TSM-255PD05.08D,7.14,255.0,-8.673617379884035e-19
11181,-0.004202,cec_manufacturer,SOLARIA,39,Unknown,Solaria,Solaria,8.05,350.00000000000006,0.00029799999999999965
11182,-0.0045,fleet_default,cec_xsi_median,0,Unknown,SolarEdge,SolarEdge,12.16,320.0,0.0
11183,-0.0040479999999999995,cec_module,CS6K305MS,1,PERC,Canadian Solar / CS6K-305MS,Canadian Solar / CS6K-305MS,10.675,305.0,0.00045200000000000014
11186,-0.00344,cec_module,SC325,2,n-SHJ,Tesla,SC325,13.975,325.0,0.0010599999999999997
11188,-0.00386,cec_manufacturer,SUNPOWER,190,mono-Si IBC,SUNPOWER E20-327-AC,SUNPOWER E20-327-AC,9.81,327.0,0.0006399999999999995
11189,-0.0032,cec_module,LG350Q1CA5,1,n-PERT IBC,LG/LG350Q1C-A5,LG/LG350Q1C-A5,10.15,350.0,0.0012999999999999995
11191,-0.00356,cec_module,LG330N1CA5,1,n-PERT,lg 330n1c-a5,lg 330n1c-a5,5.61,330.0,0.0009399999999999999
11193,-0.0039000000000000003,cec_manufacturer,LG,371,n-PERT,LG NeON2,LG NeON2,5.85,325.0,0.0005999999999999994
11194,-0.00386,cec_manufacturer,SUNPOWER,190,mono-Si IBC,SunPower X21-350-BLK-D-AC,SunPower X21-350-BLK-D-AC,5.6,350.0,0.0006399999999999995
11197,-0.00404,cec_module,AXITECAC340M,3,mono-Si,Axitec ac-340m,Axitec ac-340m,14.28,340.0,0.00045999999999999947
11198,-0.0031,cec_module,VBHN330SA16,2,n-SHJ,Panasonic VBHN330SA16,Panasonic VBHN330SA16,9.24,330.0,0.0013999999999999998
11200,-0.004202,cec_manufacturer,SOLARIA,39,Unknown,Solaria,Solaria,4.9,350.0,0.00029799999999999965
11201,-0.0031,cec_module,VBHN330SA17,1,n-SHJ,Panasonic/VBHN330SA17,Panasonic/VBHN330SA17,4.95,330.0,0.0013999999999999998
11203,-0.00344,cec_module,SC325,2,n-SHJ,Tesla,SC325,13.975,325.0,0.0010599999999999997
11205,-0.0043,cec_manufacturer,REC,725,multi-Si,REC Solar REC-315-TP2M,REC Solar REC-315-TP2M,3.15,315.0,0.00019999999999999966
11206,-0.0040100000000000005,cec_manufacturer,MISSION,122,Unknown,Mission Solar,Mission Solar,11.59,305.0,0.0004899999999999991
11207,-0.0043,cec_manufacturer,SOLARWORLD,89,Unknown,SolarWorld,SolarWorld,4.56,285.0,0.00019999999999999966
11208,-0.003509,cec_module,X22360,5,mono-Si IBC,Sunpower x-22-360,Sunpower x-22-360,12.6,360.0,0.0009909999999999997
11209,-0.0043,cec_manufacturer,REC,725,Unknown,REC Solar,REC Solar,12.76,290.0,0.00019999999999999966
11211,-0.0032,cec_module,LG360Q1CA5,1,n-PERT IBC,lg360q1c-a5,lg360q1c-a5,5.04,360.0,0.0012999999999999995
11212,-0.0032,cec_module,LG365Q1CA5,1,n-PERT IBC,LG LG365Q1C-A5,LG LG365Q1C-A5,9.855,365.0,0.0012999999999999995
11213,-0.0045000000000000005,cec_manufacturer,TRINA,970,Unknown,Trina,Trina,10.065,305.0,-8.673617379884035e-19
11216,-0.0045000000000000005,cec_manufacturer,TRINA,970,mono-Si,Trina mono 300,Trina mono 300,3.6,300.0,-8.673617379884035e-19
11217,-0.0031,cec_module,VBHN330SA17,1,n-SHJ,Panasonic VBHN330SA17,Panasonic VBHN330SA17,6.27,330.0,0.0013999999999999998
11218,-0.004577,cec_module,AXITECAC270P15660S,1,multi-Si,Axitec AC270P/156-60S,Axitec AC270P/156-60S,7.29,270.0,-7.700000000000068e-05
11219,-0.0040999999999999995,cec_manufacturer,SILFAB,72,mono-Si,Silfab SLA-M 310,Silfab SLA-M 310,12.09,310.0,0.0004000000000000002
11220,-0.00386,cec_manufacturer,SUNPOWER,190,mono-Si IBC,SUNPOWER E20-327-AC,SUNPOWER E20-327-AC,8.829,327.0,0.0006399999999999995
11221,-0.0043,cec_manufacturer,SOLARWORLD,89,Unknown,SolarWorld SW345,SolarWorld SW345,13.65,350.0,0.00019999999999999966
11222,-0.0040999999999999995,cec_manufacturer,SILFAB,72,Unknown,Silfab,Silfab,11.4,300.0,0.0004000000000000002
11224,-0.003509,cec_module,SUNPOWERSPRX22360,5,mono-Si IBC,SunPower SPR-X22-360,SunPower SPR-X22-360,10.08,360.0,0.0009909999999999997
11225,-0.0045,fleet_default,cec_xsi_median,0,Unknown,Q cell duo,Q cell duo,14.49,315.0,0.0
11226,-0.00458,cec_manufacturer,QCELLS,1372,Unknown,Hanwha Q-Cells,Hanwha Q-Cells,9.45,315.0,-8.000000000000021e-05
11227,-0.00458,cec_manufacturer,QCELLS,1372,Unknown,Hanwei QCells Duo,Hanwei QCells Duo,5.85,390.0,-8.000000000000021e-05
11229,-0.00356,cec_module,N1CA5,7,n-PERT,LG 335 N1C-A5 Neon2,LG 335 N1C-A5 Neon2,9.38,335.0,0.0009399999999999999
11230,-0.0038050000000000002,cec_module,SLA310M,2,mono-Si,Silfab SLA310M,Silfab SLA310M,7.75,310.0,0.0006949999999999994
11231,-0.0039000000000000003,cec_manufacturer,LG,371,Unknown,LG,LG,9.24,330.0,0.0005999999999999994
11233,-0.0038050000000000002,cec_module,SLA310M,2,mono-Si,Silfab sla-310m,Silfab sla-310m,14.26,310.0,0.0006949999999999994
11234,-0.00424,cec_module,GCLP672325,1,Unknown,GCL-P6/72325,GCL-P6/72325,11.05,325.0,0.0002599999999999998
11236,-0.00356,cec_module,LG335N1CA5,1,n-PERT,LG335N1C-A5,LG335N1C-A5,7.035,335.0,0.0009399999999999999
11239,-0.0039000000000000003,cec_manufacturer,LG,371,n-PERT IBC,LG365Q1C-V5,LG365Q1C-V5,3.65,365.0,0.0005999999999999994
11242,-0.0046489999999999995,cec_manufacturer,HYUNDAI,273,Unknown,Hyundai,Hyundai,11.7,300.0,-0.00014899999999999983
11243,-0.003105,cec_manufacturer,SOLARCITY,12,Unknown,Solar City,Solar City,13.5,270.0,0.0013949999999999995
11248,-0.0043,cec_manufacturer,REC,725,Unknown,REC315MPT2,REC315MPT2,3.78,315.0,0.00019999999999999966
11250,-0.004555,cec_module,SW250,6,Unknown,Solarworld SW250,Solarworld SW250,10.0,250.0,-5.500000000000036e-05
11254,-0.00356,cec_module,LG335N1CA5,1,n-PERT,LG335N1C-A5 NeON 2,LG335N1C-A5 NeON 2,12.73,335.0,0.0009399999999999999
11257,-0.0030299999999999997,cec_module,VBHN325KA03,1,n-SHJ,Panasonic VBHN325KA03,Panasonic VBHN325KA03,14.625,325.0,0.00147
11259,-0.0045,fleet_default,cec_xsi_median,0,Unknown,Hanqua,Hanqua,3.15,315.0,0.0
11260,-0.00379,cec_module,MSE310SQ8T,1,PERC,Mission Solar MSE310SQ8T,Mission Solar MSE310SQ8T,8.68,310.0,0.0007099999999999997
11261,-0.0031,cec_module,VBHN330SA17,1,n-SHJ,Panasonic VBHN330SA17,Panasonic VBHN330SA17,7.92,330.0,0.0013999999999999998
11263,-0.003535,cec_module,LG320N1KV5,1,n-PERT,LG LG320N1K-V5,LG LG320N1K-V5,9.92,320.0,0.0009649999999999997
11264,-0.0039000000000000003,cec_manufacturer,LG,371,Unknown,LG,LG,9.38,335.0,0.0005999999999999994
11265,-0.0043,cec_manufacturer,REC,725,multi-Si,REC-315-TP2M,REC-315-TP2M,4.095,314.99999999999994,0.00019999999999999966
11267,-0.00356,cec_module,LG335N1CA5,1,n-PERT,LG335N1C-A5,LG335N1C-A5,5.695,335.0,0.0009399999999999999
11270,-0.0031,cec_manufacturer,PANASONIC,131,Unknown,Panasonic,Panasonic,12.21,330.0,0.0013999999999999998
11276,-0.0040999999999999995,cec_manufacturer,SILFAB,72,mono-Si,Silfab SLA-M 320,Silfab SLA-M 320,8.96,320.0,0.0004000000000000002
11278,-0.00458,cec_manufacturer,QCELLS,1372,PERC,Hanwha Q-cells Peak Duo G5,Hanwha Q-cells Peak Duo G5,12.35,325.0,-8.000000000000021e-05
11285,-0.0031,cec_manufacturer,SANYO,110,n-SHJ,Sanyo HIT Power 200,Sanyo HIT Power 200,10.0,200.0,0.0013999999999999998
11286,-0.0046757,cec_module,SG310M,1,mono-Si,Piemar SG310M,Piemar SG310M,12.09,310.0,-0.0001757
11287,-0.0035199999999999997,cec_module,LG335N1CV5,1,n-PERT,LG335N1C-V5,LG335N1C-V5,6.7,335.0,0.00098
11288,-0.0045000000000000005,cec_technology,Mono-c-Si,9725,PERC,JA Solar JAM72S09-380/PR PERC,JA Solar JAM72S09-380/PR PERC,11.4,380.0,-8.673617379884035e-19
11289,-0.00458,cec_manufacturer,HANWHA,1332,Unknown,Hanwha,Unknown,8.19,314.99999999999994,-8.000000000000021e-05
11290,-0.0031,cec_module,VBHN325SA17,1,n-SHJ,Panasonic VBHN325SA17,Panasonic VBHN325SA17,8.45,325.0,0.0013999999999999998
11293,-0.0045,fleet_default,cec_xsi_median,0,Unknown,SolarEdge,SolarEdge,9.024,282.0,0.0
11296,-0.0045,fleet_default,cec_xsi_median,0,Unknown,Q-Cell,Q-Cell,7.41,390.0,0.0
11299,-0.0040750000000000005,cec_module,REC290TP2BLK,6,multi-Si,REC 290TP2-BLK,REC 290TP2-BLK,7.54,290.0,0.00042499999999999916
11304,-0.0040479999999999995,cec_module,CS6K305MS,1,PERC,Canadian Solar CS6K-305MS,Canadian Solar CS6K-305MS,7.93,305.0,0.00045200000000000014
11306,-0.0045000000000000005,cec_manufacturer,TRINA,970,Unknown,Trina,Trina,10.8,300.0,-8.673617379884035e-19
11309,-0.00396,cec_manufacturer,ITEK,69,Unknown,Itek,Itek,7.08,295.0,0.0005399999999999997
11317,-0.0039000000000000003,cec_manufacturer,LG,371,Unknown,LG,LG,8.4,240.0,0.0005999999999999994
11319,-0.0045,fleet_default,cec_xsi_median,0,Unknown,Qcell,Qcell,10.065,305.0,0.0
11321,-0.0045,fleet_default,cec_xsi_median,0,Unknown,N/A,N/A,3.63,165.0,0.0
11327,-0.0045,fleet_default,cec_xsi_median,0,Unknown,Q.Cell,Q.Cell,11.34,315.0,0.0
11328,-0.0045,fleet_default,cec_xsi_median,0,Unknown,Not Sure - 385W,Not Sure - 385W,10.78,385.0,0.0
11329,-0.0045000000000000005,cec_technology,Mono-c-Si,9725,PERC,Longi LR6,Longi LR6,8.76,365.0,-8.673617379884035e-19
11331,-0.00361,cec_module,BLKG5,7,PERC,Hanwha Q.PEAK Duo  Blk-G5,Hanwha Q.PEAK Duo  Blk-G5,8.06,310.00000000000006,0.0008899999999999997
11332,-0.0039000000000000003,cec_manufacturer,LG,371,Unknown,LG,LG,12.24,340.0,0.0005999999999999994
11334,-0.0030299999999999997,cec_module,VBHN325KA03,1,n-SHJ,PANASONIC VBHN325KA03,PANASONIC VBHN325KA03,14.95,325.0,0.00147
11335,-0.00421,cec_module,340W,14,n-SHJ,Panasonic HIT+ 340W,Panasonic HIT+ 340W,13.26,340.0,0.00028999999999999946
11336,-0.0040999999999999995,cec_manufacturer,SILFAB,72,Unknown,Silfab 310,Silfab 310,3.41,310.0,0.0004000000000000002
11339,-0.0031,cec_module,VBHN335SA17,1,n-SHJ,Panasonic N335 VBHN335SA17,Panasonic N335 VBHN335SA17,10.05,335.0,0.0013999999999999998
11342,-0.003509,cec_module,X22360,5,mono-Si IBC,SunPower X22-360,SunPower X22-360,9.0,360.0,0.0009909999999999997
11344,-0.00356,cec_module,LG335N1C,3,n-PERT,LG335N1C,LG335N1C,12.395,335.0,0.0009399999999999999
11347,-0.0031,cec_module,VBHN335SA17,1,n-SHJ,Panasonic VBHN335SA17,Panasonic VBHN335SA17,12.73,335.0,0.0013999999999999998
11348,-0.00356,cec_module,LG335N1CA5,1,n-PERT,LG 335N1C-A5,LG 335N1C-A5,10.385,335.0,0.0009399999999999999
11351,-0.00417,cec_manufacturer,AXITEC,106,Unknown,Axitec,Axitec,11.52,360.0,0.00032999999999999956
11353,-0.00417,cec_manufacturer,AXITEC,106,Unknown,Axitec,Axitec,11.52,360.0,0.00032999999999999956
11354,-0.00416,cec_module,LR672PE,5,PERC,Longi LR6-72PE 370,Longi LR6-72PE 370,12.21,370.0,0.00034
11355,-0.0031,cec_manufacturer,PANASONIC,131,Unknown,Panasonic,Panasonic,11.22,330.0,0.0013999999999999998
11356,-0.00386,cec_manufacturer,SUNPOWER,190,Unknown,SunPower,SunPower,7.2,360.0,0.0006399999999999995
11357,-0.0045,fleet_default,cec_xsi_median,0,Unknown,Q-Cell,Q-Cell,5.85,325.0,0.0
11360,-0.0038050000000000002,cec_module,SLA310M,2,mono-Si,Silfab SLA310M,Silfab SLA310M,3.1,310.0,0.0006949999999999994
11361,-0.0031,cec_module,X21345,5,mono-Si IBC,SunPower X21-345,SunPower X21-345,13.11,345.0,0.0013999999999999998
11362,-0.00386,cec_module,E20327,7,mono-Si IBC,SunPower E20-327,SunPower E20-327,6.867,327.0,0.0006399999999999995
11363,-0.0040999999999999995,cec_manufacturer,SILFAB,72,mono-Si,Silfab SLA-M310,Silfab SLA-M310,8.68,310.0,0.0004000000000000002
11364,-0.0040100000000000005,cec_manufacturer,MISSION,122,Unknown,Mission Solar,Mission Solar,7.5,375.0,0.0004899999999999991
11365,-0.0045,fleet_default,cec_xsi_median,0,Unknown,LONGi Green Energy,LONGi Green Energy,13.23,315.0,0.0
11369,-0.0040999999999999995,cec_manufacturer,SILFAB,72,mono-Si,Silfab - SLA-M310,Silfab - SLA-M310,7.44,310.0,0.0004000000000000002
11370,-0.0039000000000000003,cec_manufacturer,LG,371,n-PERT,LG350N1C-V5,LG350N1C-V5,11.9,350.0,0.0005999999999999994
11371,-0.00416,cec_manufacturer,JINKO,486,multi-Si,Jinko,,5.985,315.0,0.00034
11373,-0.00458,cec_manufacturer,QCELLS,1372,Unknown,q-cells,q-cells,6.12,255.0,-8.000000000000021e-05
11374,-0.00386,cec_manufacturer,SUNPOWER,190,Unknown,SunPower,SunPower,11.52,360.0,0.0006399999999999995
11378,-0.0045000000000000005,cec_manufacturer,TRINA,970,mono-Si,Trina Solar TSM-DD05A.08-300,Trina Solar TSM-DD05A.08-300,9.0,300.0,-8.673617379884035e-19
11382,-0.0031,cec_manufacturer,PANASONIC,131,Unknown,Panasonic,Panasonic,11.55,330.0,0.0013999999999999998
11383,-0.0043,cec_manufacturer,SOLARWORLD,89,Unknown,Solarworld,Solarworld,9.975,285.0,0.00019999999999999966
11384,-0.0031,cec_manufacturer,PANASONIC,131,Unknown,Panasonic,Panasonic,10.72,335.0,0.0013999999999999998
11385,-0.0043300000000000005,cec_manufacturer,ASTRONERGY,174,Unknown,Astronergy 325,Astronergy 325,9.75,325.0,0.00016999999999999914
11387,-0.0045,fleet_default,cec_xsi_median,0,Unknown,LONGI,LONGI,12.0,300.0,0.0
11389,-0.0031,cec_manufacturer,PANASONIC,131,n-SHJ,Panasonic HIT-325,Panasonic HIT-325,3.95,395.0,0.0013999999999999998
11390,-0.0040999999999999995,cec_manufacturer,SILFAB,72,Unknown,Silfab,Silfab,11.2,320.0,0.0004000000000000002
11392,-0.0038,cec_module,N1CG4,6,n-PERT,LG/N1C-G4,LG/N1C-G4,7.56,315.0,0.0006999999999999997
11393,-0.0045,fleet_default,cec_xsi_median,0,Unknown,Unknown,Unknown,3.19,290.0,0.0
11394,-0.0044575,cec_module,310M,62,mono-Si,Silfab SLA 310M,Silfab SLA 310M,6.2,310.0,4.25e-05
11395,-0.0031,cec_manufacturer,PANASONIC,131,n-SHJ,Panasonic VBHN330SA17E,Panasonic VBHN330SA17E,5.28,330.0,0.0013999999999999998
11398,-0.00424,cec_manufacturer,CANADIANSOLAR,409,Unknown,Canadian Solar 300 W,Canadian Solar 300 W,2.4,300.0,0.0002599999999999998
11400,-0.00386,cec_manufacturer,SUNPOWER,190,Unknown,SunPower,Sunpower,4.02,334.99999999999994,0.0006399999999999995
11401,-0.00458,cec_manufacturer,QCELLS,1372,PERC,Hanwha Q-cells PEAK,Hanwha Q-cells PEAK,9.36,390.0,-8.000000000000021e-05
11402,-0.0042,cec_module,REC315,13,Unknown,REC 315,REC 315,10.08,315.0,0.0002999999999999999
11403,-0.0039000000000000003,cec_manufacturer,LG,371,Unknown,LG,LG,4.875,325.0,0.0005999999999999994
11405,-0.0046489999999999995,cec_manufacturer,HYUNDAI,273,Unknown,Hyundai,Hyundai,6.66,370.0,-0.00014899999999999983
11407,-0.004202,cec_module,SOLARIAPOWERXT360RPD,1,mono-Si,Solaria PowerXT-360R-PD,Solaria PowerXT-360R-PD,7.92,360.0,0.00029799999999999965
11408,-0.0045000000000000005,cec_manufacturer,TRINA,970,Unknown,TrinaSolar,TrinaSolar,13.825,395.0,-8.673617379884035e-19
11409,-0.0045000000000000005,cec_manufacturer,TRINA,970,Unknown,Trina TallMax,Trina TallMax,12.0,375.0,-8.673617379884035e-19
11410,-0.0045,fleet_default,cec_xsi_median,0,Unknown,SolarEdge,SolarEdge,13.08,327.0,0.0
11414,-0.0037199999999999998,cec_module,JKM395M72HLV,1,multi-Si,Jinko,jkm395m-72hl-v,10.27,395.0,0.0007799999999999999
11418,-0.0039000000000000003,cec_manufacturer,LG,371,n-PERT IBC,LG NeON R,LG NeON R,7.92,360.0,0.0005999999999999994
11420,-0.00458,cec_manufacturer,QCELLS,1372,Unknown,Q-Cells Duo G6+,Q-Cells Duo G6+,6.46,340.0,-8.000000000000021e-05
11427,-0.00392,cec_module,BVM6612M370,1,mono-Si,Boviet,BVM6612M-370,11.84,370.0,0.0005799999999999998
11429,-0.0039000000000000003,cec_manufacturer,LG,371,n-PERT,LG NeON 2,LG NeON 2,12.25,350.0,0.0005999999999999994
11430,-0.00361,cec_module,BLKG5,6,PERC,Q.Peak BLK-G5,Q.Peak BLK-G5,8.32,320.0,0.0008899999999999997
11434,-0.0040999999999999995,cec_manufacturer,SILFAB,72,Unknown,Silfab 320,Silfab 320,7.04,320.0,0.0004000000000000002
11436,-0.0045,fleet_default,cec_xsi_median,0,Unknown,N/A,N/A,6.325,275.0,0.0
11440,-0.0045,fleet_default,cec_xsi_median,0,Unknown,CertainTeed Solstice,CertainTeed Solstice,11.88,330.0,0.0
11441,-0.004472,cec_manufacturer,SUNIVA,150,Unknown,Suniva Titan,Suniva Titan,2.75,250.0,2.799999999999938e-05
11444,-0.0040999999999999995,cec_manufacturer,SILFAB,72,PERC IBC,Silfab-330BL,Silfab-330BL,7.83,290.0,0.0004000000000000002
11446,-0.0045,fleet_default,cec_xsi_median,0,Unknown,SolarEdge,SolarEdge,6.0,300.0,0.0
11452,-0.0031,cec_manufacturer,PANASONIC,131,n-SHJ,Panasonic VBHN330SA17E,Panasonic VBHN330SA17E,5.28,330.0,0.0013999999999999998
11454,-0.004202,cec_manufacturer,SOLARIA,39,mono-Si,Solaria PowerXT-360-PD,Solaria PowerXT-360-PD,10.08,360.0,0.00029799999999999965
11460,-0.0045,fleet_default,cec_xsi_median,0,Unknown,MX Solar,MX Solar,7.52,235.0,0.0
11463,-0.00424,cec_manufacturer,CANADIANSOLAR,409,Unknown,Canadian Solar,Canadian Solar,10.2,300.0,0.0002599999999999998
11465,-0.0043,cec_manufacturer,REC,725,multi-Si,REC TwinPeak 2,REC TwinPeak 2,3.77,290.0,0.00019999999999999966
11466,-0.0043,cec_manufacturer,SOLARWORLD,89,mono-Si,SolarWorld 280 Mono Black,SolarWorld 280 Mono Black,7.56,280.0,0.00019999999999999966
11468,-0.0039000000000000003,cec_manufacturer,LG,371,Unknown,LG,LG,4.76,280.0,0.0005999999999999994
11469,-0.0043,cec_manufacturer,SOLARWORLD,89,Unknown,SolarWorld,SolarWorld,11.025,315.0,0.00019999999999999966
11473,-0.00423,cec_module,SUNIVAOPT2756041B0,1,mono-Si,Suniva OPT275-60-4-1B0,Suniva OPT275-60-4-1B0,6.6,275.0,0.0002699999999999994
11474,-0.0032,cec_module,LG350Q1CA5,1,n-PERT IBC,LG350Q1C-A5,LG350Q1C-A5,11.55,350.0,0.0012999999999999995
11476,-0.00435,cec_module,SUNEDISONSEF270,16,mono-Si,SunEdison / SE-F270,SunEdison / SE-F270,6.48,270.0,0.00014999999999999996
11479,-0.0031,cec_manufacturer,SANYO,110,Unknown,Sanyo,Sanyo,5.6,200.0,0.0013999999999999998
11482,-0.00424,cec_module,CS6P265P,3,multi-Si,Canadian Solar/CS6P-265P,Canadian Solar/CS6P-265P,6.095,265.0,0.0002599999999999998
11484,-0.0031,cec_module,VBHN325SA15,2,n-SHJ,Panasonic VBHN325SA15,Panasonic VBHN325SA15,3.9,325.0,0.0013999999999999998
11485,-0.00451,cec_module,300W,46,Unknown,Canadian Solar 300w,Canadian Solar 300w,7.5,300.0,-1.000000000000046e-05
11487,-0.00386,cec_manufacturer,SUNPOWER,190,Unknown,SunPower,SunPower,3.696,231.0,0.0006399999999999995
11489,-0.0043,cec_manufacturer,SOLARWORLD,89,mono-Si,SolarWorld Protect SW 280 Mono,SolarWorld Protect SW 280 Mono,9.8,280.0,0.00019999999999999966
11490,-0.00466,cec_manufacturer,SCHOTT,37,Unknown,Schott,Schott,2.96,185.0,-0.00016000000000000042
11492,-0.0031,cec_manufacturer,PANASONIC,131,Unknown,Panasonic,Panasonic,5.85,325.0,0.0013999999999999998
11494,-0.00357,cec_module,LG335N1KA5,1,n-PERT,LG LG335N1K-A5,LG LG335N1K-A5,5.695,335.0,0.0009299999999999998
11498,-0.0032400000000000003,cec_module,SUNPOWERSPR245,3,mono-Si IBC,Sunpower SPR 245,Sunpower SPR 245,4.655,245.0,0.0012599999999999994
11500,-0.00458,cec_manufacturer,HANWHA,1332,Unknown,385 Hanwha,385 Hanwha,5.775,385.0,-8.000000000000021e-05
11501,-0.0043,cec_manufacturer,SOLARWORLD,89,Unknown,Solar World 265,Solar World 265,3.7,185.0,0.00019999999999999966
11502,-0.0040999999999999995,cec_module,LG305N1CB3,1,n-PERT,LG305N1C-B3,LG305N1C-B3,6.1,305.0,0.0004000000000000002
11504,-0.0031,cec_manufacturer,PANASONIC,131,Unknown,panasonic,panasonic,10.075,325.0,0.0013999999999999998
11505,-0.0039000000000000003,cec_manufacturer,LG,371,n-PERT IBC,LG370Q1C-V5,LG370Q1C-V5,4.07,370.00000000000006,0.0005999999999999994
11506,-0.0043,cec_manufacturer,SOLARWORLD,89,Unknown,Solar World,Solar World,6.9,345.0,0.00019999999999999966
11508,-0.0045,fleet_default,cec_xsi_median,0,Unknown,Bosch /Aleo 579 ULR,Bosch /Aleo 579 ULR,9.36,240.0,0.0
11510,-0.0045,fleet_default,cec_xsi_median,0,Unknown,ReneSola,ReneSola,10.5,250.0,0.0
11511,-0.004472,cec_manufacturer,SUNIVA,150,Unknown,Suniva,Suniva,10.027,271.0,2.799999999999938e-05
11512,-0.00378,cec_module,DUOG5,6,PERC,Hanwha Q.PEAK DUO-G5,Hanwha Q.PEAK DUO-G5,12.35,325.0,0.0007199999999999997
11515,-0.0038,cec_module,LG320N1CG4,1,n-PERT,LG NeON 2 LG320N1C-G4,LG NeON 2 LG320N1C-G4,5.44,320.0,0.0006999999999999997
11516,-0.0045,fleet_default,cec_xsi_median,0,Unknown,Mage Solar,Mage Solar,4.32,240.0,0.0
11517,-0.00458,cec_manufacturer,HANWHA,1332,Unknown,Hanwha Qcell 5.3 380,Hanwha Qcell 5.3 380,7.98,380.0,-8.000000000000021e-05
11518,-0.0043,cec_manufacturer,REC,725,multi-Si,REC Twinpeak 2 series,REC Twinpeak 2 series,8.41,290.0,0.00019999999999999966
11519,-0.0031,cec_manufacturer,PANASONIC,131,Unknown,Panasonic 335,Panasonic 335,6.7,335.0,0.0013999999999999998
11520,-0.0045000000000000005,cec_manufacturer,TRINA,970,Unknown,Trina,Trina,6.1,305.0,-8.673617379884035e-19
11528,-0.0031,cec_manufacturer,PANASONIC,131,Unknown,Panasonic,Panasonic,5.61,330.0,0.0013999999999999998
11529,-0.0045000000000000005,cec_technology,Mono-c-Si,9725,mono-Si,1soltech 1STH-250,1soltech 1STH-250,5.0,250.0,-8.673617379884035e-19
11530,-0.00458,cec_manufacturer,HANWHA,1332,PERC,Hanwha Q.Peak Duo 305,Hanwha Q.Peak Duo 305,10.065,305.0,-8.000000000000021e-05
11535,-0.0043,cec_manufacturer,REC,725,Unknown,REC,REC,7.44,310.0,0.00019999999999999966
11536,-0.0038,cec_module,LG320N1CG4,1,n-PERT,LG LG320N1C-G4,LG LG320N1C-G4,8.64,320.0,0.0006999999999999997
11537,-0.0045,fleet_default,cec_xsi_median,0,Unknown,AmeriSolar,AmeriSolar,5.25,250.0,0.0
11539,-0.0031,cec_manufacturer,PANASONIC,131,Unknown,Panasonic,Panasonic,5.61,330.0,0.0013999999999999998
11541,-0.00417,cec_manufacturer,AXITEC,106,Unknown,Axitec,Axitec,6.3,315.0,0.00032999999999999956
11542,-0.0043,cec_manufacturer,SOLARWORLD,89,Unknown,SolarWorld / Q.Cells,SolarWorld / Q.Cells,8.91,297.0,0.00019999999999999966
11543,-0.0045,fleet_default,cec_xsi_median,0,Unknown,Qcell / 275,Qcell / 275,4.4,275.0,0.0
11549,-0.00424,cec_module,CS6P260P,4,multi-Si,Canadian Solar/CS6P-260P,Canadian Solar/CS6P-260P,3.9,260.0,0.0002599999999999998
11550,-0.0039000000000000003,cec_manufacturer,LG,371,Unknown,LG,LG,7.4,370.0,0.0005999999999999994
11551,-0.0031,cec_module,VBHN330SA17,1,n-SHJ,Panasonic VBHN330SA17,Panasonic VBHN330SA17,8.25,330.0,0.0013999999999999998
11552,-0.004472,cec_manufacturer,SUNIVA,150,Unknown,Suniva,Suniva,7.15,275.0,2.799999999999938e-05
11553,-0.00356,cec_module,LG330N1CA5,1,n-PERT IBC,LG330N1C-A5 & LG350Q1C-A5,LG330N1C-A5 & LG350Q1C-A5,9.24,330.0,0.0009399999999999999
11554,-0.004202,cec_module,360RPD,1,mono-Si,Solaria 360R-PD,Solaria 360R-PD,9.72,360.0,0.00029799999999999965
11557,-0.0038,cec_module,MSE295SQ5T,1,PERC,Mission Solar MSE295SQ5T,Mission Solar MSE295SQ5T,12.9,300.0,0.0006999999999999997
11559,-0.004002,cec_module,CS6X300P,2,multi-Si,Canadian Solar CS6X-300P,Canadian Solar CS6X-300P,6.0,300.0,0.0004979999999999993
11560,-0.0043,cec_manufacturer,SOLARWORLD,89,Unknown,SolarWorld 255,SolarWorld 255,5.175,225.0,0.00019999999999999966
11561,-0.004002,cec_module,CS6X315P,3,multi-Si,Canadian Solar CS6X-315P,Canadian Solar CS6X-315P,6.93,315.0,0.0004979999999999993
11562,-0.004505,cec_module,CS6P,44,Unknown,Canadian Solar CS6P,Canadian Solar CS6P,4.7,235.0,-5.000000000000664e-06
11565,-0.0045,fleet_default,cec_xsi_median,0,Unknown,CertainTeed 330,CertainTeed 330,11.22,330.0,0.0
11567,-0.00458,cec_manufacturer,QCELLS,1372,Unknown,Hanwha,Hanwha Q Cells,7.14,340.0,-8.000000000000021e-05
11571,-0.0043,cec_manufacturer,REC,725,Unknown,REC,REC,8.37,310.0,0.00019999999999999966
11573,-0.0045,fleet_default,cec_xsi_median,0,Unknown,N/A,N/A,5.28,240.0,0.0
11574,-0.0043,cec_manufacturer,REC,725,Unknown,REC,REC,13.02,310.0,0.00019999999999999966
11576,-0.00424,cec_manufacturer,CANADIANSOLAR,409,Unknown,Canadian Solar,Canadian Solar,9.0,250.0,0.0002599999999999998
11577,-0.0031,cec_module,VBHN330SA,5,n-SHJ,Panasonic VBHN330SA,Panasonic VBHN330SA,7.92,330.0,0.0013999999999999998
11581,-0.00386,cec_module,CERTAINTEEDCT305M,2,Unknown,CertainTeed CT305M,CertainTeed CT305M,11.59,305.0,0.0006399999999999995
11582,-0.0044800000000000005,cec_module,OPT260604100,1,mono-Si,Suniva PV   OPT-260-60-4-100,Suniva PV   OPT-260-60-4-100,6.24,260.0,1.9999999999999185e-05
11585,-0.0040999999999999995,cec_manufacturer,SILFAB,72,Unknown,Silfab,Silfab,9.92,310.0,0.0004000000000000002
11587,-0.0043,cec_manufacturer,SOLARWORLD,89,Unknown,SolarWorld/ Sunmodule 265,SolarWorld/ Sunmodule 265,8.215,265.0,0.00019999999999999966
11589,-0.0045,fleet_default,cec_xsi_median,0,Unknown,LONGi,LONGi,10.62,295.0,0.0
11590,-0.0039000000000000003,cec_manufacturer,LG,371,n-PERT,LG280N1C-B3,LG280N1C-B3,4.48,280.0,0.0005999999999999994
11592,-0.0031,cec_manufacturer,PANASONIC,131,Unknown,Panasonic,Panasonic,13.53,330.0,0.0013999999999999998
11596,-0.00466,cec_manufacturer,SCHOTT,37,Unknown,7-Schott 235 14-Sunvia 240,7-Schott 235 14-Sunvia 240,4.998,238.0,-0.00016000000000000042
11597,-0.0046,cec_manufacturer,SUNEDISON,659,Unknown,SunEdison / 270,SunEdison / 270,4.86,270.0,-0.00010000000000000026
11601,-0.00386,cec_manufacturer,SUNPOWER,190,mono-Si IBC,Sunpower SPR-X21-350-BLK-AC,Sunpower SPR-X21-350-BLK-AC,8.4,350.0,0.0006399999999999995
11603,-0.0032,cec_module,LG360Q1CA5,1,n-PERT IBC,LG LG360Q1C-A5,LG LG360Q1C-A5,6.48,360.0,0.0012999999999999995
11607,-0.00373,cec_module,REC285TP2,10,multi-Si,REC285TP2,REC285TP2,8.55,285.0,0.0007699999999999999
11608,-0.0043,cec_module,SUNMODULEPROTECTSW270MONO,1,mono-Si,Sunmodule Protect SW 270 Mono,Sunmodule Protect SW 270 Mono,8.1,270.0,0.00019999999999999966
11611,-0.0045,fleet_default,cec_xsi_median,0,Unknown,sw 285,sw 285,6.84,285.0,0.0
11612,-0.00466,cec_module,SW240,5,mono-Si,Sunmodule SW240 mono,Sunmodule SW240 mono,5.76,240.0,-0.00016000000000000042
11614,-0.00424,cec_manufacturer,CANADIANSOLAR,409,Unknown,Canadian Solar,Canadian Solar,3.75,250.0,0.0002599999999999998
11618,-0.0046489999999999995,cec_manufacturer,HYUNDAI,273,Unknown,Hyundai,Hyundai,3.5,350.0,-0.00014899999999999983
11619,-0.0031,cec_manufacturer,PANASONIC,131,Unknown,Panasonic,Panasonic,5.525,325.0,0.0013999999999999998
11620,-0.0039000000000000003,cec_manufacturer,LG,371,Unknown,LG,LG,5.44,320.0,0.0005999999999999994
11623,-0.0045,fleet_default,cec_xsi_median,0,Unknown,Pani 330,Pani 330,9.24,330.0,0.0
11624,-0.00424,cec_manufacturer,CANADIANSOLAR,409,Unknown,Canadian Solar 300,Canadian Solar 300,6.0,300.0,0.0002599999999999998
11625,-0.00424,cec_module,CS6P260P,4,multi-Si,Canadian Solar/CS6P-260P,Canadian Solar/CS6P-260P,7.28,260.0,0.0002599999999999998
11627,-0.0045,fleet_default,cec_xsi_median,0,Unknown,Hansol,Hansol,6.48,360.0,0.0
11628,-0.00356,cec_module,LG335N1CA5,1,n-PERT,LG335N1C-A5,LG335N1C-A5,4.02,334.99999999999994,0.0009399999999999999
11629,-0.0031,cec_manufacturer,PANASONIC,131,Unknown,Panasonic,Panasonic,13.53,330.0,0.0013999999999999998
11630,-0.0031,cec_module,N330,10,Unknown,Panasonic/N330,Panasonic/N330,12.54,330.0,0.0013999999999999998
11632,-0.0045,fleet_default,cec_xsi_median,0,Unknown,Hanwai,Hanwai,12.19,265.0,0.0
11633,-0.0038,cec_module,LG315N1CG4,1,n-PERT,LG/LG315N1C-G4,LG/LG315N1C-G4,11.97,315.0,0.0006999999999999997
11634,-0.0032,cec_module,LG360Q1CA5,1,n-PERT IBC,LG NeON R LG360Q1C-A5,LG NeON R LG360Q1C-A5,5.04,360.0,0.0012999999999999995
11635,-0.0044,cec_module,SILICONENERGYSIEV275,1,Unknown,Silicon Energy SiE-V-275,Silicon Energy SiE-V-275,9.9,275.0,9.99999999999994e-05
11636,-0.0045000000000000005,cec_module,E250B,1,Unknown,Centro E250B,Centro E250B,5.75,250.0,-8.673617379884035e-19
11638,-0.0031,cec_manufacturer,PANASONIC,131,Unknown,Panasonic/Sanyo,Panasonic/Sanyo,5.61,330.0,0.0013999999999999998
11643,-0.00396,cec_manufacturer,ITEK,69,Unknown,Itek,Itek,12.0,300.0,0.0005399999999999997
11644,-0.00386,cec_manufacturer,SUNPOWER,190,Unknown,SunPower,Sunpower,11.385,345.0,0.0006399999999999995
11647,-0.0043,cec_manufacturer,SOLARWORLD,89,Unknown,SolarWorld SW 320,SolarWorld SW 320,3.84,320.0,0.00019999999999999966
11650,-0.0031,cec_manufacturer,PANASONIC,131,Unknown,Panasonic,Panasonic,13.2,330.0,0.0013999999999999998
11651,-0.0045000000000000005,cec_manufacturer,TRINA,970,Unknown,Trina,Trina,6.3,300.0,-8.673617379884035e-19
11652,-0.0039000000000000003,cec_manufacturer,LG,371,Unknown,LG,LG,7.14,255.0,0.0005999999999999994
11656,-0.0045000000000000005,cec_manufacturer,TRINA,970,Unknown,Trina,Trina,7.5,300.0,-8.673617379884035e-19
11662,-0.0031,cec_manufacturer,PANASONIC,131,Unknown,Panasonic,Panasonic,9.24,330.0,0.0013999999999999998
11666,-0.0038,cec_module,LG315N1CG4,1,n-PERT,LG315N1C-G4,LG315N1C-G4,8.82,315.0,0.0006999999999999997
11670,-0.004118999999999999,cec_module,CS6K280M,4,mono-Si,Canadian Solar / CS6K-280M,Canadian Solar / CS6K-280M,6.72,280.0,0.00038100000000000026
11672,-0.0045000000000000005,cec_technology,Mono-c-Si,9725,PERC,Q.PEAK DUO BLK-G6+,Q.PEAK DUO BLK-G6+,11.56,340.0,-8.673617379884035e-19
11673,-0.0032,cec_module,LG365Q1CA5,1,n-PERT IBC,LG LG365Q1C-A5,LG LG365Q1C-A5,9.49,365.0,0.0012999999999999995
11674,-0.00424,cec_manufacturer,CANADIANSOLAR,409,Unknown,LONGi Canadian Solar,LONGi Canadian Solar,8.82,245.0,0.0002599999999999998
11675,-0.00386,cec_manufacturer,SUNPOWER,190,mono-Si IBC,SunPower SPR-X21-350-BLK-D-AC,SunPower SPR-X21-350-BLK-D-AC,8.05,350.00000000000006,0.0006399999999999995
11676,-0.004202,cec_manufacturer,SOLARIA,39,mono-Si,Solaria Power XT 355-AC,Solaria Power XT 355-AC,4.615,355.0,0.00029799999999999965
11678,-0.0046099999999999995,cec_module,PS250P20,4,multi-Si,Phono PS250P-20/U,Phono PS250P-20/U,4.25,250.0,-0.00010999999999999985
11679,-0.00356,cec_module,LG335N1CA5,1,n-PERT,LG LG335N1C-A5,LG LG335N1C-A5,8.04,334.99999999999994,0.0009399999999999999
11680,-0.0045,fleet_default,cec_xsi_median,0,Unknown,N/A,N/A,7.8,260.0,0.0
11681,-0.005917,cec_module,SW280,5,Unknown,Solar World/SW280,Solar World/SW280,5.6,280.0,-0.0014170000000000007
11682,-0.0045,fleet_default,cec_xsi_median,0,Unknown,QCell / 265,QCell / 265,4.95,275.0,0.0
11684,-0.0040999999999999995,cec_manufacturer,SILFAB,72,mono-Si,Silfab SLA-M 31- Wp,Silfab SLA-M 31- Wp,11.16,310.0,0.0004000000000000002
11685,-0.0045,fleet_default,cec_xsi_median,0,Unknown,S-Energy 300,S-Energy 300,10.8,300.0,0.0
11687,-0.0031,cec_manufacturer,PANASONIC,131,Unknown,Panasonic,Panasonic,5.61,330.0,0.0013999999999999998
11688,-0.00386,cec_manufacturer,SUNPOWER,190,Unknown,SunPower,SunPower,14.4,360.0,0.0006399999999999995
11689,-0.0040479999999999995,cec_module,CS6K295MS,1,PERC,canadian solar cs6k-295ms,canadian solar cs6k-295ms,6.195,295.0,0.00045200000000000014
11691,-0.0039000000000000003,cec_manufacturer,LG,371,Unknown,LG,LG,11.55,330.0,0.0005999999999999994
11692,-0.0039000000000000003,cec_manufacturer,LG,371,n-PERT,LG 315 NIC G4,LG 315 NIC G4,4.41,315.0,0.0005999999999999994
11694,-0.00386,cec_manufacturer,SUNPOWER,190,Unknown,SunPower,Sunpower,12.075,345.0,0.0006399999999999995
11696,-0.00458,cec_manufacturer,HANWHA,1332,Unknown,Hanwha QCell / 275,Hanwha QCell / 275,7.975,275.0,-8.000000000000021e-05
11697,-0.00356,cec_module,LG335N1CA5,1,n-PERT,LG LG335N1C-A5,LG LG335N1C-A5,8.375,335.0,0.0009399999999999999
11698,-0.0039000000000000003,cec_manufacturer,LG,371,Unknown,LG 335,LG 335,9.715,335.0,0.0005999999999999994
11699,-0.004202,cec_module,SOLARIAPOWERXT360RPD,1,mono-Si,Solaria PowerXT-360R-PD,Solaria PowerXT-360R-PD,7.92,360.0,0.00029799999999999965
11701,-0.004472,cec_manufacturer,SUNIVA,150,Unknown,Suniva,Suniva,7.56,280.0,2.799999999999938e-05
11705,-0.0043,cec_manufacturer,SOLARWORLD,89,Unknown,SolarWorld SW 250,SolarWorld SW 250,6.0,250.0,0.00019999999999999966
11707,-0.004486,cec_manufacturer,YINGLI,57,Unknown,Yingli,Yingli,6.37,245.0,1.3999999999999256e-05
11708,-0.004201,cec_module,XT360R,2,mono-Si,Solaria/XT-360R,Solaria/XT-360R,8.28,360.0,0.0002989999999999998
11710,-0.004472,cec_manufacturer,SUNIVA,150,Unknown,suniva 250,suniva 250,3.5,250.0,2.799999999999938e-05
11714,-0.004472,cec_manufacturer,SUNIVA,150,Unknown,Suniva,Suniva,7.56,280.0,2.799999999999938e-05
11715,-0.00356,cec_module,LG335N1CA5,1,n-PERT,LG335N1C-A5,LG335N1C-A5,8.04,334.99999999999994,0.0009399999999999999
11718,-0.0045000000000000005,cec_technology,Mono-c-Si,9725,mono-Si,Talesun TP660M-250W,Talesun TP660M-250W,5.0,250.0,-8.673617379884035e-19
11722,-0.0045,fleet_default,cec_xsi_median,0,Unknown,Solaredge,Solaredge,10.53,270.0,0.0
11723,-0.00442,cec_module,CS6X280M,1,multi-Si,Canadian / CS6X-280M,Canadian / CS6X-280M,3.92,280.0,7.999999999999934e-05
11728,-0.0031,cec_manufacturer,PANASONIC,131,Unknown,Panasonic,Panasonic,5.28,330.0,0.0013999999999999998
11729,-0.00424,cec_module,CS6P260P,4,multi-Si,Canadian Solar/CS6P-260P,Canadian Solar/CS6P-260P,11.96,260.0,0.0002599999999999998
11734,-0.00347,cec_module,N335,6,Unknown,Panasonic N335,Panasonic N335,4.69,335.0,0.0010299999999999997
11735,-0.0045,fleet_default,cec_xsi_median,0,Unknown,SolarWind,SolarWind,8.96,280.0,0.0
11738,-0.0045,fleet_default,cec_xsi_median,0,Unknown,SP,SP,8.05,350.00000000000006,0.0
11739,-0.00424,cec_module,CS6P265P,3,multi-Si,Canadian Solar/CS6P-265P,Canadian Solar/CS6P-265P,7.95,265.0,0.0002599999999999998
11740,-0.00434618,cec_module,DAY4,5,Unknown,Day4,Day4,2.16,180.0,0.00015381999999999982
11741,-0.0045,fleet_default,cec_xsi_median,0,Unknown,Schneider,Schneider,3.84,320.0,0.0
11744,-0.0043300000000000005,cec_manufacturer,ASTRONERGY,174,Unknown,Astronergy JA Sharp Suntech,Astronergy JA Sharp Suntech,5.208,186.0,0.00016999999999999914
11745,-0.0039000000000000003,cec_manufacturer,LG,371,Unknown,LG 320,LG 320,5.76,320.0,0.0005999999999999994
11746,-0.0031,cec_module,N330,10,Unknown,Panasonic N330,Panasonic N330,8.25,330.0,0.0013999999999999998
11747,-0.0032,cec_module,LG350Q1CA5,1,n-PERT IBC,LG 350Q1C-A5,LG 350Q1C-A5,3.5,350.0,0.0012999999999999995
11749,-0.004779,cec_module,KD335GXLFB,1,multi-Si,Kyocera KD335GX-LFB,Kyocera KD335GX-LFB,6.365,335.0,-0.0002790000000000006
11750,-0.0045,fleet_default,cec_xsi_median,0,Unknown,Mage 230/6PJ,Mage 230/6PJ,8.28,230.0,0.0
11751,-0.00375,cec_module,LG315N1C,2,n-PERT,LG 315N1C,LG 315N1C,4.41,315.0,0.0007499999999999998
11752,-0.00424,cec_module,CS6P260P,4,multi-Si,Canadian Solar/CS6P-260P,Canadian Solar/CS6P-260P,3.64,260.0,0.0002599999999999998
11753,-0.0045,fleet_default,cec_xsi_median,0,Unknown,Hanwah qcell 315 black,Hanwah qcell 315 black,8.82,315.0,0.0
11754,-0.0039000000000000003,cec_manufacturer,LG,371,Unknown,LG,LG,3.84,320.0,0.0005999999999999994
11756,-0.0043,cec_manufacturer,SOLARWORLD,89,mono-Si,SolarWorld Sunmodule Plus 285,SolarWorld Sunmodule Plus 285,8.55,285.0,0.00019999999999999966
11758,-0.0038,cec_module,LG315N1CG4,1,n-PERT,LG 315N1C-G4,LG 315N1C-G4,6.3,315.0,0.0006999999999999997
11761,-0.00361,cec_module,BLKG5,7,PERC,Hanwha Q.PEAK DUO BLK-G5 315,Hanwha Q.PEAK DUO BLK-G5 315,8.19,314.99999999999994,0.0008899999999999997
11762,-0.00458,cec_manufacturer,HANWHA,1332,Unknown,Hanwha Q.Cell,Hanwha Q.Cell,12.025,325.0,-8.000000000000021e-05
11763,-0.004975905,cec_module,HISS270RG,2,mono-Si,Hyundai HIS-S270RG,Hyundai HIS-S270RG,12.96,270.0,-0.0004759050000000004
11765,-0.00458,cec_manufacturer,HANWHA,1332,PERC,Hanwha Q.PEAK DUO G5,Hanwha Q.PEAK DUO G5,5.525,325.0,-8.000000000000021e-05
11767,-0.0046099999999999995,cec_module,PS260P20,4,multi-Si,Phono PS260P-20/U,Phono PS260P-20/U,10.296,264.0,-0.00010999999999999985
11769,-0.004472,cec_manufacturer,SUNIVA,150,Unknown,Suniva,Suniva,9.945,255.0,2.799999999999938e-05
11770,-0.00424,cec_manufacturer,CANADIANSOLAR,409,Unknown,Canadian Solar 300,Canadian Solar 300,9.9,300.0,0.0002599999999999998
11771,-0.003203,cec_module,X21335BLK,4,mono-Si IBC,Sunpower X21-335-BLK,Sunpower X21-335-BLK,6.7,335.0,0.0012969999999999995
11772,-0.0031,cec_manufacturer,PANASONIC,131,Unknown,Panasonic PAN330,Panasonic PAN330,6.27,330.0,0.0013999999999999998
11776,-0.0031,cec_manufacturer,PANASONIC,131,Unknown,Panasonic,Panasonic,7.92,330.0,0.0013999999999999998
11777,-0.004202,cec_module,350RPD,1,mono-Si,Solaria 350R-PD,Solaria 350R-PD,13.3,350.0,0.00029799999999999965
11779,-0.0039000000000000003,cec_manufacturer,LG,371,mono-Si,LG 280 MonoX,LG 280 MonoX,5.88,280.0,0.0005999999999999994
11780,-0.00447851,cec_module,STP25520,4,Unknown,Suntech STP255-20/Wd,Suntech STP255-20/Wd,3.5,250.0,2.1489999999999877e-05
11781,-0.0039000000000000003,cec_manufacturer,LG,371,Unknown,LG,LG,11.55,330.0,0.0005999999999999994
11782,-0.0031,cec_module,VBHN330SA16,2,n-SHJ,Panasonic VBHN330SA16,Panasonic VBHN330SA16,6.6,330.0,0.0013999999999999998
11787,-0.00386,cec_manufacturer,SUNPOWER,190,mono-Si IBC,SunPower X21,SunPower X21,5.52,345.0,0.0006399999999999995
11788,-0.0043,cec_manufacturer,SOLARWORLD,89,Unknown,Solarworld SunModule 285,Solarworld SunModule 285,7.98,285.0,0.00019999999999999966
11792,-0.0031,cec_manufacturer,PANASONIC,131,Unknown,Panasonic 330,Panasonic 330,2.64,330.0,0.0013999999999999998
11795,-0.00445,cec_module,280W,51,Unknown,Eagle MP60B 280W,Eagle MP60B 280W,8.96,280.0,4.99999999999997e-05
11797,-0.00386,cec_module,SUNPOWERSPRE19320,5,mono-Si IBC,SunPower SPR-E19-320,SunPower SPR-E19-320,7.04,320.0,0.0006399999999999995
11798,-0.0031,cec_module,N330,10,n-SHJ,Panasonic HIT N330,Panasonic HIT N330,5.94,330.0,0.0013999999999999998
11800,-0.00449,cec_module,ETP672300WB,4,Unknown,ET Solar ET-P672300WB,ET Solar ET-P672300WB,7.2,300.0,9.999999999999593e-06
11802,-0.004472,cec_manufacturer,SUNIVA,150,mono-Si,Suniva OPT255-60-40-100,Suniva OPT255-60-40-100,10.2,255.0,2.799999999999938e-05
11803,-0.0039000000000000003,cec_manufacturer,LG,371,Unknown,LG,LG,9.72,360.0,0.0005999999999999994
11804,-0.0039000000000000003,cec_manufacturer,LG,371,n-PERT,LG LG350N1C-V5,LG LG350N1C-V5,10.5,350.0,0.0005999999999999994
11810,-0.004375,cec_module,PS240M,6,Unknown,Kyocera KC120 & Phono PS240M,Kyocera KC120 & Phono PS240M,3.675,105.0,0.00012499999999999924
11812,-0.0039000000000000003,cec_manufacturer,LG,371,Unknown,lg,lg,6.1,305.0,0.0005999999999999994
11813,-0.0039000000000000003,cec_manufacturer,LG,371,n-PERT,LG NeON2 Black,LG NeON2 Black,6.03,335.0,0.0005999999999999994
11814,-0.0043,cec_manufacturer,SOLARWORLD,89,Unknown,Solar World,Solar World,6.72,240.0,0.00019999999999999966
11817,-0.0039000000000000003,cec_manufacturer,LG,371,n-PERT,LG Neon 2,LG Neon 2,8.04,334.99999999999994,0.0005999999999999994
11821,-0.0038,cec_module,LG310N1CG4,1,n-PERT,LG310N1C-G4,LG310N1C-G4,4.96,310.0,0.0006999999999999997
11822,-0.0044800000000000005,cec_module,SUNIVAOPT340724100,1,mono-Si,Suniva OPT340-72-4-100,Suniva OPT340-72-4-100,7.82,340.0,1.9999999999999185e-05
11823,-0.0043,cec_manufacturer,SOLARWORLD,89,Unknown,Solar World /,Solar World /,2.5,250.0,0.00019999999999999966
11824,-0.0043,cec_manufacturer,REC,725,Unknown,REC,REC,5.51,290.0,0.00019999999999999966
11827,-0.0043563000000000004,cec_module,SW270,4,Unknown,Solar World/SW270,Solar World/SW270,7.56,270.0,0.0001436999999999992
11831,-0.00458,cec_module,SHARPNUU235F1,1,mono-Si,Sharp NU-U235F1,Sharp NU-U235F1,4.7,235.0,-8.000000000000021e-05
11832,-0.00386,cec_module,SPRE20327,7,mono-Si IBC,SPR-E20-327,SPR-E20-327,6.867,327.0,0.0006399999999999995
11835,-0.00442,cec_module,CS6P250M,4,mono-Si,Canadian Solar CS6P-250M,Canadian Solar CS6P-250M,12.48,240.0,7.999999999999934e-05
11837,-0.0043,cec_manufacturer,SOLARWORLD,89,Unknown,Solarworld,Solarworld,5.04,280.0,0.00019999999999999966
11838,-0.004605,cec_module,PS260M20,4,mono-Si,Onyx PS260M-20,Onyx PS260M-20,3.64,260.0,-0.00010500000000000006
11839,-0.0045,fleet_default,cec_xsi_median,0,Unknown,SolarEdge,SolarEdge,6.49,295.0,0.0
11840,-0.0045,fleet_default,cec_xsi_median,0,Unknown,N/A,N/A,6.44,280.0,0.0
11841,-0.0039000000000000003,cec_manufacturer,LG,371,Unknown,LG280-G4,LG280-G4,11.76,280.0,0.0005999999999999994
11844,-0.0037923699999999998,cec_module,REC275TP,21,multi-Si,REC275TP,REC275TP,4.125,275.0,0.0007076299999999999
11848,-0.0038,cec_module,LG310N1CG4,1,n-PERT,LG 310N1C-G4,LG 310N1C-G4,4.96,310.0,0.0006999999999999997
11853,-0.004202,cec_manufacturer,SOLARIA,39,mono-Si,Solaria PowerXT 355R-AC,Solaria PowerXT 355R-AC,8.165,354.99999999999994,0.00029799999999999965
11854,-0.00386,cec_manufacturer,SUNPOWER,190,mono-Si IBC,SunPower X21 345,SunPower X21 345,5.52,345.0,0.0006399999999999995
11857,-0.0039000000000000003,cec_manufacturer,LG,371,n-PERT,LG 285NIC-G3,LG 285NIC-G3,7.98,285.0,0.0005999999999999994
11864,-0.0039000000000000003,cec_manufacturer,LG,371,Unknown,LG-300W,LG-300W,3.6,300.0,0.0005999999999999994
11865,-0.0039000000000000003,cec_manufacturer,LG,371,Unknown,LG,LG,5.92,370.0,0.0005999999999999994
11867,-0.0031,cec_manufacturer,PANASONIC,131,Unknown,Panasonic,Panasonic,6.6,330.0,0.0013999999999999998
11870,-0.0039000000000000003,cec_manufacturer,LG,371,Unknown,LG 335,LG 335,4.69,335.0,0.0005999999999999994
11875,-0.00458,cec_manufacturer,HANWHA,1332,Unknown,Hanwha QCell / 275,Hanwha QCell / 275,3.575,275.0,-8.000000000000021e-05
11876,-0.0046,cec_manufacturer,SUNEDISON,659,Unknown,SunEdison / 270,SunEdison / 270,2.97,270.0,-0.00010000000000000026
11879,-0.0045000000000000005,cec_module,260W,53,Unknown,BenQ 260W,BenQ 260W,4.16,260.0,-8.673617379884035e-19
11880,-0.004079999999999999,cec_module,QPEAKG41,9,PERC,HANWHA Q.PEAK-G4.1 300,HANWHA Q.PEAK-G4.1 300,9.3,300.0,0.00042000000000000023
11881,-0.0043,cec_module,LG275S1CB3,1,mono-Si,LG275S1C-B3,LG275S1C-B3,5.5,275.0,0.00019999999999999966
11882,-0.00417,cec_manufacturer,AXITEC,106,Unknown,Axitec,Axitec,7.35,245.0,0.00032999999999999956
11883,-0.0031,cec_manufacturer,PANASONIC,131,Unknown,Panasonic,Panasonic,12.87,330.0,0.0013999999999999998
11884,-0.004202,cec_manufacturer,SOLARIA,39,mono-Si,Solaria (19x370w & 14x430w),Solaria (19x370w & 14x430w),13.035,395.0,0.00029799999999999965
11885,-0.00356,cec_module,330N1CA5,1,n-PERT,LG325/330N1C-A5,LG325/330N1C-A5,4.62,330.0,0.0009399999999999999
11886,-0.0039000000000000003,cec_manufacturer,LG,371,Unknown,LG,LG,11.55,330.0,0.0005999999999999994
11888,-0.0045,fleet_default,cec_xsi_median,0,Unknown,Panelz,Panelz,7.685,265.0,0.0
11892,-0.0045,fleet_default,cec_xsi_median,0,Unknown,Enlighten 190,Enlighten 190,0.95,190.0,0.0
11893,-0.0045,fleet_default,cec_xsi_median,0,Unknown,N/A,N/A,9.3,300.0,0.0
11894,-0.00424,cec_module,CS6P250P,6,multi-Si,Canadian Solar CS6P-250P,Canadian Solar CS6P-250P,7.0,250.0,0.0002599999999999998
11895,-0.0045,fleet_default,cec_xsi_median,0,Unknown,SolarBoy,SolarBoy,8.82,315.0,0.0
11896,-0.00386,cec_manufacturer,SUNPOWER,190,Unknown,SunPower SunTile,SunPower SunTile,2.268,63.0,0.0006399999999999995
11897,-0.0032,cec_module,LG360Q1CA5,1,n-PERT IBC,LG360Q1C-A5,LG360Q1C-A5,8.28,360.0,0.0012999999999999995
11900,-0.004625000000000001,cec_module,TSM340DE14A,2,mono-Si,Trina TSM-340DE14A II,Trina TSM-340DE14A II,9.18,340.0,-0.00012500000000000098
11902,-0.00458,cec_manufacturer,HANWHA,1332,Unknown,Hanwha Q-Cell,Hanwha Q-Cell,8.45,325.0,-8.000000000000021e-05
11904,-0.0045,fleet_default,cec_xsi_median,0,Unknown,PowerEdge,PowerEdge,9.45,315.0,0.0
11907,-0.0032,cec_module,LG360Q1C,1,n-PERT IBC,LG360Q1C,LG360Q1C,5.4,360.0,0.0012999999999999995
11908,-0.0043,cec_module,LG260S1CB3,1,mono-Si,LG260S1C-B3,LG260S1C-B3,7.8,260.0,0.00019999999999999966
11909,-0.00458,cec_manufacturer,HANWHA,1332,Unknown,Hanwha Q-Cell G5,Hanwha Q-Cell G5,8.82,315.0,-8.000000000000021e-05
11911,-0.0032,cec_module,LG365Q1CA5,1,n-PERT IBC,LG 365Q1C-A5,LG 365Q1C-A5,7.3,365.0,0.0012999999999999995
11913,-0.0038,cec_module,LG315N1CG4,1,n-PERT,LG 315N1C-G4,LG 315N1C-G4,5.355,315.0,0.0006999999999999997
11914,-0.004346,cec_module,300M,92,mono-Si,Silfab 300M,Silfab 300M,6.0,300.0,0.00015399999999999962
11916,-0.004118999999999999,cec_module,CS6K285M,4,mono-Si,Canadian Solar CS6K-285M,Canadian Solar CS6K-285M,9.69,285.0,0.00038100000000000026
11919,-0.00386,cec_manufacturer,SUNPOWER,190,Unknown,SunPower 327,SunPower 327,6.867,327.0,0.0006399999999999995
11921,-0.004555,cec_module,SW250,6,Unknown,Sunmodule SW-250,Sunmodule SW-250,3.5,250.0,-5.500000000000036e-05
11922,-0.0045,fleet_default,cec_xsi_median,0,Unknown,N/A,N/A,2.86,220.0,0.0
11927,-0.0045,fleet_default,cec_xsi_median,0,Unknown,Q Cell,Q Cell,9.15,305.0,0.0
11928,-0.00458,cec_manufacturer,SHARP,145,mono-Si,Sharp NU-A188EY,Sharp NU-A188EY,3.7,185.0,-8.000000000000021e-05
11929,-0.00386,cec_manufacturer,SUNPOWER,190,mono-Si IBC,SunPower X22,SunPower X22,6.66,370.0,0.0006399999999999995
11930,-0.0040999999999999995,cec_manufacturer,SILFAB,72,Unknown,Silfab 300,Silfab 300,5.4,300.0,0.0004000000000000002
11932,-0.0045000000000000005,cec_module,ETP660250WB,8,Unknown,ET-Solar ET-P660250WB,ET-Solar ET-P660250WB,3.5,250.0,-8.673617379884035e-19
11933,-0.0031,cec_module,VBHN330SA17,1,n-SHJ,Panasonic  VBHN330SA17 HIT,Panasonic  VBHN330SA17 HIT,7.92,330.0,0.0013999999999999998
11936,-0.0032,cec_module,LG365Q1CA5,1,n-PERT IBC,LG365Q1C-A5,LG365Q1C-A5,11.315,365.0,0.0012999999999999995
11937,-0.0037,cec_module,LG375,8,Unknown,LG375,LG375,6.75,375.0,0.0007999999999999995
11939,-0.0031,cec_module,VBHN330SA16,2,n-SHJ,Panasonic VBHN330SA-16,Panasonic VBHN330SA-16,6.6,330.0,0.0013999999999999998
11940,-0.00356,cec_module,LG335N1CA5,1,n-PERT,LG335N1C-A5,LG335N1C-A5,7.37,335.0,0.0009399999999999999
11943,-0.004586,cec_module,YL255P29B,1,multi-Si,YL255P-29b,YL255P-29b,5.355,255.0,-8.600000000000014e-05
11944,-0.00424,cec_module,CS6P260P,4,multi-Si,Canadian Solar/CS6P-260P,Canadian Solar/CS6P-260P,5.2,260.0,0.0002599999999999998
11946,-0.0045,fleet_default,cec_xsi_median,0,Unknown,Hitachi,Hitachi,10.5,350.0,0.0
11947,-0.00424,cec_module,CS6P260P,4,multi-Si,Canadian Solar/CS6P-260P,Canadian Solar/CS6P-260P,5.98,260.0,0.0002599999999999998
11949,-0.00424,cec_manufacturer,CANADIANSOLAR,409,Unknown,Canadian Solar,Canadian Solar,4.505,265.0,0.0002599999999999998
11951,-0.003535,cec_module,LG320N1KV5,1,n-PERT,LG 320-N1K-V5,LG 320-N1K-V5,3.52,320.0,0.0009649999999999997
11952,-0.0043,cec_manufacturer,SOLARWORLD,89,Unknown,Solar World,Solar World,6.48,240.0,0.00019999999999999966
11955,-0.0038,cec_module,LG315N1CG4,1,n-PERT,LG NeON2 LG315N1CG4,LG NeON2 LG315N1CG4,6.3,315.0,0.0006999999999999997
11957,-0.0031,cec_manufacturer,PANASONIC,131,Unknown,Panasonic,Panasonic,5.61,330.0,0.0013999999999999998
11958,-0.0040999999999999995,cec_manufacturer,SILFAB,72,mono-Si,Silfab SLA M 300,Silfab SLA M 300,4.8,300.0,0.0004000000000000002
11960,-0.0031,cec_module,VBHN335SA17,1,n-SHJ,Panasonic N335 VBHN335SA17,Panasonic N335 VBHN335SA17,8.71,335.0,0.0013999999999999998
11964,-0.0032,cec_module,LG360Q1CA5,1,n-PERT IBC,LG360Q1C-A5,LG360Q1C-A5,3.96,360.0,0.0012999999999999995
11967,-0.0043,cec_manufacturer,SOLARWORLD,89,Unknown,Solar World,Solar World,14.3,260.0,0.00019999999999999966
11968,-0.00458,cec_manufacturer,HANWHA,1332,Unknown,Hanwha Q-cell,Hanwha Q-cell,8.58,390.0,-8.000000000000021e-05
11969,-0.0031,cec_module,X21345,5,mono-Si IBC,SunPower X21-345,SunPower X21-345,6.9,345.0,0.0013999999999999998
11970,-0.00451,cec_module,300W,46,Unknown,Canadian Solar 300w,Canadian Solar 300w,3.6,300.0,-1.000000000000046e-05
11971,-0.00424,cec_manufacturer,CANADIANSOLAR,409,Unknown,Canadian Solar,Canadian Solar,4.5,250.0,0.0002599999999999998
11975,-0.0032,cec_module,LG350Q1CA5,1,n-PERT IBC,LG350Q1C-A5,LG350Q1C-A5,12.6,350.0,0.0012999999999999995
11976,-0.0040999999999999995,cec_module,LG305N1CB3,1,n-PERT,LG305N1C-B3,LG305N1C-B3,6.71,305.0,0.0004000000000000002
11980,-0.0039000000000000003,cec_manufacturer,LG,371,Unknown,LG,LG,1.24,310.0,0.0005999999999999994
11984,-0.00356,cec_module,LG335N1C,3,n-PERT,LG 335N1C,LG 335N1C,10.05,335.0,0.0009399999999999999
11985,-0.00422,cec_module,330W,19,Unknown,Panasonic 330w,Panasonic 330w,7.59,330.0,0.00027999999999999987
11986,-0.004050000000000001,cec_module,JKM300M60,5,mono-Si,Jinko JKM300M-60,Jinko JKM300M-60,12.98,295.0,0.000449999999999999
11987,-0.0043,cec_manufacturer,SOLARWORLD,89,Unknown,SolarWorld SW 265,SolarWorld SW 265,8.215,265.0,0.00019999999999999966
11988,-0.0045,fleet_default,cec_xsi_median,0,Unknown,Sunworld Sunmodule 265,Sunworld Sunmodule 265,4.24,265.0,0.0
11990,-0.004472,cec_manufacturer,SUNIVA,150,Unknown,Suniva,Suniva,7.83,270.0,2.799999999999938e-05
11991,-0.00386,cec_manufacturer,SUNPOWER,190,mono-Si IBC,SunPower E20-327NE-WHT-D,SunPower E20-327NE-WHT-D,5.886,327.0,0.0006399999999999995
11995,-0.00461,cec_module,CONERGYPM240,1,Unknown,Conergy PM240,Conergy PM240,5.04,240.0,-0.00011000000000000072
11998,-0.004673500000000001,cec_manufacturer,KYOCERA,160,Unknown,Kyocera,Kyocera,7.15,325.0,-0.0001735000000000009
11999,-0.0045,fleet_default,cec_xsi_median,0,Unknown,n/a,n/a,7.685,265.0,0.0
12001,-0.0044,cec_module,SUNEDISONSEF270K,5,mono-Si,SunEdison / SE-F270K,SunEdison / SE-F270K,4.32,270.0,9.99999999999994e-05
12003,-0.0043,cec_manufacturer,REC,725,n-SHJ,REC Alpha REC365AA,REC Alpha REC365AA,9.49,365.0,0.00019999999999999966
12005,-0.00386,cec_manufacturer,SUNPOWER,190,Unknown,SunPower,Sunpower,8.25,275.0,0.0006399999999999995
12006,-0.0032,cec_module,LG370Q1CA5,1,n-PERT IBC,LG370Q1C-A5,LG370Q1C-A5,10.36,370.0,0.0012999999999999995
12007,-0.00386,cec_module,E20327,7,mono-Si IBC,SunPower E20-327,SunPower E20-327,7.848,327.0,0.0006399999999999995
12012,-0.0043,cec_manufacturer,SOLARWORLD,89,Unknown,Solar World,Solar World,3.3,275.0,0.00019999999999999966
12014,-0.00424,cec_module,CS6P260P,4,multi-Si,Canadian Solar/CS6P-260P,Canadian Solar/CS6P-260P,4.16,260.0,0.0002599999999999998
12015,-0.004655,cec_module,KU3408BCA,1,multi-Si,Kyocera KU340-8BCA,Kyocera KU340-8BCA,10.2,340.0,-0.00015500000000000062
12016,-0.0046,cec_manufacturer,SUNEDISON,659,Unknown,SunEdison / 270,SunEdison / 270,12.69,270.0,-0.00010000000000000026
12017,-0.00424,cec_manufacturer,CANADIANSOLAR,409,multi-Si,Canadian Solar CSP-260P,Canadian Solar CSP-260P,4.42,260.0,0.0002599999999999998
12019,-0.0038,cec_module,LG320N1CG4,1,n-PERT,LG320N1C-G4 LG,LG320N1C-G4 LG,4.16,320.0,0.0006999999999999997
12020,-0.0045,fleet_default,cec_xsi_median,0,Unknown,Hansol,Hansol,12.96,360.0,0.0
12021,-0.0045,fleet_default,cec_xsi_median,0,Unknown,Enphase,Enphase,3.42,285.0,0.0
12023,-0.0045000000000000005,cec_module,P660,120,multi-Si,Scheuten Multisol P6-60 U,Scheuten Multisol P6-60 U,3.91,230.0,-8.673617379884035e-19
12024,-0.0039000000000000003,cec_manufacturer,LG,371,Unknown,LG,LG,8.03,364.99999999999994,0.0005999999999999994
12028,-0.0038,cec_module,LG320N1CG4,1,n-PERT,LG320N1C-G4,LG320N1C-G4,5.12,320.0,0.0006999999999999997
12030,-0.00445,cec_module,270W,41,mono-Si,SolarWorld 270W Mono,SolarWorld 270W Mono,9.72,270.0,4.99999999999997e-05
12032,-0.0039000000000000003,cec_manufacturer,LG,371,Unknown,LG,LG,2.24,280.0,0.0005999999999999994
12035,-0.0039000000000000003,cec_manufacturer,LG,371,Unknown,LG,LG,10.95,365.0,0.0005999999999999994
12039,-0.00424,cec_module,CS6P265P,3,multi-Si,Canadian Solar/CS6P-265P,Canadian Solar/CS6P-265P,5.2,260.0,0.0002599999999999998
12040,-0.0045,fleet_default,cec_xsi_median,0,Unknown,Bosch 240,Bosch 240,3.84,240.0,0.0
12043,-0.00356,cec_module,LG335N1CA5,1,n-PERT,LG335N1C-A5,LG335N1C-A5,8.04,334.99999999999994,0.0009399999999999999
12046,-0.00451,cec_module,300W,46,multi-Si,QCell / QPro 300w,QCell / QPro 300w,9.9,300.0,-1.000000000000046e-05
12048,-0.004202,cec_manufacturer,SOLARIA,39,mono-Si,Solaria/Silfab,Solaria/Silfab,5.58,310.0,0.00029799999999999965
12051,-0.0045000000000000005,cec_manufacturer,TRINA,970,Unknown,Trina,Unknown,9.18,340.0,-8.673617379884035e-19
12052,-0.0039000000000000003,cec_manufacturer,LG,371,Unknown,LG,LG,10.54,310.0,0.0005999999999999994
12053,-0.0039000000000000003,cec_manufacturer,LG,371,n-PERT,LG315N1C+DUO-G5-325,LG315N1C+DUO-G5-325,6.615,315.0,0.0005999999999999994
12055,-0.004486,cec_manufacturer,YINGLI,57,Unknown,YingLi,YingLi,3.12,240.0,1.3999999999999256e-05
12058,-0.0031,cec_manufacturer,PANASONIC,131,Unknown,Panasonic,Panasonic,6.27,330.0,0.0013999999999999998
12060,-0.00422,cec_module,LG280,13,Unknown,LG LG280 LG320 LG335,LG LG280 LG320 LG335,14.405,335.0,0.00027999999999999987
12061,-0.0042,cec_module,RECOMRCM3306MA,1,mono-Si,Recom RCM-330-6MA,Recom RCM-330-6MA,2.64,330.0,0.0002999999999999999
12062,-0.00439,cec_module,CS6P,60,Unknown,Canadian Solar CS6P,Canadian Solar CS6P,7.25,250.0,0.00010999999999999985
12064,-0.004,cec_module,N1CA3,4,n-PERT,LG N1C-A3,LG N1C-A3,8.4,300.0,0.0004999999999999996
12067,-0.00424,cec_manufacturer,CANADIANSOLAR,409,Unknown,Canadian Solar / 270,Canadian Solar / 270,5.4,270.0,0.0002599999999999998
12068,-0.00442,cec_module,SUNIVAOPT2606041B0,1,mono-Si,Suniva OPT260-60-4-1B0,Suniva OPT260-60-4-1B0,5.98,260.0,7.999999999999934e-05
12072,-0.00378,cec_module,DUOG5,6,PERC,Hanwha Q Peak Duo-G5 325,Hanwha Q Peak Duo-G5 325,5.2,325.0,0.0007199999999999997
12073,-0.0031,cec_manufacturer,PANASONIC,131,Unknown,Panasonic,Panasonic,5.2,325.0,0.0013999999999999998
12078,-0.0038,cec_module,LG315N1CG4,1,n-PERT,LG LG315N1C-G4,LG LG315N1C-G4,5.985,315.0,0.0006999999999999997
12080,-0.0031,cec_module,VBHN330SA17,1,n-SHJ,Panasonic/VBHN330SA17,Panasonic/VBHN330SA17,8.25,330.0,0.0013999999999999998
12082,-0.00458,cec_manufacturer,SHARP,145,Unknown,Sharp,Sharp,4.9,175.0,-8.000000000000021e-05
12083,-0.0039000000000000003,cec_manufacturer,LG,371,Unknown,LG,LG,5.355,315.0,0.0005999999999999994
12084,-0.0043,cec_manufacturer,REC,725,n-TOPCon,REC320NP,REC320NP,3.84,320.0,0.00019999999999999966
12085,-0.005917,cec_module,SW280,5,Unknown,Solar World/SW280,Solar World/SW280,3.64,280.0,-0.0014170000000000007
12087,-0.00458,cec_module,NUU235F1,1,mono-Si,Sharp 30 NUU235F1 +12 NUU240F2,Sharp 30 NUU235F1 +12 NUU240F2,9.912,236.0,-8.000000000000021e-05
12088,-0.0043,cec_manufacturer,SOLARWORLD,89,Unknown,Sharp & SolarWorld,Sharp & SolarWorld,3.682,263.0,0.00019999999999999966
12089,-0.00407356,cec_module,SN305,3,Unknown,S-Energy/SN305,S-Energy/SN305,12.2,305.0,0.0004264399999999993
12090,-0.0038,cec_module,LG315N1CG4,1,n-PERT,LG 315N1C-G4,LG 315N1C-G4,5.67,315.0,0.0006999999999999997
12091,-0.0045,fleet_default,cec_xsi_median,0,Unknown,Canadian-250,Canadian-250,6.5,250.0,0.0
12095,-0.00456,cec_manufacturer,SILIKEN,146,Unknown,Siliken,Siliken,9.68,220.0,-6.000000000000016e-05
12097,-0.003448,cec_module,CS1H325MS,1,PERC,Canadian Solar CS1H-325MS,Canadian Solar CS1H-325MS,7.8,325.0,0.0010519999999999996
12098,-0.004,cec_module,SRP2906MBBB,1,PERC,Seraphim SRP-290-6MB-BB,Seraphim SRP-290-6MB-BB,9.28,290.0,0.0004999999999999996
12099,-0.0044,cec_module,LG260S1CG3,1,mono-Si,LG260S1C-G3 LG,LG260S1C-G3 LG,11.44,260.0,9.99999999999994e-05
12100,-0.0045,fleet_default,cec_xsi_median,0,Unknown,BenQ Solar,BenQ Solar,2.7,150.0,0.0
12134,-0.00424,cec_module,CS6P260P,4,multi-Si,Canadian Solar/CS6P-260P,Canadian Solar/CS6P-260P,7.54,260.0,0.0002599999999999998
12141,-0.0043,cec_module,LG275S1CB3,1,mono-Si,LG 275S1C-B3,LG 275S1C-B3,10.175,275.0,0.00019999999999999966
12155,-0.0035399999999999997,cec_module,LG52,3,PERC,Hanwha Q.PEAK DUO L-G5.2,Hanwha Q.PEAK DUO L-G5.2,8.8,400.0,0.0009599999999999999
12161,-0.0038,cec_module,LG315N1CG4,1,n-PERT,LG LG315N1C-G4,LG LG315N1C-G4,7.56,315.0,0.0006999999999999997
12179,-0.0035199999999999997,cec_module,LG335N1CV5,1,n-PERT,LG 335N1C-V5,LG 335N1C-V5,5.025,335.0,0.00098
12184,-0.0045,fleet_default,cec_xsi_median,0,Unknown,IQ8PLUS,IQ8PLUS,14.4,600.0,0.0
12197,-0.00378,cec_module,DUOG5,7,PERC,Hanwha Q.Peak Duo-G5 315,Hanwha Q.Peak Duo-G5 315,8.505,315.0,0.0007199999999999997
12202,-0.0043,cec_manufacturer,SOLARWORLD,89,mono-Si,Solar World 285 Mono,Solar World 285 Mono,6.555,285.0,0.00019999999999999966
12221,-0.0043,cec_module,LG275S1CB3,1,mono-Si,LG LG275S1C-B3,LG LG275S1C-B3,8.0,250.0,0.00019999999999999966
12233,-0.00458,cec_manufacturer,HANWHA,1332,Unknown,Hanwha,Unknown,5.0,250.0,-8.000000000000021e-05
12252,-0.00392,cec_module,QPEAKBLKG41295,1,PERC,Q.PEAKBLK-G4.1 295,Q.PEAKBLK-G4.1 295,9.44,295.0,0.0005799999999999998
12274,-0.00438,cec_module,ND250QCS,1,multi-Si,Sharp ND-250QCS ND-F4Q300,Sharp ND-250QCS ND-F4Q300,8.25,250.0,0.00011999999999999945
12280,-0.004975905,cec_module,HISS270RG,2,mono-Si,Hyundai HIS-S270RG,Hyundai HIS-S270RG,6.48,270.0,-0.0004759050000000004
12294,-0.0038,cec_module,LG315N1CG4,1,n-PERT,LG 315N1C-G4,LG 315N1C-G4,5.355,315.0,0.0006999999999999997
12308,-0.004779,cec_module,KD330GXLFB,1,multi-Si,Kyocera KD330GX-LFB,Kyocera KD330GX-LFB,4.95,330.0,-0.0002790000000000006
12325,-0.0043690000000000005,cec_module,CONERGYPH255P,1,Unknown,Conergy PH255P,Conergy PH255P,11.22,255.0,0.00013099999999999917
12333,-0.00458,cec_manufacturer,QCELLS,1372,Unknown,Q CELLS,Q CELLS,3.965,305.0,-8.000000000000021e-05
12423,-0.0045,fleet_default,cec_xsi_median,0,,,,10.8,,0.0
12459,-0.00424,cec_module,CS6P265P,3,multi-Si,Canadian Solar/CS6P-265P,Canadian Solar/CS6P-265P,4.24,265.0,0.0002599999999999998
12494,-0.0045,fleet_default,cec_xsi_median,0,,,,4.59,,0.0
14500,-0.0045,fleet_default,cec_xsi_median,0,,,,14.43,,0.0
14501,-0.0045,fleet_default,cec_xsi_median,0,,,,6.84,,0.0
14503,-0.0045,fleet_default,cec_xsi_median,0,,,,7.1,,0.0
14504,-0.0045,fleet_default,cec_xsi_median,0,,,,13.49,,0.0
14505,-0.0045,fleet_default,cec_xsi_median,0,,,,6.43,,0.0
14507,-0.0045,fleet_default,cec_xsi_median,0,,,,7.45,,0.0
14509,-0.0045,fleet_default,cec_xsi_median,0,,,,6.37,,0.0
14510,-0.0045,fleet_default,cec_xsi_median,0,,,,5.09,,0.0
14512,-0.0045,fleet_default,cec_xsi_median,0,,,,7.97,,0.0
14514,-0.0045,fleet_default,cec_xsi_median,0,,,,4.22,,0.0
14515,-0.0045,fleet_default,cec_xsi_median,0,,,,5.3,,0.0
14516,-0.0045,fleet_default,cec_xsi_median,0,,,,6.14,,0.0
14517,-0.0045,fleet_default,cec_xsi_median,0,,,,5.13,,0.0
14518,-0.0045,fleet_default,cec_xsi_median,0,,,,2.83,,0.0
14519,-0.0045,fleet_default,cec_xsi_median,0,,,,12.1,,0.0
14520,-0.0045,fleet_default,cec_xsi_median,0,,,,8.84,,0.0
14521,-0.0045,fleet_default,cec_xsi_median,0,,,,12.42,,0.0
14522,-0.0045,fleet_default,cec_xsi_median,0,,,,10.56,,0.0
14523,-0.0045,fleet_default,cec_xsi_median,0,,,,6.91,,0.0
14524,-0.0045,fleet_default,cec_xsi_median,0,,,,12.26,,0.0
14526,-0.0045,fleet_default,cec_xsi_median,0,,,,6.27,,0.0
14527,-0.0045,fleet_default,cec_xsi_median,0,,,,4.88,,0.0
14528,-0.0045,fleet_default,cec_xsi_median,0,,,,9.41,,0.0
14529,-0.0045,fleet_default,cec_xsi_median,0,,,,6.31,,0.0
14530,-0.0045,fleet_default,cec_xsi_median,0,,,,6.94,,0.0
14531,-0.0045,fleet_default,cec_xsi_median,0,,,,5.4,,0.0
14532,-0.0045,fleet_default,cec_xsi_median,0,,,,3.77,,0.0
14533,-0.0045,fleet_default,cec_xsi_median,0,,,,5.86,,0.0
14534,-0.0045,fleet_default,cec_xsi_median,0,,,,4.32,,0.0
14535,-0.0045,fleet_default,cec_xsi_median,0,,,,7.21,,0.0
14536,-0.0045,fleet_default,cec_xsi_median,0,,,,7.86,,0.0
14537,-0.0045,fleet_default,cec_xsi_median,0,,,,5.36,,0.0
14538,-0.0045,fleet_default,cec_xsi_median,0,,,,9.74,,0.0
14539,-0.0045,fleet_default,cec_xsi_median,0,,,,8.11,,0.0
14540,-0.0045,fleet_default,cec_xsi_median,0,,,,8.05,,0.0
14542,-0.0045,fleet_default,cec_xsi_median,0,,,,10.2,,0.0
14543,-0.0045,fleet_default,cec_xsi_median,0,,,,10.79,,0.0
14544,-0.0045,fleet_default,cec_xsi_median,0,,,,3.78,,0.0
14546,-0.0045,fleet_default,cec_xsi_median,0,,,,5.06,,0.0
14547,-0.0045,fleet_default,cec_xsi_median,0,,,,9.26,,0.0
14548,-0.0045,fleet_default,cec_xsi_median,0,,,,12.25,,0.0
14549,-0.0045,fleet_default,cec_xsi_median,0,,,,4.55,,0.0
14550,-0.0045,fleet_default,cec_xsi_median,0,,,,2.86,,0.0
14551,-0.0045,fleet_default,cec_xsi_median,0,,,,6.75,,0.0
14552,-0.0045,fleet_default,cec_xsi_median,0,,,,10.71,,0.0
14554,-0.0045,fleet_default,cec_xsi_median,0,,,,11.21,,0.0
14555,-0.0045,fleet_default,cec_xsi_median,0,,,,5.37,,0.0
14556,-0.0045,fleet_default,cec_xsi_median,0,,,,3.0,,0.0
14557,-0.0045,fleet_default,cec_xsi_median,0,,,,5.24,,0.0
14558,-0.0045,fleet_default,cec_xsi_median,0,,,,5.67,,0.0
14559,-0.0045,fleet_default,cec_xsi_median,0,,,,2.95,,0.0
14560,-0.0045,fleet_default,cec_xsi_median,0,,,,8.83,,0.0
14561,-0.0045,fleet_default,cec_xsi_median,0,,,,2.92,,0.0
14562,-0.0045,fleet_default,cec_xsi_median,0,,,,2.54,,0.0
14563,-0.0045,fleet_default,cec_xsi_median,0,,,,2.72,,0.0
14564,-0.0045,fleet_default,cec_xsi_median,0,,,,3.99,,0.0
14565,-0.0045,fleet_default,cec_xsi_median,0,,,,3.48,,0.0
14566,-0.0045,fleet_default,cec_xsi_median,0,,,,4.97,,0.0
14590,-0.0045,fleet_default,cec_xsi_median,0,,,,6.25,,0.0
14591,-0.0045,fleet_default,cec_xsi_median,0,,,,4.03,,0.0
14592,-0.0045,fleet_default,cec_xsi_median,0,,,,6.63,,0.0
14593,-0.0045,fleet_default,cec_xsi_median,0,,,,4.67,,0.0
14594,-0.0045,fleet_default,cec_xsi_median,0,,,,10.17,,0.0
14595,-0.0045,fleet_default,cec_xsi_median,0,,,,12.65,,0.0
14599,-0.0045,fleet_default,cec_xsi_median,0,,,,3.1,,0.0
14603,-0.0045,fleet_default,cec_xsi_median,0,,,,6.45,,0.0
14604,-0.0045,fleet_default,cec_xsi_median,0,,,,5.63,,0.0
14605,-0.0045,fleet_default,cec_xsi_median,0,,,,3.86,,0.0
14606,-0.0045,fleet_default,cec_xsi_median,0,,,,3.7,,0.0
14607,-0.0045,fleet_default,cec_xsi_median,0,,,,4.17,,0.0
14608,-0.0045,fleet_default,cec_xsi_median,0,,,,10.97,,0.0
14609,-0.0045,fleet_default,cec_xsi_median,0,,,,5.72,,0.0
14610,-0.0045,fleet_default,cec_xsi_median,0,,,,9.4,,0.0
14611,-0.0045,fleet_default,cec_xsi_median,0,,,,6.55,,0.0
14612,-0.0045,fleet_default,cec_xsi_median,0,,,,2.92,,0.0
14613,-0.0045,fleet_default,cec_xsi_median,0,,,,3.96,,0.0
14615,-0.0045,fleet_default,cec_xsi_median,0,,,,3.83,,0.0
14616,-0.0045,fleet_default,cec_xsi_median,0,,,,5.99,,0.0
14617,-0.0045,fleet_default,cec_xsi_median,0,,,,8.77,,0.0
14618,-0.0045,fleet_default,cec_xsi_median,0,,,,5.09,,0.0
14619,-0.0045,fleet_default,cec_xsi_median,0,,,,5.05,,0.0
14620,-0.0045,fleet_default,cec_xsi_median,0,,,,5.13,,0.0
14621,-0.0045,fleet_default,cec_xsi_median,0,,,,7.11,,0.0
14622,-0.0045,fleet_default,cec_xsi_median,0,,,,2.99,,0.0
14623,-0.0045,fleet_default,cec_xsi_median,0,,,,9.03,,0.0
14624,-0.0045,fleet_default,cec_xsi_median,0,,,,5.42,,0.0
14625,-0.0045,fleet_default,cec_xsi_median,0,,,,11.88,,0.0
14626,-0.0045,fleet_default,cec_xsi_median,0,,,,2.92,,0.0
14627,-0.0045,fleet_default,cec_xsi_median,0,,,,8.77,,0.0
14628,-0.0045,fleet_default,cec_xsi_median,0,,,,6.89,,0.0
14629,-0.0045,fleet_default,cec_xsi_median,0,,,,13.13,,0.0
14630,-0.0045,fleet_default,cec_xsi_median,0,,,,6.51,,0.0
14631,-0.0045,fleet_default,cec_xsi_median,0,,,,3.77,,0.0
14632,-0.0045,fleet_default,cec_xsi_median,0,,,,3.94,,0.0
14633,-0.0045,fleet_default,cec_xsi_median,0,,,,8.66,,0.0
14634,-0.0045,fleet_default,cec_xsi_median,0,,,,5.29,,0.0
14635,-0.0045,fleet_default,cec_xsi_median,0,,,,3.64,,0.0
14636,-0.0045,fleet_default,cec_xsi_median,0,,,,4.0,,0.0
14638,-0.0045,fleet_default,cec_xsi_median,0,,,,3.33,,0.0
14639,-0.0045,fleet_default,cec_xsi_median,0,,,,7.41,,0.0
14640,-0.0045,fleet_default,cec_xsi_median,0,,,,7.03,,0.0
14641,-0.0045,fleet_default,cec_xsi_median,0,,,,5.77,,0.0
14642,-0.0045,fleet_default,cec_xsi_median,0,,,,3.9,,0.0
14643,-0.0045,fleet_default,cec_xsi_median,0,,,,2.79,,0.0
14644,-0.0045,fleet_default,cec_xsi_median,0,,,,2.63,,0.0
14646,-0.0045,fleet_default,cec_xsi_median,0,,,,3.81,,0.0
14647,-0.0045,fleet_default,cec_xsi_median,0,,,,3.23,,0.0
14648,-0.0045,fleet_default,cec_xsi_median,0,,,,2.71,,0.0
14649,-0.0045,fleet_default,cec_xsi_median,0,,,,3.09,,0.0
14650,-0.0045,fleet_default,cec_xsi_median,0,,,,3.84,,0.0
14651,-0.0045,fleet_default,cec_xsi_median,0,,,,11.96,,0.0
14652,-0.0045,fleet_default,cec_xsi_median,0,,,,6.03,,0.0
14653,-0.0045,fleet_default,cec_xsi_median,0,,,,4.57,,0.0
14654,-0.0045,fleet_default,cec_xsi_median,0,,,,7.54,,0.0
14655,-0.0045,fleet_default,cec_xsi_median,0,,,,6.55,,0.0
14656,-0.0045,fleet_default,cec_xsi_median,0,,,,9.24,,0.0
14657,-0.0045,fleet_default,cec_xsi_median,0,,,,2.44,,0.0
14658,-0.0045,fleet_default,cec_xsi_median,0,,,,4.77,,0.0
14659,-0.0045,fleet_default,cec_xsi_median,0,,,,3.81,,0.0
14660,-0.0045,fleet_default,cec_xsi_median,0,,,,5.92,,0.0
14661,-0.0045,fleet_default,cec_xsi_median,0,,,,11.74,,0.0
14662,-0.0045,fleet_default,cec_xsi_median,0,,,,5.5,,0.0
14663,-0.0045,fleet_default,cec_xsi_median,0,,,,12.4,,0.0
14664,-0.0045,fleet_default,cec_xsi_median,0,,,,3.47,,0.0
14665,-0.0045,fleet_default,cec_xsi_median,0,,,,5.19,,0.0
14666,-0.0045,fleet_default,cec_xsi_median,0,,,,12.91,,0.0
14667,-0.0045,fleet_default,cec_xsi_median,0,,,,7.31,,0.0
14668,-0.0045,fleet_default,cec_xsi_median,0,,,,11.57,,0.0
14669,-0.0045,fleet_default,cec_xsi_median,0,,,,7.55,,0.0
14670,-0.0045,fleet_default,cec_xsi_median,0,,,,3.08,,0.0
14671,-0.0045,fleet_default,cec_xsi_median,0,,,,9.41,,0.0
14673,-0.0045,fleet_default,cec_xsi_median,0,,,,11.38,,0.0
14674,-0.0045,fleet_default,cec_xsi_median,0,,,,4.98,,0.0
14675,-0.0045,fleet_default,cec_xsi_median,0,,,,7.54,,0.0
14676,-0.0045,fleet_default,cec_xsi_median,0,,,,5.44,,0.0
14677,-0.0045,fleet_default,cec_xsi_median,0,,,,6.77,,0.0
14678,-0.0045,fleet_default,cec_xsi_median,0,,,,7.35,,0.0
14679,-0.0045,fleet_default,cec_xsi_median,0,,,,4.43,,0.0
14680,-0.0045,fleet_default,cec_xsi_median,0,,,,13.51,,0.0
14681,-0.0045,fleet_default,cec_xsi_median,0,,,,3.76,,0.0
14682,-0.0045,fleet_default,cec_xsi_median,0,,,,12.08,,0.0
14683,-0.0045,fleet_default,cec_xsi_median,0,,,,10.09,,0.0
14684,-0.0045,fleet_default,cec_xsi_median,0,,,,7.1,,0.0
14685,-0.0045,fleet_default,cec_xsi_median,0,,,,2.89,,0.0
14687,-0.0045,fleet_default,cec_xsi_median,0,,,,3.99,,0.0
14688,-0.0045,fleet_default,cec_xsi_median,0,,,,6.67,,0.0
14689,-0.0045,fleet_default,cec_xsi_median,0,,,,1.6,,0.0
14690,-0.0045,fleet_default,cec_xsi_median,0,,,,7.32,,0.0
14691,-0.0045,fleet_default,cec_xsi_median,0,,,,7.06,,0.0
14692,-0.0045,fleet_default,cec_xsi_median,0,,,,3.9,,0.0
14699,-0.0045,fleet_default,cec_xsi_median,0,,,,8.47,,0.0
14700,-0.0045,fleet_default,cec_xsi_median,0,,,,7.55,,0.0
14701,-0.0045,fleet_default,cec_xsi_median,0,,,,1.6,,0.0
14703,-0.0045,fleet_default,cec_xsi_median,0,,,,10.68,,0.0
14704,-0.0045,fleet_default,cec_xsi_median,0,,,,1.29,,0.0
14705,-0.0045,fleet_default,cec_xsi_median,0,,,,3.48,,0.0
14706,-0.0045,fleet_default,cec_xsi_median,0,,,,1.58,,0.0
14707,-0.0045,fleet_default,cec_xsi_median,0,,,,1.68,,0.0
14708,-0.0045,fleet_default,cec_xsi_median,0,,,,2.48,,0.0
14709,-0.0045,fleet_default,cec_xsi_median,0,,,,14.46,,0.0
14712,-0.0045,fleet_default,cec_xsi_median,0,,,,5.64,,0.0
14715,-0.0045,fleet_default,cec_xsi_median,0,,,,9.39,,0.0
14716,-0.0045,fleet_default,cec_xsi_median,0,,,,5.55,,0.0
14718,-0.0045,fleet_default,cec_xsi_median,0,,,,3.84,,0.0
14719,-0.0045,fleet_default,cec_xsi_median,0,,,,0.74,,0.0
14720,-0.0045,fleet_default,cec_xsi_median,0,,,,6.99,,0.0
14721,-0.0045,fleet_default,cec_xsi_median,0,,,,6.53,,0.0
14722,-0.0045,fleet_default,cec_xsi_median,0,,,,11.09,,0.0
14723,-0.0045,fleet_default,cec_xsi_median,0,,,,9.39,,0.0
14724,-0.0045,fleet_default,cec_xsi_median,0,,,,6.01,,0.0
14725,-0.0045,fleet_default,cec_xsi_median,0,,,,3.13,,0.0
14726,-0.0045,fleet_default,cec_xsi_median,0,,,,6.85,,0.0
14727,-0.0045,fleet_default,cec_xsi_median,0,,,,1.59,,0.0
14728,-0.0045,fleet_default,cec_xsi_median,0,,,,1.68,,0.0
14730,-0.0045,fleet_default,cec_xsi_median,0,,,,1.63,,0.0
14731,-0.0045,fleet_default,cec_xsi_median,0,,,,9.79,,0.0
14732,-0.0045,fleet_default,cec_xsi_median,0,,,,2.75,,0.0
14733,-0.0045,fleet_default,cec_xsi_median,0,,,,7.23,,0.0
14734,-0.0045,fleet_default,cec_xsi_median,0,,,,6.83,,0.0
14736,-0.0045,fleet_default,cec_xsi_median,0,,,,5.46,,0.0
14737,-0.0045,fleet_default,cec_xsi_median,0,,,,4.67,,0.0
14738,-0.0045,fleet_default,cec_xsi_median,0,,,,10.19,,0.0
