id,mask_px,orientation,orientation_method,tilt_deg,reason,theta1_deg,pitch1_px,ac1,theta2_deg,pitch2_px,ac2,pitch1_m,pitch2_m,upslope_frac1,upslope_frac2,long_axis_upslope_frac
0,0,unknown,flat_or_low_tilt,0.2475759364433042,tilt 0.2 deg < 5: no defined slope direction,,,,,,,,,,,
1,0,unknown,flat_or_low_tilt,0.6017470558108345,tilt 0.6 deg < 5: no defined slope direction,,,,,,,,,,,
2,0,unknown,flat_or_low_tilt,1.1960493041960176,tilt 1.2 deg < 5: no defined slope direction,,,,,,,,,,,
3,0,unknown,flat_or_low_tilt,1.4208733254247243,tilt 1.4 deg < 5: no defined slope direction,,,,,,,,,,,
4,0,unknown,flat_or_low_tilt,0.4599851901681259,tilt 0.5 deg < 5: no defined slope direction,,,,,,,,,,,
5,0,unknown,flat_or_low_tilt,1.1383258324265797,tilt 1.1 deg < 5: no defined slope direction,,,,,,,,,,,
6,0,unknown,flat_or_low_tilt,1.2121185309626936,tilt 1.2 deg < 5: no defined slope direction,,,,,,,,,,,
7,0,unknown,flat_or_low_tilt,0.3543709871044706,tilt 0.4 deg < 5: no defined slope direction,,,,,,,,,,,
8,0,unknown,flat_or_low_tilt,1.133746016956415,tilt 1.1 deg < 5: no defined slope direction,,,,,,,,,,,
9,0,unknown,flat_or_low_tilt,0.1037496500143746,tilt 0.1 deg < 5: no defined slope direction,,,,,,,,,,,
10,0,unknown,flat_or_low_tilt,1.2333403377529408,tilt 1.2 deg < 5: no defined slope direction,,,,,,,,,,,
11,0,unknown,flat_or_low_tilt,0.5194701197386604,tilt 0.5 deg < 5: no defined slope direction,,,,,,,,,,,
12,170735,portrait,long_axis_measured,7.744692518137795,,0.0,16.0,0.89195222711447,90.0,32.0,0.7889800196467137,1.017,2.051,0.066,0.998,0.998
13,0,unknown,no_plane_fit,19.06559747544372,no usable lidar plane fit,,,,,,,,,,,
14,73895,portrait,long_axis_measured,8.435308585270462,,0.0,16.0,0.8834138661763804,90.0,32.0,0.7547808965870398,1.017,2.054,0.074,0.997,0.997
15,0,unknown,no_plane_fit,11.563401621031169,no usable lidar plane fit,,,,,,,,,,,
16,0,unknown,no_plane_fit,19.61203453962843,no usable lidar plane fit,,,,,,,,,,,
17,17858,landscape,long_axis_measured,9.7053704780277,,90.0,32.0,0.879570637292015,0.0,17.0,0.5050124002117722,2.032,1.095,0.012,1.0,0.012
18,0,unknown,no_plane_fit,14.760676042071978,no usable lidar plane fit,,,,,,,,,,,
19,0,unknown,no_plane_fit,28.646827877985075,no usable lidar plane fit,,,,,,,,,,,
20,3430,portrait,long_axis_measured,18.237127269675565,,10.0,14.0,0.4969635141556443,100.0,29.0,0.08571832974826155,0.897,1.937,0.18,0.984,0.984
21,7588,unknown,unresolved,19.33531801106185,both pitches match a module long axis; ambiguous,130.0,20.0,0.3516116037288717,40.0,29.0,-0.2917450238142374,1.315,1.928,0.611,0.792,
22,0,unknown,no_plane_fit,66.9031579350709,no usable lidar plane fit,,,,,,,,,,,
23,0,unknown,insufficient_pixels,7.095662300397719,only 682 image pixels; need 2500 for a reliable grid,,,,,,,,,,,
24,0,unknown,no_plane_fit,81.50420904314484,no usable lidar plane fit,,,,,,,,,,,
25,0,unknown,insufficient_pixels,21.793873434832484,only 1488 image pixels; need 2500 for a reliable grid,,,,,,,,,,,
26,13016,unknown,unresolved,14.090341513762636,no periodic peak in one or both directions,90.0,13.0,0.4139186229164387,0.0,,,,,,,
27,4340,landscape,long_axis_measured,17.774981706814852,,0.0,28.0,0.6772732747026858,90.0,17.0,0.6372205770612334,1.779,1.134,0.008,1.0,0.008
28,5439,portrait,long_axis_measured,19.02542737739773,,90.0,16.0,0.8363317798693886,0.0,25.0,0.5546559522135859,1.019,1.679,0.049,0.999,0.999
29,0,unknown,insufficient_pixels,11.93595323064991,only 1586 image pixels; need 2500 for a reliable grid,,,,,,,,,,,
30,20430,unknown,unresolved,13.600305436780811,no periodic peak in one or both directions,90.0,13.0,0.5209976429785814,0.0,,,,,,,
31,0,unknown,no_plane_fit,52.94729765242242,no usable lidar plane fit,,,,,,,,,,,
32,3645,portrait,long_axis_measured,21.366328265626144,,40.0,36.0,0.33047985261424895,130.0,27.0,0.27709871394635877,2.394,1.809,0.654,0.757,0.757
33,5208,portrait,long_axis_measured,19.01512851092111,,0.0,16.0,0.6727491499451164,90.0,25.0,0.5343250091785698,1.016,1.679,0.003,1.0,1.0
34,0,unknown,no_plane_fit,57.48982552863766,no usable lidar plane fit,,,,,,,,,,,
35,19578,unknown,unresolved,13.953450846639347,no periodic peak in one or both directions,90.0,27.0,0.5765031983493687,0.0,,,,,,,
36,0,unknown,insufficient_pixels,18.232796990970503,only 1846 image pixels; need 2500 for a reliable grid,,,,,,,,,,,
37,0,unknown,insufficient_pixels,18.191825514145545,only 875 image pixels; need 2500 for a reliable grid,,,,,,,,,,,
38,3472,unknown,unresolved,16.571879487937572,both pitches match a module short axis; ambiguous,120.0,12.0,0.5450992828941027,30.0,12.0,0.16931182374906473,0.778,0.791,0.487,0.873,
39,9584,unknown,unresolved,22.894264321082503,both pitches match a module short axis; ambiguous,140.0,11.0,0.7672314852103156,50.0,11.0,0.2671232537572462,0.758,0.706,0.99,0.139,
40,12677,unknown,unresolved,14.105536910918234,both pitches match a module short axis; ambiguous,170.0,14.0,0.6772134825326453,80.0,17.0,0.4119308798347367,0.897,1.111,0.312,0.95,
41,3997,portrait,short_axis_inferred,18.03267877436805,,60.0,14.0,0.6350175547735082,150.0,33.0,0.3166379433429933,0.928,2.15,0.855,0.519,0.519
42,10884,portrait,long_axis_measured,15.930302338454794,,10.0,15.0,0.5539249031332615,100.0,26.0,0.2251160328495479,0.969,1.71,0.437,0.899,0.899
43,0,unknown,flat_or_low_tilt,0.5015919962285305,tilt 0.5 deg < 5: no defined slope direction,,,,,,,,,,,
44,0,unknown,flat_or_low_tilt,0.8961302010877861,tilt 0.9 deg < 5: no defined slope direction,,,,,,,,,,,
45,0,unknown,flat_or_low_tilt,1.632035682573244,tilt 1.6 deg < 5: no defined slope direction,,,,,,,,,,,
46,4536,portrait,long_axis_measured,18.66674953150766,,150.0,29.0,0.4386811321378862,60.0,35.0,0.2260191459255805,1.9,2.321,0.589,0.808,0.589
47,6338,landscape,short_axis_inferred,22.11739861720847,,140.0,11.0,0.8442163309965,50.0,35.0,0.0535569487311488,0.754,2.233,0.998,0.066,0.066
48,12578,landscape,long_axis_measured,9.31983665123347,,140.0,15.0,0.6904728894886077,50.0,28.0,0.4510467818982863,0.965,1.78,0.997,0.074,0.074
49,7164,landscape,long_axis_measured,19.44093688335147,,140.0,11.0,0.8395040149958861,50.0,28.0,0.6081056694847392,0.741,1.784,0.998,0.06,0.06
50,6536,portrait,short_axis_inferred,17.62069568727169,,130.0,11.0,0.4171340643624744,40.0,34.0,0.2995503263988554,0.704,2.264,0.16,0.987,0.987
51,0,unknown,insufficient_pixels,18.544072127185004,only 1859 image pixels; need 2500 for a reliable grid,,,,,,,,,,,
52,16936,unknown,unresolved,19.32827541530243,no periodic peak in one or both directions,0.0,20.0,0.841671337795818,90.0,,,,,,,
53,7664,unknown,unresolved,9.524576855236702,both pitches match a module short axis; ambiguous,140.0,11.0,0.7171368297881991,50.0,18.0,0.3313414746261161,0.708,1.144,0.997,0.075,
54,0,unknown,no_plane_fit,62.86531932002573,no usable lidar plane fit,,,,,,,,,,,
55,4804,landscape,long_axis_measured,9.409305300452802,,50.0,27.0,0.8431731968294144,140.0,11.0,0.3870034085731995,1.717,0.708,0.088,0.996,0.088
56,0,unknown,no_plane_fit,38.47587470996567,no usable lidar plane fit,,,,,,,,,,,
57,0,unknown,flat_or_low_tilt,2.882537200578447,tilt 2.9 deg < 5: no defined slope direction,,,,,,,,,,,
58,0,unknown,flat_or_low_tilt,0.5292413085328922,tilt 0.5 deg < 5: no defined slope direction,,,,,,,,,,,
59,0,unknown,no_plane_fit,72.33050040232746,no usable lidar plane fit,,,,,,,,,,,
60,4598,unknown,unresolved,20.21224721594093,both pitches match a module short axis; ambiguous,0.0,16.0,0.695340868642923,90.0,16.0,0.0347078333594926,1.016,1.083,0.001,1.0,
61,0,unknown,no_plane_fit,3.64889516668537,no usable lidar plane fit,,,,,,,,,,,
62,9530,unknown,unresolved,9.056823036884998,both pitches match a module long axis; ambiguous,100.0,26.0,0.3630868521199854,10.0,20.0,0.1423044222827766,1.671,1.274,0.969,0.248,
63,6629,landscape,short_axis_inferred,26.84749807329096,,140.0,11.0,0.8575157518183235,50.0,35.0,-0.0079124210167757,0.782,2.255,0.991,0.133,0.133
64,0,unknown,insufficient_pixels,26.7926613580519,only 1276 image pixels; need 2500 for a reliable grid,,,,,,,,,,,
65,4834,portrait,short_axis_inferred,29.09611198990852,,80.0,37.0,0.3225458467558872,170.0,15.0,0.3200174989661403,2.659,1.001,0.922,0.386,0.922
66,12790,portrait,long_axis_measured,16.243390631496773,,100.0,25.0,0.4603950490042327,10.0,14.0,0.3895186778651024,1.652,0.896,0.982,0.188,0.982
67,5150,unknown,unresolved,17.35315113123305,no periodic peak in one or both directions,10.0,16.0,0.3143154270055337,100.0,,,,,,,
68,3174,unknown,unresolved,15.444064897997762,"no pitch within 30% of 1.65 m or 0.99 m; likely row pitch, not module pitch",70.0,34.0,0.6797951063237502,160.0,39.0,-0.17451888800115106,2.232,2.516,0.902,0.431,
69,0,unknown,no_plane_fit,42.73749203775527,no usable lidar plane fit,,,,,,,,,,,
70,3555,unknown,unresolved,18.00610792526971,"no pitch within 30% of 1.65 m or 0.99 m; likely row pitch, not module pitch",50.0,36.0,0.4545153453042159,140.0,39.0,0.3590383114799715,2.379,2.551,0.801,0.598,
71,0,unknown,no_plane_fit,56.77221321380108,no usable lidar plane fit,,,,,,,,,,,
72,0,unknown,insufficient_pixels,20.85651895961317,only 2080 image pixels; need 2500 for a reliable grid,,,,,,,,,,,
73,0,unknown,insufficient_pixels,26.15585703595209,only 1449 image pixels; need 2500 for a reliable grid,,,,,,,,,,,
74,0,unknown,no_plane_fit,61.19148417578928,no usable lidar plane fit,,,,,,,,,,,
75,2728,portrait,long_axis_measured,26.22049304481985,,60.0,27.0,0.34774863809934364,150.0,13.0,0.20266290665173575,1.897,0.857,0.936,0.353,0.936
76,0,unknown,insufficient_pixels,25.95734087491689,only 1174 image pixels; need 2500 for a reliable grid,,,,,,,,,,,
77,4838,portrait,long_axis_measured,17.874310138406283,,10.0,31.0,0.6976726049867055,100.0,16.0,-0.1370299451147559,2.066,1.027,0.977,0.214,0.977
78,3550,landscape,long_axis_measured,24.166611498865056,,50.0,13.0,0.6110565893820292,140.0,19.0,0.17587715400858187,0.903,1.23,0.975,0.221,0.221
79,7126,unknown,unresolved,18.08444045945791,no periodic peak in one or both directions,80.0,30.0,0.2779055127852147,170.0,,,,,,,
80,0,unknown,insufficient_pixels,18.102082497819204,only 1608 image pixels; need 2500 for a reliable grid,,,,,,,,,,,
81,0,unknown,insufficient_pixels,15.684430553511282,only 2422 image pixels; need 2500 for a reliable grid,,,,,,,,,,,
82,0,unknown,insufficient_pixels,10.283099097126373,only 1961 image pixels; need 2500 for a reliable grid,,,,,,,,,,,
83,0,unknown,insufficient_pixels,24.744187717024158,only 1126 image pixels; need 2500 for a reliable grid,,,,,,,,,,,
84,0,unknown,insufficient_pixels,38.02109217689564,only 1532 image pixels; need 2500 for a reliable grid,,,,,,,,,,,
85,0,unknown,no_plane_fit,12.401344369590651,no usable lidar plane fit,,,,,,,,,,,
86,3275,landscape,long_axis_measured,19.95530419170778,,150.0,12.0,0.670207928130634,60.0,27.0,0.33561594569036945,0.806,1.757,0.913,0.407,0.407
87,0,unknown,insufficient_pixels,19.265069544376814,only 1936 image pixels; need 2500 for a reliable grid,,,,,,,,,,,
88,4420,portrait,long_axis_measured,15.694534080403251,,120.0,35.0,0.3450660641228861,30.0,24.0,0.0016537323665046,2.231,1.583,0.108,0.994,0.994
89,4482,landscape,long_axis_measured,18.84817356925004,,150.0,12.0,0.3909397672732596,60.0,19.0,0.2169816631796693,0.801,1.233,0.913,0.407,0.407
90,3998,landscape,long_axis_measured,18.95102750447451,,150.0,12.0,0.7369566965194594,60.0,18.0,0.1902309390362229,0.801,1.17,0.907,0.422,0.422
91,3555,portrait,long_axis_measured,24.033488610859937,,140.0,27.0,0.657482200469525,50.0,13.0,0.16218568791210675,1.872,0.844,0.968,0.249,0.968
92,0,unknown,insufficient_pixels,44.28659580349313,only 1704 image pixels; need 2500 for a reliable grid,,,,,,,,,,,
93,4150,landscape,long_axis_measured,23.74600423938595,,150.0,12.0,0.710940421906012,60.0,26.0,0.2862578248583118,0.826,1.712,0.909,0.418,0.418
94,3826,portrait,long_axis_measured,38.2309689857523,,150.0,36.0,0.38957499608695034,60.0,19.0,0.25977683573396954,2.508,1.499,0.413,0.911,0.911
95,0,unknown,insufficient_pixels,43.76203142089345,only 1666 image pixels; need 2500 for a reliable grid,,,,,,,,,,,
96,0,unknown,flat_or_low_tilt,4.5796906530526575,tilt 4.6 deg < 5: no defined slope direction,,,,,,,,,,,
97,0,unknown,insufficient_pixels,17.486231714692405,only 1358 image pixels; need 2500 for a reliable grid,,,,,,,,,,,
98,5366,unknown,unresolved,14.242548137164066,no periodic peak in one or both directions,90.0,31.0,0.5482833183444498,0.0,,,,,,,
99,0,unknown,insufficient_pixels,19.8877153774378,only 2292 image pixels; need 2500 for a reliable grid,,,,,,,,,,,
100,2607,portrait,long_axis_measured,18.95598055799506,,60.0,13.0,0.6062428131609894,150.0,30.0,0.330247672321249,0.865,1.963,0.838,0.545,0.545
101,7084,landscape,long_axis_measured,33.51445746301822,,60.0,27.0,0.3807993804103346,150.0,12.0,0.3150771879709201,1.841,0.898,0.414,0.91,0.414
102,4175,unknown,unresolved,8.998751167709859,"no pitch within 30% of 1.65 m or 0.99 m; likely row pitch, not module pitch",100.0,38.0,0.5500266828989839,10.0,38.0,0.5120067994841668,2.44,2.426,0.906,0.423,
103,7930,portrait,long_axis_measured,18.80594007900571,,60.0,26.0,0.3777632434954492,150.0,14.0,0.3725738710450277,1.736,0.908,0.92,0.391,0.92
104,6994,landscape,long_axis_measured,12.505778049091266,,150.0,12.0,0.7343968775571326,60.0,29.0,0.4556848815390026,0.779,1.859,0.918,0.397,0.397
105,3575,unknown,unresolved,14.12703464141065,weak periodicity (max ac 0.14),90.0,19.0,0.1448571219471264,0.0,16.0,0.09946232999863609,,,,,
106,7497,portrait,long_axis_measured,18.42376930705113,,70.0,26.0,0.686650497964334,160.0,17.0,0.0628561956201534,1.728,1.107,0.872,0.49,0.872
107,8781,unknown,unresolved,18.938839518598755,both pitches match a module short axis; ambiguous,40.0,11.0,0.3937675210443199,130.0,11.0,0.3149447649336914,0.707,0.737,0.225,0.974,
108,0,unknown,flat_or_low_tilt,0.113402815556586,tilt 0.1 deg < 5: no defined slope direction,,,,,,,,,,,
109,10647,portrait,long_axis_measured,15.926717763168242,,30.0,12.0,0.504500280733095,120.0,22.0,0.1017056521406884,0.767,1.452,0.169,0.986,0.986
110,7771,portrait,short_axis_inferred,17.416198686016703,,100.0,17.0,0.3539817751181083,10.0,41.0,0.1172880370997648,1.093,2.723,0.277,0.961,0.961
111,0,unknown,insufficient_pixels,22.731075330598724,only 1714 image pixels; need 2500 for a reliable grid,,,,,,,,,,,
112,0,unknown,no_plane_fit,47.99883812190028,no usable lidar plane fit,,,,,,,,,,,
113,4536,unknown,unresolved,29.994440355756133,both pitches match a module long axis; ambiguous,0.0,30.0,0.5652352505816478,90.0,22.0,0.2552679775910641,1.908,1.613,0.011,1.0,
114,0,unknown,flat_or_low_tilt,4.123278017615171,tilt 4.1 deg < 5: no defined slope direction,,,,,,,,,,,
115,6821,landscape,long_axis_measured,22.371890232868864,,170.0,20.0,0.6723751588550929,80.0,14.0,0.4665433385104508,1.301,0.957,0.313,0.95,0.313
116,3598,unknown,unresolved,25.319874258394957,"no pitch within 30% of 1.65 m or 0.99 m; likely row pitch, not module pitch",120.0,35.0,0.7318376950760497,30.0,40.0,0.028250539647067127,2.441,2.632,0.931,0.365,
117,0,unknown,no_plane_fit,18.30620476910864,no usable lidar plane fit,,,,,,,,,,,
118,4876,unknown,unresolved,12.557233369012115,both pitches match a module long axis; ambiguous,170.0,31.0,0.4525209284498521,80.0,20.0,0.4106773539935452,1.991,1.297,0.481,0.877,
119,4483,unknown,unresolved,14.82821244147029,both pitches match a module short axis; ambiguous,30.0,13.0,0.6728426566129599,120.0,11.0,0.4175671827368033,0.852,0.708,0.922,0.388,
120,0,unknown,insufficient_pixels,30.34406648845132,only 1300 image pixels; need 2500 for a reliable grid,,,,,,,,,,,
121,7005,portrait,long_axis_measured,17.292422693968255,,140.0,37.0,0.2762301717114727,50.0,30.0,-0.1612450457370464,2.426,1.969,0.694,0.72,0.72
122,4484,landscape,long_axis_measured,13.406287604571816,,0.0,26.0,0.359321098400681,90.0,16.0,0.1629430443864271,1.653,1.044,0.051,0.999,0.051
123,16394,unknown,unresolved,11.950423734021554,no periodic peak in one or both directions,50.0,20.0,0.4425116542039454,140.0,,,,,,,
124,5258,landscape,long_axis_measured,13.778170308511417,,0.0,26.0,0.5633236697341527,90.0,35.0,-0.0532860275084484,1.652,2.288,0.019,1.0,0.019
125,10412,unknown,unresolved,12.33511786390988,both pitches match a module long axis; ambiguous,90.0,26.0,0.64324727704338,0.0,24.0,0.2489426218916865,1.655,1.56,0.102,0.995,
126,5880,landscape,long_axis_measured,12.407855497208647,,90.0,27.0,0.679346372726804,0.0,37.0,0.1663590294921652,1.715,2.406,0.01,1.0,0.01
127,5152,portrait,long_axis_measured,18.26731007391083,,100.0,14.0,0.6705911804945779,10.0,24.0,0.5716029339148058,0.902,1.601,0.288,0.958,0.958
128,2810,unknown,unresolved,18.581878676975105,both pitches match a module long axis; ambiguous,100.0,31.0,0.7072201801125892,10.0,25.0,0.5058290080782901,1.997,1.671,0.27,0.963,
129,7191,landscape,long_axis_measured,18.84341217568045,,90.0,26.0,0.6400538537870015,0.0,15.0,0.5307786622266939,1.653,1.006,0.024,1.0,0.024
130,4202,unknown,unresolved,16.928184596760655,both pitches match a module short axis; ambiguous,90.0,13.0,0.5355020567638297,0.0,15.0,0.17889498421874,0.826,0.996,0.019,1.0,
131,7723,unknown,unresolved,27.002358927416,both pitches match a module long axis; ambiguous,110.0,17.0,0.7792229817210512,20.0,29.0,0.392355111955821,1.159,2.012,0.629,0.777,
132,6825,portrait,long_axis_measured,16.34698258513121,,90.0,11.0,0.5750776248043772,0.0,21.0,0.3434205897406293,0.699,1.39,0.03,1.0,1.0
133,5120,portrait,long_axis_measured,19.66028795329533,,90.0,11.0,0.7173333909653318,0.0,21.0,0.5224725563620104,0.701,1.416,0.066,0.998,0.998
134,4293,portrait,long_axis_measured,24.71648234487746,,0.0,17.0,0.3664749320133025,90.0,27.0,-0.0111325340346538,1.08,1.887,0.004,1.0,1.0
135,8747,portrait,long_axis_measured,19.83588867821717,,30.0,17.0,0.5411288874138462,120.0,25.0,0.4211964912305012,1.134,1.644,0.816,0.577,0.577
136,0,unknown,insufficient_pixels,17.71030923225137,only 1820 image pixels; need 2500 for a reliable grid,,,,,,,,,,,
137,6785,unknown,unresolved,18.284946291491643,both pitches match a module short axis; ambiguous,0.0,11.0,0.6017975516981423,90.0,14.0,0.4483177329793918,0.699,0.936,0.025,1.0,
138,3144,unknown,unresolved,8.942811478992752,both pitches match a module short axis; ambiguous,90.0,11.0,0.7093111437118051,0.0,15.0,0.2057646226918216,0.699,0.964,0.067,0.998,
139,3695,portrait,long_axis_measured,18.133905132492583,,90.0,13.0,0.7836826700183391,0.0,20.0,-0.051007840377953056,0.827,1.336,0.034,0.999,0.999
140,7052,landscape,short_axis_inferred,44.39186485967095,,50.0,11.0,0.5598734192762788,140.0,37.0,0.1046375351006057,0.975,2.428,0.994,0.114,0.114
141,4050,unknown,unresolved,19.17582189741276,no periodic peak in one or both directions,0.0,41.0,0.5325134580664354,90.0,,,,,,,
142,0,unknown,no_plane_fit,71.58350979216686,no usable lidar plane fit,,,,,,,,,,,
143,6195,portrait,long_axis_measured,18.805087004814805,,70.0,26.0,0.3057365181383065,160.0,17.0,0.0801039872550483,1.738,1.1,0.939,0.344,0.939
144,4940,portrait,long_axis_measured,20.88249800036301,,90.0,16.0,0.3189222293645999,0.0,25.0,0.3077855304010345,1.017,1.699,0.013,1.0,1.0
145,2750,portrait,long_axis_measured,18.42895267672184,,90.0,16.0,0.5088335549715537,0.0,25.0,0.3610715296500892,1.017,1.673,0.013,1.0,1.0
146,4238,landscape,long_axis_measured,40.90221993713581,,50.0,11.0,0.6182974360709537,140.0,20.0,0.0971119212573513,0.923,1.293,0.997,0.072,0.072
147,0,unknown,insufficient_pixels,42.300139060502026,only 1543 image pixels; need 2500 for a reliable grid,,,,,,,,,,,
148,3680,landscape,long_axis_measured,32.05020082554462,,50.0,11.0,0.35088622041331285,140.0,29.0,0.18759550264490274,0.823,1.882,0.99,0.141,0.141
149,3614,unknown,unresolved,33.3090389816713,both pitches match a module short axis; ambiguous,140.0,11.0,0.4938614807971867,50.0,11.0,0.41462938580737235,0.835,0.711,0.995,0.104,
150,0,unknown,insufficient_pixels,33.31086615516185,only 1192 image pixels; need 2500 for a reliable grid,,,,,,,,,,,
151,17485,landscape,long_axis_measured,34.80055762052338,,50.0,11.0,0.6492749376257149,140.0,28.0,-0.1505163130534222,0.85,1.813,0.994,0.108,0.108
152,4536,portrait,long_axis_measured,18.5465039170418,,60.0,35.0,0.6842277791952572,150.0,21.0,0.0182015334940117,2.325,1.371,0.848,0.53,0.53
153,5251,portrait,long_axis_measured,18.55533367297735,,90.0,30.0,0.6712036889539775,0.0,17.0,0.541136320833886,2.009,1.081,1.0,0.03,1.0
154,5607,unknown,unresolved,42.70440260319352,both pitches match a module short axis; ambiguous,50.0,11.0,0.4568575203088146,140.0,14.0,0.1452922109325531,0.949,0.915,0.994,0.106,
155,4312,portrait,long_axis_measured,32.44527699236184,,140.0,11.0,0.4325413909616679,50.0,17.0,0.3839547066202792,0.709,1.278,0.099,0.995,0.995
156,3012,unknown,unresolved,33.57032119004044,"no pitch within 30% of 1.65 m or 0.99 m; likely row pitch, not module pitch",70.0,36.0,0.5453654230327483,160.0,33.0,0.0496727108179394,2.692,2.256,0.904,0.427,
157,7031,unknown,unresolved,43.41971302216773,both pitches match a module short axis; ambiguous,50.0,11.0,0.4788328520813256,140.0,12.0,0.1792406163111477,0.959,0.788,0.993,0.122,
158,2507,landscape,long_axis_measured,38.9052674403495,,140.0,11.0,0.8553790994151969,50.0,22.0,0.18376815573779265,0.895,1.439,0.991,0.132,0.132
159,0,unknown,no_plane_fit,42.561167673098986,no usable lidar plane fit,,,,,,,,,,,
160,10920,portrait,long_axis_measured,16.974537755418446,,90.0,13.0,0.8671583397807332,0.0,29.0,0.5426074525600916,0.827,1.925,0.047,0.999,0.999
161,13134,landscape,long_axis_measured,42.83711404081576,,50.0,11.0,0.5906719557579392,140.0,22.0,-0.0730733400272246,0.951,1.432,0.996,0.093,0.093
162,2565,portrait,long_axis_measured,18.6106174502721,,90.0,27.0,0.5848180483752261,0.0,13.0,0.5499806459497963,1.809,0.829,0.997,0.075,0.997
163,6946,portrait,long_axis_measured,18.573089583895086,,0.0,15.0,0.5483157305567811,90.0,30.0,0.2832340605035135,0.955,2.01,0.04,0.999,0.999
164,5480,unknown,unresolved,40.29602507842642,both pitches match a module short axis; ambiguous,50.0,12.0,0.685913389109027,140.0,11.0,0.3162426866877489,0.998,0.711,0.997,0.072,
165,4050,unknown,unresolved,18.08693936172893,no periodic peak in one or both directions,80.0,13.0,0.5491249243834432,170.0,,,,,,,
166,4307,portrait,long_axis_measured,16.49064209551432,,90.0,17.0,0.9243474551678676,0.0,25.0,0.0502049873967548,1.08,1.656,0.019,1.0,1.0
167,6765,portrait,long_axis_measured,35.394018616420695,,90.0,20.0,0.7166592806916774,0.0,16.0,0.5168483019379626,1.558,1.017,1.0,0.008,1.0
168,16176,unknown,unresolved,22.745793964567195,both pitches match a module short axis; ambiguous,170.0,15.0,0.5942609684392798,80.0,11.0,0.342197023260355,0.983,0.752,0.402,0.916,
169,0,unknown,insufficient_pixels,20.269366478489992,only 1638 image pixels; need 2500 for a reliable grid,,,,,,,,,,,
170,3888,portrait,long_axis_measured,18.53464017091088,,140.0,38.0,0.5495519185210129,50.0,29.0,0.23641728911286614,2.502,1.914,0.684,0.73,0.73
171,4982,portrait,long_axis_measured,30.19360445616911,,90.0,17.0,0.6914278834904115,0.0,13.0,0.6577757375097844,1.249,0.826,1.0,0.0,1.0
172,6768,portrait,short_axis_inferred,21.63789382880857,,80.0,14.0,0.5059781628105791,170.0,36.0,0.3809005959600943,0.908,2.451,0.303,0.953,0.953
173,5975,portrait,long_axis_measured,20.654995322917635,,10.0,16.0,0.4929825392728245,100.0,25.0,0.2790533056713707,1.038,1.69,0.325,0.946,0.946
174,0,unknown,flat_or_low_tilt,1.2290821715286304,tilt 1.2 deg < 5: no defined slope direction,,,,,,,,,,,
175,0,unknown,flat_or_low_tilt,0.981079927983988,tilt 1.0 deg < 5: no defined slope direction,,,,,,,,,,,
176,0,unknown,flat_or_low_tilt,0.091593996145127,tilt 0.1 deg < 5: no defined slope direction,,,,,,,,,,,
177,0,unknown,flat_or_low_tilt,0.8378806872472645,tilt 0.8 deg < 5: no defined slope direction,,,,,,,,,,,
178,0,unknown,flat_or_low_tilt,1.200458655114206,tilt 1.2 deg < 5: no defined slope direction,,,,,,,,,,,
179,0,unknown,flat_or_low_tilt,0.1903210648900911,tilt 0.2 deg < 5: no defined slope direction,,,,,,,,,,,
180,0,unknown,flat_or_low_tilt,0.2204750399541526,tilt 0.2 deg < 5: no defined slope direction,,,,,,,,,,,
181,0,unknown,flat_or_low_tilt,4.765334999518255,tilt 4.8 deg < 5: no defined slope direction,,,,,,,,,,,
182,7836,unknown,unresolved,5.388703488974075,both pitches match a module short axis; ambiguous,80.0,16.0,0.6385062467924715,170.0,14.0,0.4041121051669742,1.017,0.893,0.24,0.971,
183,8162,unknown,unresolved,5.577045533050691,both pitches match a module short axis; ambiguous,80.0,16.0,0.6069809666626239,170.0,14.0,0.4261769460038124,1.017,0.893,0.169,0.986,
184,0,unknown,flat_or_low_tilt,4.677035639120379,tilt 4.7 deg < 5: no defined slope direction,,,,,,,,,,,
185,4187,portrait,long_axis_measured,26.80389324904927,,80.0,14.0,0.7004451704318931,170.0,29.0,0.2336201249810314,0.916,2.054,0.276,0.961,0.961
186,3699,portrait,short_axis_inferred,26.71970821681581,,80.0,14.0,0.6972635413805877,170.0,31.0,0.3582675132217006,0.918,2.192,0.292,0.956,0.956
187,6074,unknown,unresolved,16.97000470713091,no periodic peak in one or both directions,0.0,25.0,0.6267426581321339,90.0,,,,,,,
188,3276,unknown,unresolved,26.54396384165244,no periodic peak in one or both directions,0.0,27.0,0.6112604410306368,90.0,,,,,,,
189,0,unknown,flat_or_low_tilt,0.7694327683719212,tilt 0.8 deg < 5: no defined slope direction,,,,,,,,,,,
190,0,unknown,insufficient_pixels,26.97672588477334,only 1827 image pixels; need 2500 for a reliable grid,,,,,,,,,,,
191,7232,landscape,long_axis_measured,16.969749686416524,,80.0,26.0,0.6805380049460474,170.0,14.0,0.677829566071215,1.672,0.928,0.291,0.957,0.291
192,3906,unknown,unresolved,26.440084997368885,both pitches match a module short axis; ambiguous,80.0,11.0,0.5199668556717232,170.0,14.0,0.328564073701285,0.721,0.988,0.295,0.956,
193,0,unknown,insufficient_pixels,22.44282232147661,only 1300 image pixels; need 2500 for a reliable grid,,,,,,,,,,,
194,0,unknown,insufficient_pixels,26.37195467738835,only 1716 image pixels; need 2500 for a reliable grid,,,,,,,,,,,
195,0,unknown,insufficient_pixels,27.405484603879422,only 986 image pixels; need 2500 for a reliable grid,,,,,,,,,,,
196,22838,unknown,unresolved,14.41907937736297,both pitches match a module short axis; ambiguous,170.0,14.0,0.5080712444324043,80.0,13.0,0.3272035299234651,0.897,0.851,0.266,0.964,
197,2617,portrait,long_axis_measured,7.314322576852135,,170.0,16.0,0.5042775537280187,80.0,24.0,0.15987471575600523,1.02,1.535,0.488,0.873,0.873
198,0,unknown,insufficient_pixels,6.58924114702436,only 1769 image pixels; need 2500 for a reliable grid,,,,,,,,,,,
199,0,unknown,insufficient_pixels,5.172421097884799,only 1876 image pixels; need 2500 for a reliable grid,,,,,,,,,,,
200,7385,portrait,long_axis_measured,13.577689191557662,,130.0,34.0,0.2587497320999967,40.0,20.0,0.0301202564769611,2.19,1.301,0.505,0.863,0.863
201,0,unknown,no_plane_fit,49.73845600767225,no usable lidar plane fit,,,,,,,,,,,
202,0,unknown,insufficient_pixels,12.975172507330653,only 2173 image pixels; need 2500 for a reliable grid,,,,,,,,,,,
203,3792,unknown,unresolved,22.36830537839518,"no pitch within 30% of 1.65 m or 0.99 m; likely row pitch, not module pitch",60.0,32.0,0.737159788692188,150.0,33.0,-0.1429394737272684,2.181,2.165,0.906,0.424,
204,0,unknown,insufficient_pixels,23.535092467233746,only 1943 image pixels; need 2500 for a reliable grid,,,,,,,,,,,
205,0,unknown,no_plane_fit,39.75972270229396,no usable lidar plane fit,,,,,,,,,,,
206,0,unknown,no_plane_fit,48.48604091557622,no usable lidar plane fit,,,,,,,,,,,
207,11523,landscape,long_axis_measured,17.99587111928501,,10.0,28.0,0.4697882971863274,100.0,37.0,-0.1160141080920865,1.803,2.465,0.284,0.959,0.284
208,2816,unknown,unresolved,18.927398323617005,both pitches match a module long axis; ambiguous,10.0,20.0,0.24268397104437264,100.0,31.0,0.22157831670269945,1.293,2.074,0.332,0.943,
209,3430,landscape,long_axis_measured,17.047068423775354,,50.0,15.0,0.5976095438966714,140.0,29.0,0.4905901098589274,0.996,1.854,0.988,0.154,0.154
210,3643,portrait,long_axis_measured,16.53297318301593,,130.0,26.0,0.757116784763931,40.0,15.0,0.47872397343965456,1.722,0.957,0.992,0.125,0.992
211,3416,unknown,unresolved,23.260177559058988,both pitches match a module long axis; ambiguous,140.0,28.0,0.5202946739399548,50.0,17.0,0.28955303866488646,1.824,1.17,0.311,0.95,
212,19521,unknown,unresolved,19.27733502957493,both pitches match a module short axis; ambiguous,170.0,12.0,0.6494124004259795,80.0,13.0,0.3388183957297069,0.775,0.872,0.291,0.957,
213,12142,unknown,unresolved,18.31625118745748,both pitches match a module short axis; ambiguous,30.0,13.0,0.7594595715309392,120.0,16.0,0.7499834018303964,0.862,1.044,0.844,0.537,
214,3887,portrait,long_axis_measured,17.696271071427166,,110.0,26.0,0.7647450500455917,20.0,16.0,0.46887909963863544,1.718,1.044,0.823,0.568,0.823
215,8048,portrait,long_axis_measured,16.9263512570753,,160.0,16.0,0.752460928270733,70.0,28.0,0.5907471512811069,1.044,1.841,0.609,0.793,0.793
216,6210,portrait,short_axis_inferred,13.922967140806406,,0.0,17.0,0.7955641074328851,90.0,33.0,0.1134261954994938,1.08,2.159,0.019,1.0,1.0
217,4940,portrait,long_axis_measured,14.364273726874314,,150.0,40.0,0.5188439125256585,60.0,31.0,-0.0274178922766737,2.581,2.023,0.514,0.858,0.858
218,0,unknown,insufficient_pixels,17.803536555962424,only 1546 image pixels; need 2500 for a reliable grid,,,,,,,,,,,
219,6126,unknown,unresolved,47.808047557066814,both pitches match a module long axis; ambiguous,0.0,25.0,0.8391156239623252,90.0,19.0,0.6005064988221448,1.604,1.796,0.031,1.0,
220,2818,unknown,unresolved,16.133663016822357,both pitches match a module short axis; ambiguous,100.0,15.0,0.8802687246147789,10.0,15.0,0.4809789621071571,0.966,0.989,0.344,0.939,
221,6027,unknown,unresolved,12.782186754245174,both pitches match a module short axis; ambiguous,0.0,17.0,0.4350467601200646,90.0,16.0,0.230318904931649,1.08,1.042,0.033,0.999,
222,0,unknown,insufficient_pixels,17.623047017900486,only 2414 image pixels; need 2500 for a reliable grid,,,,,,,,,,,
223,4704,unknown,unresolved,16.66091238658232,both pitches match a module short axis; ambiguous,40.0,16.0,0.5208348437070978,130.0,16.0,0.3173299336025812,1.06,1.024,0.983,0.183,
224,11217,unknown,unresolved,19.328623599864848,both pitches match a module short axis; ambiguous,130.0,16.0,0.404740442081998,40.0,11.0,0.390698524367002,1.076,0.706,0.983,0.185,
225,0,unknown,insufficient_pixels,23.80217466848648,only 1488 image pixels; need 2500 for a reliable grid,,,,,,,,,,,
226,2560,unknown,unresolved,26.42080292460093,both pitches match a module short axis; ambiguous,10.0,16.0,0.6894392283708128,100.0,15.0,0.42743683488341305,1.052,1.057,0.327,0.945,
227,4540,portrait,long_axis_measured,16.79019885787858,,10.0,16.0,0.7032834212543375,100.0,27.0,0.2543588773761456,1.03,1.787,0.321,0.947,0.947
228,0,unknown,no_plane_fit,36.03341484589124,no usable lidar plane fit,,,,,,,,,,,
229,5433,unknown,unresolved,20.39787624374374,both pitches match a module short axis; ambiguous,70.0,13.0,0.5767951702564772,160.0,13.0,0.2891988416867607,0.858,0.869,0.606,0.796,
230,0,unknown,insufficient_pixels,15.823037380564978,only 1518 image pixels; need 2500 for a reliable grid,,,,,,,,,,,
231,4992,portrait,long_axis_measured,19.612520156984992,,160.0,16.0,0.7944124050138912,70.0,30.0,0.2910404222409208,1.055,1.994,0.643,0.766,0.766
232,2842,unknown,unresolved,17.679303876136043,both pitches match a module short axis; ambiguous,0.0,16.0,0.8078385696016016,90.0,17.0,0.5144633844109546,1.017,1.133,0.024,1.0,
233,0,unknown,no_plane_fit,,no usable lidar plane fit,,,,,,,,,,,
234,0,unknown,insufficient_pixels,17.0570229811587,only 496 image pixels; need 2500 for a reliable grid,,,,,,,,,,,
235,0,unknown,flat_or_low_tilt,1.0146240791064278,tilt 1.0 deg < 5: no defined slope direction,,,,,,,,,,,
236,0,unknown,insufficient_pixels,17.21168688400705,only 682 image pixels; need 2500 for a reliable grid,,,,,,,,,,,
237,0,unknown,flat_or_low_tilt,1.1252252958753215,tilt 1.1 deg < 5: no defined slope direction,,,,,,,,,,,
238,0,unknown,insufficient_pixels,18.034752926048277,only 806 image pixels; need 2500 for a reliable grid,,,,,,,,,,,
239,0,unknown,insufficient_pixels,16.815365043554877,only 1173 image pixels; need 2500 for a reliable grid,,,,,,,,,,,
240,2556,unknown,unresolved,17.726183311422268,both pitches match a module long axis; ambiguous,130.0,27.0,0.6774989002219665,40.0,18.0,0.08500913703928352,1.797,1.157,0.966,0.259,
241,0,unknown,flat_or_low_tilt,0.9897517881197676,tilt 1.0 deg < 5: no defined slope direction,,,,,,,,,,,
242,7040,portrait,short_axis_inferred,22.885836910731488,,90.0,32.0,0.1680591647848557,0.0,16.0,0.0634399198402574,2.206,1.017,1.0,0.011,1.0
243,2550,portrait,long_axis_measured,25.801952255432145,,110.0,16.0,0.629478241178772,20.0,27.0,0.47414967346476194,1.107,1.817,0.825,0.565,0.565
244,2888,portrait,long_axis_measured,22.909952837209392,,140.0,28.0,0.39549526799273005,50.0,13.0,0.08420122793352586,1.852,0.886,0.507,0.862,0.507
245,3230,portrait,long_axis_measured,21.618465452457237,,160.0,12.0,0.6576484672408162,70.0,28.0,0.28756306642417173,0.798,1.879,0.648,0.761,0.761
246,3191,unknown,unresolved,22.200525440572918,both pitches match a module long axis; ambiguous,70.0,19.0,0.5196500758404937,160.0,30.0,0.13524620148068486,1.267,2.019,0.646,0.763,
247,6836,portrait,long_axis_measured,16.032560688434327,,30.0,13.0,0.5238497516208925,120.0,29.0,0.3047454745689893,0.853,1.882,0.833,0.553,0.553
248,4154,landscape,long_axis_measured,18.062547249450457,,150.0,12.0,0.5413802580853204,60.0,26.0,0.2688883611980485,0.798,1.683,0.922,0.388,0.388
249,6018,landscape,long_axis_measured,17.829290262309506,,150.0,31.0,0.7539557389705758,60.0,16.0,0.125790311827728,2.017,1.06,0.497,0.868,0.497
250,0,unknown,insufficient_pixels,17.158968770796594,only 2370 image pixels; need 2500 for a reliable grid,,,,,,,,,,,
251,0,unknown,insufficient_pixels,18.272219739547957,only 1009 image pixels; need 2500 for a reliable grid,,,,,,,,,,,
252,0,unknown,insufficient_pixels,18.505747942117782,only 1414 image pixels; need 2500 for a reliable grid,,,,,,,,,,,
253,0,unknown,insufficient_pixels,17.555630642426355,only 880 image pixels; need 2500 for a reliable grid,,,,,,,,,,,
254,5891,unknown,unresolved,18.882438767396074,both pitches match a module long axis; ambiguous,90.0,26.0,0.3875548991905573,0.0,21.0,-0.063556897765191,1.654,1.409,0.036,0.999,
255,4356,unknown,unresolved,22.20319518451066,both pitches match a module short axis; ambiguous,110.0,13.0,0.5103306341307925,20.0,13.0,0.067339393667332,0.884,0.854,0.892,0.452,
256,4444,unknown,unresolved,19.28943336256029,both pitches match a module short axis; ambiguous,110.0,17.0,0.5604386194785096,20.0,17.0,0.5161928987671762,1.129,1.118,0.788,0.615,
257,2544,landscape,long_axis_measured,18.45640960756109,,80.0,25.0,0.6158804210653709,170.0,14.0,0.4305878784094683,1.614,0.934,0.323,0.946,0.323
258,2598,landscape,long_axis_measured,17.780011648470296,,170.0,16.0,0.6407639504261374,80.0,26.0,0.5901129672755635,1.064,1.676,0.95,0.314,0.314
259,8554,portrait,long_axis_measured,19.85042680229512,,90.0,18.0,0.3184613626704518,0.0,14.0,0.2565732200568728,1.215,0.89,1.0,0.01,1.0
260,3413,unknown,unresolved,19.531759174418585,both pitches match a module long axis; ambiguous,40.0,20.0,0.4735544906808128,130.0,19.0,0.3017883635852374,1.31,1.268,0.53,0.848,
261,0,unknown,insufficient_pixels,18.26930343963044,only 1959 image pixels; need 2500 for a reliable grid,,,,,,,,,,,
262,3179,unknown,unresolved,16.88667368522407,both pitches match a module long axis; ambiguous,150.0,22.0,0.8315296906320258,60.0,25.0,0.07346562792460823,1.452,1.62,0.882,0.471,
263,0,unknown,insufficient_pixels,13.59104434711486,only 1089 image pixels; need 2500 for a reliable grid,,,,,,,,,,,
264,0,unknown,insufficient_pixels,31.82073407187967,only 1088 image pixels; need 2500 for a reliable grid,,,,,,,,,,,
265,0,unknown,insufficient_pixels,10.109257543775676,only 1054 image pixels; need 2500 for a reliable grid,,,,,,,,,,,
266,7546,portrait,short_axis_inferred,18.61527864451176,,130.0,13.0,0.5447207217877867,40.0,36.0,0.321349971638758,0.842,2.403,0.365,0.931,0.931
267,0,unknown,insufficient_pixels,10.506557643198724,only 1136 image pixels; need 2500 for a reliable grid,,,,,,,,,,,
268,23484,portrait,long_axis_measured,19.530168701077827,,20.0,16.0,0.504754979963214,110.0,25.0,0.3363341284472765,1.056,1.66,0.655,0.756,0.756
269,8430,unknown,unresolved,17.88229453175866,both pitches match a module short axis; ambiguous,10.0,13.0,0.5405780408886295,100.0,15.0,0.1523850501759608,0.841,0.997,0.379,0.925,
270,5553,portrait,long_axis_measured,17.65404807657338,,160.0,40.0,0.4274697651348457,70.0,30.0,-0.3631684839913309,2.551,1.999,0.088,0.996,0.996
271,5603,unknown,unresolved,18.37849441350757,both pitches match a module short axis; ambiguous,110.0,13.0,0.5289129972328381,20.0,17.0,0.2845056661594863,0.862,1.111,0.834,0.551,
272,7850,portrait,long_axis_measured,22.851163416608696,,80.0,15.0,0.6778055585207199,170.0,24.0,0.5870000752504211,0.984,1.642,0.402,0.916,0.916
273,3225,portrait,long_axis_measured,22.48255706096828,,80.0,15.0,0.6634238795048902,170.0,24.0,0.5589129235186386,0.982,1.638,0.396,0.918,0.918
274,2640,portrait,long_axis_measured,15.728745647625502,,40.0,27.0,0.6115731251648715,130.0,16.0,-0.10391842842251502,1.753,1.048,0.593,0.806,0.593
275,4216,unknown,unresolved,17.93568209528968,both pitches match a module long axis; ambiguous,90.0,26.0,0.6456434437591545,0.0,24.0,-0.0248171941325327,1.654,1.602,0.036,0.999,
276,3346,unknown,unresolved,22.22403846810589,both pitches match a module long axis; ambiguous,170.0,26.0,0.5519525184369094,80.0,25.0,-0.008040345691044611,1.702,1.703,0.403,0.915,
277,4805,landscape,long_axis_measured,16.236709764910987,,10.0,26.0,0.5342932108948787,100.0,15.0,0.3784699086994721,1.675,0.989,0.36,0.933,0.36
278,2750,portrait,long_axis_measured,17.979651897720924,,40.0,21.0,0.39816552792127585,130.0,17.0,0.22166169779513537,1.377,1.122,0.641,0.767,0.641
279,10230,portrait,short_axis_inferred,20.01727675163122,,0.0,15.0,0.2560034506653055,90.0,34.0,0.0476857136591463,0.982,2.279,0.493,0.87,0.87
280,8654,unknown,unresolved,17.726019030499533,both pitches match a module long axis; ambiguous,80.0,27.0,0.4775686078286996,170.0,29.0,-0.0929994702274756,1.726,1.932,0.14,0.99,
281,2867,landscape,long_axis_measured,18.700188055888844,,60.0,31.0,0.8553526526959947,150.0,33.0,0.0018796746993715598,2.014,2.201,0.427,0.904,0.427
282,6656,portrait,long_axis_measured,16.73340893840701,,10.0,13.0,0.6165293613180853,100.0,27.0,0.5963718973206066,0.836,1.786,0.31,0.951,0.951
283,3888,landscape,long_axis_measured,19.21038901224261,,90.0,27.0,0.580071479878334,0.0,33.0,0.28162030113563175,1.717,2.219,0.03,1.0,0.03
284,6096,unknown,unresolved,18.351484370871308,both pitches match a module long axis; ambiguous,100.0,28.0,0.75743867268323,10.0,19.0,0.622648235882657,1.868,1.226,0.951,0.309,
285,8104,unknown,unresolved,22.70626405945132,both pitches match a module long axis; ambiguous,20.0,29.0,0.4936691824466668,110.0,19.0,0.3127249621178966,1.996,1.215,0.996,0.086,
286,6696,portrait,long_axis_measured,21.307504238910703,,140.0,25.0,0.4782397347454178,50.0,12.0,0.2693884537675921,1.655,0.806,0.595,0.804,0.595
287,4278,portrait,long_axis_measured,16.736624830222553,,100.0,27.0,0.8194391747531715,10.0,14.0,0.6091543284359181,1.787,0.899,0.962,0.273,0.962
288,0,unknown,insufficient_pixels,40.958508856950914,only 1656 image pixels; need 2500 for a reliable grid,,,,,,,,,,,
289,5928,unknown,unresolved,20.03085116695452,both pitches match a module short axis; ambiguous,40.0,11.0,0.5401321939623411,130.0,16.0,0.4595974784065,0.743,1.026,0.986,0.165,
290,12630,portrait,long_axis_measured,13.443368826799055,,90.0,24.0,0.6584701158292411,0.0,13.0,0.6357514327052641,1.567,0.826,1.0,0.031,1.0
291,2756,portrait,long_axis_measured,13.876601200449448,,0.0,13.0,0.7320253743054076,90.0,24.0,0.65875708203414,0.826,1.57,0.022,1.0,1.0
292,7628,unknown,unresolved,13.188963682583967,both pitches match a module short axis; ambiguous,10.0,16.0,0.6001500441522409,100.0,15.0,0.3261863169599616,1.029,0.975,0.478,0.878,
293,4108,portrait,long_axis_measured,19.38437457064567,,80.0,14.0,0.7365321320462551,170.0,30.0,0.3385705887054402,0.898,2.018,0.177,0.984,0.984
294,3052,portrait,long_axis_measured,22.23428098951915,,160.0,23.0,0.6139179013422726,70.0,12.0,0.417813891983989,1.535,0.807,0.653,0.757,0.653
295,10601,portrait,long_axis_measured,24.60582784409123,,80.0,15.0,0.7322063402441988,170.0,30.0,0.1384922226357194,0.993,2.074,0.446,0.895,0.895
296,3470,unknown,unresolved,22.35292971429866,both pitches match a module short axis; ambiguous,170.0,14.0,0.6620771326935564,80.0,16.0,0.4066846188120619,0.908,1.095,0.273,0.962,
297,4752,unknown,unresolved,18.37903229009344,both pitches match a module short axis; ambiguous,110.0,14.0,0.8269241807410308,20.0,17.0,0.3840302388965881,0.919,1.123,0.648,0.762,
298,3420,portrait,long_axis_measured,18.44341424450386,,20.0,17.0,0.7103280860890063,110.0,18.0,0.35112830982494725,1.116,1.19,0.643,0.766,0.766
299,5833,portrait,long_axis_measured,19.909594617220904,,160.0,16.0,0.4673958822657091,70.0,27.0,0.4048826390849483,1.054,1.801,0.601,0.799,0.799
300,6907,portrait,long_axis_measured,20.83879377345676,,70.0,16.0,0.4155396749127591,160.0,23.0,0.1571420743526249,1.058,1.541,0.6,0.8,0.8
301,0,unknown,insufficient_pixels,18.72748046750653,only 2115 image pixels; need 2500 for a reliable grid,,,,,,,,,,,
302,6844,unknown,unresolved,5.638268080893961,weak periodicity (max ac 0.11),100.0,37.0,0.108888677910143,10.0,29.0,-0.3293608272766007,,,,,
303,5202,portrait,long_axis_measured,18.157030155661328,,60.0,31.0,0.403464133621464,150.0,40.0,-0.0793843908362991,2.055,2.609,0.845,0.535,0.845
304,0,unknown,insufficient_pixels,26.321189909997504,only 1428 image pixels; need 2500 for a reliable grid,,,,,,,,,,,
305,4187,portrait,long_axis_measured,18.20542029190277,,90.0,28.0,0.7286768347468139,0.0,11.0,0.6418166722817648,1.872,0.7,0.999,0.052,0.999
306,6257,unknown,unresolved,16.233699569156634,"no pitch within 30% of 1.65 m or 0.99 m; likely row pitch, not module pitch",110.0,39.0,0.1572885974707295,20.0,40.0,0.001595312751529,2.575,2.57,0.955,0.296,
307,0,unknown,insufficient_pixels,22.705983503785617,only 2424 image pixels; need 2500 for a reliable grid,,,,,,,,,,,
308,0,unknown,insufficient_pixels,17.519409650895913,only 1344 image pixels; need 2500 for a reliable grid,,,,,,,,,,,
309,7105,portrait,long_axis_measured,22.96192157424433,,70.0,16.0,0.4624318549562329,160.0,26.0,0.4445718789922268,1.063,1.768,0.554,0.833,0.833
310,11674,unknown,unresolved,17.6648653640368,both pitches match a module short axis; ambiguous,160.0,16.0,0.5967624971761227,70.0,13.0,0.2198026351871993,1.046,0.858,0.607,0.794,
311,4508,portrait,long_axis_measured,22.108579339312406,,150.0,32.0,0.7782092388487651,60.0,20.0,-0.1558446770586155,2.167,1.322,0.845,0.535,0.535
312,5304,portrait,long_axis_measured,22.718170894214303,,90.0,15.0,0.5575572049381426,0.0,25.0,0.2543631956102762,0.955,1.721,0.038,0.999,0.999
313,3968,unknown,unresolved,23.076245544171805,both pitches match a module long axis; ambiguous,0.0,29.0,0.6749337121685108,90.0,27.0,0.37363542028656044,1.849,1.863,0.051,0.999,
314,0,unknown,insufficient_pixels,16.33745149295187,only 1300 image pixels; need 2500 for a reliable grid,,,,,,,,,,,
315,0,unknown,insufficient_pixels,12.733483481494876,only 1449 image pixels; need 2500 for a reliable grid,,,,,,,,,,,
316,0,unknown,no_plane_fit,52.58330337956565,no usable lidar plane fit,,,,,,,,,,,
317,0,unknown,insufficient_pixels,19.080907021675344,only 2115 image pixels; need 2500 for a reliable grid,,,,,,,,,,,
318,0,unknown,insufficient_pixels,18.24365440350592,only 1170 image pixels; need 2500 for a reliable grid,,,,,,,,,,,
319,2867,landscape,long_axis_measured,27.47540270774429,,0.0,21.0,0.5835353689150802,90.0,38.0,0.276092413032909,1.341,2.719,0.048,0.999,0.048
320,0,unknown,insufficient_pixels,27.651787618046345,only 2052 image pixels; need 2500 for a reliable grid,,,,,,,,,,,
321,0,unknown,insufficient_pixels,27.328693321431807,only 1800 image pixels; need 2500 for a reliable grid,,,,,,,,,,,
322,7074,unknown,unresolved,18.093749799735463,both pitches match a module long axis; ambiguous,0.0,33.0,0.4351912132398399,90.0,31.0,0.1598313957104806,2.097,2.071,0.019,1.0,
323,8846,portrait,long_axis_measured,19.794524224166896,,110.0,16.0,0.5341830456822767,20.0,20.0,0.2549742677711552,1.057,1.329,0.659,0.752,0.752
324,11648,unknown,unresolved,24.6058117386938,both pitches match a module short axis; ambiguous,90.0,15.0,0.4514181718876686,0.0,12.0,0.3547298869282049,0.953,0.838,0.006,1.0,
325,6300,landscape,long_axis_measured,18.29199420462316,,90.0,16.0,0.849701791078807,0.0,30.0,0.5878484921618864,1.07,1.907,1.0,0.022,0.022
326,9995,portrait,long_axis_measured,18.08756187399868,,90.0,24.0,0.66873563102764,0.0,16.0,0.5895739233301229,1.603,1.016,1.0,0.005,1.0
327,2624,unknown,unresolved,26.246845085659974,both pitches match a module long axis; ambiguous,30.0,32.0,0.4605309730816016,120.0,21.0,0.1632131231027561,2.138,1.466,0.48,0.877,
328,2616,unknown,unresolved,17.70687337209281,both pitches match a module long axis; ambiguous,90.0,31.0,0.7414667958255071,0.0,19.0,0.007187773606053891,1.97,1.266,0.018,1.0,
329,0,unknown,insufficient_pixels,17.640928989261578,only 816 image pixels; need 2500 for a reliable grid,,,,,,,,,,,
330,2616,unknown,unresolved,16.044736094026838,no periodic peak in one or both directions,90.0,16.0,0.7406641605917071,0.0,,,,,,,
331,3792,unknown,unresolved,26.25196294952306,"no pitch within 30% of 1.65 m or 0.99 m; likely row pitch, not module pitch",120.0,37.0,0.4508879869128287,30.0,34.0,-0.31753738690736244,2.584,2.27,0.88,0.476,
332,3087,portrait,long_axis_measured,22.33566193443879,,90.0,15.0,0.6444061878346184,0.0,26.0,0.5591556226066751,0.955,1.785,0.03,1.0,1.0
333,7423,unknown,unresolved,26.425039117028827,no periodic peak in one or both directions,130.0,37.0,0.5360339027893211,40.0,,,,,,,
334,0,unknown,insufficient_pixels,26.06167317083243,only 2054 image pixels; need 2500 for a reliable grid,,,,,,,,,,,
335,4947,portrait,long_axis_measured,18.00071979285101,,50.0,38.0,0.6709739187852456,140.0,27.0,-0.0433194304671147,2.503,1.773,0.737,0.676,0.676
336,0,unknown,insufficient_pixels,25.75883474296859,only 1800 image pixels; need 2500 for a reliable grid,,,,,,,,,,,
337,4370,portrait,long_axis_measured,19.28757031955393,,90.0,17.0,0.7640726469125988,0.0,25.0,0.6643617401129487,1.081,1.682,0.033,0.999,0.999
338,3979,portrait,long_axis_measured,20.220905066627186,,90.0,16.0,0.8577087546613144,0.0,19.0,-0.05529901479307616,1.018,1.286,0.026,1.0,1.0
339,5520,unknown,unresolved,16.654882316802215,no periodic peak in one or both directions,90.0,29.0,0.2165372795740924,0.0,,,,,,,
340,2866,portrait,short_axis_inferred,22.92968016903888,,50.0,38.0,0.708613176160238,140.0,14.0,-0.0430152234479305,2.55,0.944,0.68,0.733,0.68
341,2915,unknown,unresolved,25.654427970331277,"no pitch within 30% of 1.65 m or 0.99 m; likely row pitch, not module pitch",120.0,32.0,0.5350351901879142,30.0,38.0,0.1002572133854617,2.227,2.527,0.889,0.458,
342,0,unknown,insufficient_pixels,25.230176056648567,only 1144 image pixels; need 2500 for a reliable grid,,,,,,,,,,,
343,0,unknown,insufficient_pixels,8.613527149489395,only 2291 image pixels; need 2500 for a reliable grid,,,,,,,,,,,
344,0,unknown,insufficient_pixels,16.9377873393782,only 1944 image pixels; need 2500 for a reliable grid,,,,,,,,,,,
345,3400,portrait,long_axis_measured,15.6740882532014,,90.0,28.0,0.8514562326979385,0.0,17.0,0.5921891644999959,1.847,1.081,1.0,0.028,1.0
346,4520,landscape,long_axis_measured,14.027155806316593,,50.0,37.0,0.6763537558484988,140.0,26.0,0.6261685204389089,2.421,1.659,0.986,0.164,0.164
347,2742,portrait,long_axis_measured,13.330147982349224,,100.0,35.0,0.558987768438704,10.0,21.0,0.30565781822982857,2.247,1.367,0.412,0.911,0.911
348,4214,portrait,long_axis_measured,26.03157745601994,,100.0,24.0,0.5750513804826086,10.0,16.0,0.1796572674264112,1.694,1.031,0.989,0.148,0.989
349,12821,portrait,long_axis_measured,13.956640009777708,,80.0,25.0,0.5723527931786938,170.0,16.0,0.5129174898791717,1.633,1.026,0.941,0.339,0.941
350,5659,portrait,long_axis_measured,13.86832251727911,,50.0,31.0,0.6530298745321612,140.0,38.0,0.3060054721396415,2.014,2.459,0.77,0.638,0.77
351,6755,portrait,long_axis_measured,26.79458369765335,,170.0,14.0,0.6910941597563822,80.0,29.0,0.5867949509303816,0.92,2.051,0.312,0.95,0.95
352,0,unknown,no_plane_fit,4.47609847302974,no usable lidar plane fit,,,,,,,,,,,
353,5184,portrait,long_axis_measured,11.540470333178002,,80.0,14.0,0.7946558228618824,170.0,24.0,0.1623847274263739,0.894,1.554,0.299,0.954,0.954
354,2898,portrait,long_axis_measured,12.186272246411528,,80.0,14.0,0.7214506513043255,170.0,24.0,0.15128758466691855,0.896,1.557,0.334,0.943,0.943
355,2847,landscape,long_axis_measured,24.027490882366514,,80.0,26.0,0.47879316691540186,170.0,31.0,0.35773244474575944,1.695,2.146,0.3,0.954,0.3
356,3080,portrait,long_axis_measured,16.213308943542643,,170.0,14.0,0.708257644299596,80.0,30.0,0.3309499104381182,0.901,1.979,0.334,0.942,0.942
357,3378,unknown,unresolved,14.71103755503584,both pitches match a module long axis; ambiguous,80.0,25.0,0.7380629354529596,170.0,19.0,0.4140130510119427,1.601,1.246,0.251,0.968,
358,0,unknown,insufficient_pixels,19.65692938424878,only 1984 image pixels; need 2500 for a reliable grid,,,,,,,,,,,
359,5153,unknown,unresolved,20.489689291483955,both pitches match a module short axis; ambiguous,80.0,14.0,0.6350556458576458,170.0,14.0,-0.016272429940913,0.906,0.946,0.3,0.954,
360,3624,portrait,long_axis_measured,20.44930520854376,,70.0,13.0,0.5030551522803925,160.0,30.0,-0.028384974759908418,0.851,2.017,0.471,0.882,0.882
361,0,unknown,flat_or_low_tilt,0.123542825811071,tilt 0.1 deg < 5: no defined slope direction,,,,,,,,,,,
362,5516,portrait,long_axis_measured,10.166167823343034,,170.0,14.0,0.6753617661173604,80.0,28.0,0.5738876650553116,0.893,1.805,0.297,0.955,0.955
363,0,unknown,flat_or_low_tilt,0.3404061740328156,tilt 0.3 deg < 5: no defined slope direction,,,,,,,,,,,
364,0,unknown,insufficient_pixels,8.30883609948838,only 1066 image pixels; need 2500 for a reliable grid,,,,,,,,,,,
365,0,unknown,flat_or_low_tilt,0.2070073816216789,tilt 0.2 deg < 5: no defined slope direction,,,,,,,,,,,
366,0,unknown,insufficient_pixels,14.30346327981991,only 1728 image pixels; need 2500 for a reliable grid,,,,,,,,,,,
367,19478,landscape,long_axis_measured,5.551453728953733,,80.0,17.0,0.706263183959408,170.0,25.0,0.5401803681805389,1.084,1.59,0.955,0.298,0.298
368,0,unknown,no_plane_fit,0.9559804180335127,no usable lidar plane fit,,,,,,,,,,,
369,26456,landscape,long_axis_measured,8.866502327262328,,80.0,25.0,0.6999811493605363,170.0,17.0,0.6294924763813362,1.592,1.092,0.252,0.968,0.252
370,0,unknown,no_plane_fit,22.40464540326995,no usable lidar plane fit,,,,,,,,,,,
371,7340,portrait,long_axis_measured,22.614932772147075,,170.0,14.0,0.6217378676046038,80.0,26.0,0.5608765178141831,0.91,1.782,0.297,0.955,0.955
372,0,unknown,flat_or_low_tilt,1.2541036501339518,tilt 1.3 deg < 5: no defined slope direction,,,,,,,,,,,
373,7474,portrait,short_axis_inferred,9.628317787119544,,170.0,14.0,0.6900310669455365,80.0,37.0,0.3125956015900094,0.893,2.381,0.301,0.954,0.954
374,4472,portrait,long_axis_measured,13.963384892356943,,80.0,18.0,0.5727650946058777,170.0,27.0,0.549222128976257,1.151,1.765,0.244,0.97,0.97
375,0,unknown,insufficient_pixels,16.678035464122978,only 1740 image pixels; need 2500 for a reliable grid,,,,,,,,,,,
376,3544,unknown,unresolved,17.676934520747896,"no pitch within 30% of 1.65 m or 0.99 m; likely row pitch, not module pitch",30.0,41.0,0.5939687349425402,120.0,36.0,-0.24398603447720285,2.72,2.333,0.904,0.427,
377,5547,portrait,long_axis_measured,16.630765300820002,,170.0,29.0,0.5793165479641845,80.0,13.0,0.5726354451045302,1.918,0.836,0.953,0.302,0.953
378,0,unknown,insufficient_pixels,27.5884907294688,only 2138 image pixels; need 2500 for a reliable grid,,,,,,,,,,,
379,2562,unknown,unresolved,12.298581494853186,both pitches match a module long axis; ambiguous,170.0,19.0,0.7890251395024156,80.0,21.0,0.06426112341806926,1.215,1.363,0.289,0.957,
380,4521,portrait,long_axis_measured,14.187177245029195,,110.0,29.0,0.6162402967347215,20.0,13.0,0.1583245342550759,1.897,0.832,0.968,0.253,0.968
381,2736,portrait,long_axis_measured,18.037546277179462,,80.0,17.0,0.762693173558157,170.0,22.0,-0.2652870919440647,1.095,1.466,0.283,0.959,0.959
382,2620,portrait,long_axis_measured,22.43223231210832,,80.0,14.0,0.5949532436805784,170.0,21.0,0.15999743278402812,0.909,1.438,0.288,0.958,0.958
383,3681,portrait,long_axis_measured,26.29443362612429,,80.0,17.0,0.8347429342207622,170.0,21.0,0.0366367383379304,1.115,1.479,0.312,0.95,0.95
384,11268,landscape,long_axis_measured,18.06333516152577,,170.0,26.0,0.8242081492250691,80.0,15.0,0.4795616975919449,1.681,0.998,0.364,0.932,0.364
385,11686,unknown,unresolved,18.30838008476461,both pitches match a module short axis; ambiguous,170.0,12.0,0.7747453727614302,80.0,15.0,0.2979362351183032,0.777,1.0,0.37,0.929,
386,5892,portrait,long_axis_measured,17.910350910444325,,170.0,13.0,0.6979807555911206,80.0,30.0,0.3728056063529046,0.84,1.995,0.354,0.935,0.935
387,20343,portrait,long_axis_measured,16.5662752797692,,170.0,12.0,0.8010870862388894,80.0,26.0,0.2867245532146578,0.774,1.717,0.374,0.927,0.927
388,0,unknown,flat_or_low_tilt,0.4827371916918441,tilt 0.5 deg < 5: no defined slope direction,,,,,,,,,,,
389,0,unknown,flat_or_low_tilt,0.4351639484085222,tilt 0.4 deg < 5: no defined slope direction,,,,,,,,,,,
390,0,unknown,flat_or_low_tilt,1.151696917739386,tilt 1.2 deg < 5: no defined slope direction,,,,,,,,,,,
391,0,unknown,flat_or_low_tilt,1.1553256593357726,tilt 1.2 deg < 5: no defined slope direction,,,,,,,,,,,
392,0,unknown,flat_or_low_tilt,1.0596491442949707,tilt 1.1 deg < 5: no defined slope direction,,,,,,,,,,,
393,0,unknown,flat_or_low_tilt,1.4714019756324033,tilt 1.5 deg < 5: no defined slope direction,,,,,,,,,,,
394,7590,landscape,long_axis_measured,18.026160346642065,,130.0,16.0,0.6325196604279432,40.0,26.0,0.4066074911617416,1.067,1.669,0.976,0.218,0.218
395,4673,portrait,long_axis_measured,22.543731822659304,,150.0,11.0,0.6554682822614835,60.0,32.0,0.1945891650567178,0.745,2.127,0.813,0.582,0.582
396,2634,landscape,long_axis_measured,24.194955808352766,,40.0,13.0,0.4673669137549613,130.0,27.0,0.30455960106101976,0.905,1.728,0.996,0.091,0.091
397,0,unknown,insufficient_pixels,30.53665705340288,only 1336 image pixels; need 2500 for a reliable grid,,,,,,,,,,,
398,8560,portrait,long_axis_measured,22.079314106982142,,70.0,11.0,0.5959948491689945,160.0,29.0,0.4586236334213822,0.736,1.944,0.698,0.716,0.716
399,4238,landscape,long_axis_measured,9.457200084953168,,10.0,37.0,0.6985584869836962,100.0,23.0,0.0514625390569871,2.381,1.466,0.965,0.26,0.26
400,0,unknown,no_plane_fit,38.376802211645824,no usable lidar plane fit,,,,,,,,,,,
401,0,unknown,flat_or_low_tilt,4.705896847189722,tilt 4.7 deg < 5: no defined slope direction,,,,,,,,,,,
402,3986,portrait,long_axis_measured,23.22912207141668,,160.0,17.0,0.4693812399024553,70.0,29.0,-0.025133160278692203,1.139,1.963,0.649,0.761,0.761
403,2652,portrait,long_axis_measured,22.703781108460547,,70.0,37.0,0.6572127437700371,160.0,25.0,0.5086283375339379,2.478,1.685,0.667,0.745,0.745
404,5270,unknown,unresolved,25.831147999260384,both pitches match a module short axis; ambiguous,80.0,13.0,0.7182322289706798,170.0,14.0,0.2606237307882051,0.85,0.983,0.29,0.957,
405,0,unknown,no_plane_fit,32.05389424987108,no usable lidar plane fit,,,,,,,,,,,
406,4998,unknown,unresolved,20.89394043170624,both pitches match a module long axis; ambiguous,90.0,27.0,0.5399393537561007,0.0,31.0,0.4827154828995702,1.715,2.107,0.007,1.0,
407,0,unknown,insufficient_pixels,21.66302830279865,only 1764 image pixels; need 2500 for a reliable grid,,,,,,,,,,,
408,0,unknown,insufficient_pixels,17.05656746527937,only 2100 image pixels; need 2500 for a reliable grid,,,,,,,,,,,
409,5305,unknown,unresolved,22.846193640085616,both pitches match a module short axis; ambiguous,120.0,11.0,0.5971598383193838,30.0,17.0,0.2649092508595959,0.744,1.135,0.782,0.623,
410,8878,unknown,unresolved,18.35464783837968,both pitches match a module long axis; ambiguous,100.0,29.0,0.5394685917145515,10.0,19.0,0.2584895402270481,1.901,1.257,0.614,0.79,
411,0,unknown,flat_or_low_tilt,1.0379613572948991,tilt 1.0 deg < 5: no defined slope direction,,,,,,,,,,,
412,0,unknown,flat_or_low_tilt,0.8822425006052729,tilt 0.9 deg < 5: no defined slope direction,,,,,,,,,,,
413,7760,portrait,short_axis_inferred,5.739478988816023,,120.0,12.0,0.318975529975881,30.0,37.0,-0.4548625347712892,0.764,2.36,0.47,0.883,0.883
414,4520,landscape,long_axis_measured,20.926070521380645,,170.0,20.0,0.60077161601646,80.0,14.0,0.5485085233856689,1.296,0.949,0.306,0.952,0.306
415,0,unknown,insufficient_pixels,22.11204665809713,only 2138 image pixels; need 2500 for a reliable grid,,,,,,,,,,,
416,5644,unknown,unresolved,19.65510385421072,both pitches match a module short axis; ambiguous,50.0,13.0,0.5893691386214233,140.0,13.0,0.4472986635251901,0.876,0.832,0.992,0.125,
417,4876,landscape,long_axis_measured,20.16440241749266,,170.0,25.0,0.5771792490565801,80.0,14.0,0.5238402224963659,1.614,0.945,0.271,0.962,0.271
418,11729,portrait,long_axis_measured,23.394840564847765,,150.0,11.0,0.4870332588927504,60.0,24.0,0.3639436970216613,0.751,1.594,0.844,0.536,0.536
419,4566,portrait,long_axis_measured,22.81392638075015,,150.0,15.0,0.7720349234476489,60.0,28.0,0.5593365854681093,1.02,1.855,0.846,0.534,0.534
420,3896,unknown,unresolved,17.792628412722696,"no pitch within 30% of 1.65 m or 0.99 m; likely row pitch, not module pitch",10.0,35.0,0.7234772155005568,100.0,40.0,0.31096911389137866,2.33,2.573,0.964,0.267,
421,5541,portrait,long_axis_measured,14.310519633174994,,110.0,30.0,0.6737258302584664,20.0,11.0,0.6557390111971544,1.951,0.713,0.755,0.656,0.755
422,2867,portrait,long_axis_measured,16.414076050733325,,170.0,16.0,0.5621722369339873,80.0,25.0,0.3224248619951986,1.029,1.652,0.299,0.954,0.954
423,0,unknown,no_plane_fit,44.74151415136063,no usable lidar plane fit,,,,,,,,,,,
424,0,unknown,insufficient_pixels,5.007597835773507,only 1092 image pixels; need 2500 for a reliable grid,,,,,,,,,,,
425,0,unknown,no_plane_fit,57.74862161966223,no usable lidar plane fit,,,,,,,,,,,
426,7101,unknown,unresolved,10.816557387065387,both pitches match a module long axis; ambiguous,90.0,26.0,0.2266866640336955,0.0,21.0,0.0819614881536062,1.681,1.336,0.996,0.087,
427,0,unknown,no_plane_fit,7.494709148342822,no usable lidar plane fit,,,,,,,,,,,
428,10026,portrait,short_axis_inferred,7.53698656119186,,110.0,11.0,0.4094007903656335,20.0,37.0,-0.0634980006824846,0.702,2.366,0.558,0.83,0.83
429,5122,unknown,unresolved,8.817778742254907,both pitches match a module short axis; ambiguous,130.0,17.0,0.5148065028532436,40.0,17.0,0.4301872753025784,1.085,1.091,0.463,0.886,
430,0,unknown,insufficient_pixels,12.930227448337396,only 1705 image pixels; need 2500 for a reliable grid,,,,,,,,,,,
431,7503,portrait,long_axis_measured,13.501302247506665,,170.0,29.0,0.2437825901478892,80.0,35.0,0.1455566150789189,1.871,2.274,0.573,0.819,0.573
432,3279,portrait,long_axis_measured,19.74651348919797,,170.0,14.0,0.6736909854769484,80.0,23.0,0.10815700562592856,0.904,1.548,0.278,0.961,0.961
433,3412,unknown,unresolved,19.80273423644814,both pitches match a module long axis; ambiguous,80.0,30.0,0.45433115763063503,170.0,25.0,-0.1004666425795029,1.989,1.656,0.711,0.703,
434,5250,landscape,long_axis_measured,22.424865543767083,,50.0,13.0,0.5316832057433031,140.0,27.0,0.2089626452848306,0.891,1.747,0.969,0.245,0.245
435,5000,landscape,long_axis_measured,18.054751965930933,,120.0,28.0,0.7391414067431809,30.0,12.0,0.5545243952307233,1.819,0.797,0.46,0.888,0.46
436,0,unknown,insufficient_pixels,14.491049067522692,only 1367 image pixels; need 2500 for a reliable grid,,,,,,,,,,,
437,0,unknown,insufficient_pixels,15.843106679788226,only 2396 image pixels; need 2500 for a reliable grid,,,,,,,,,,,
438,12694,landscape,long_axis_measured,13.035718322697807,,130.0,11.0,0.4064443913416132,40.0,25.0,0.319123676622614,0.717,1.591,0.996,0.093,0.093
439,0,unknown,flat_or_low_tilt,4.359242439128479,tilt 4.4 deg < 5: no defined slope direction,,,,,,,,,,,
440,9327,unknown,unresolved,23.09582300853497,both pitches match a module long axis; ambiguous,20.0,25.0,0.5894659694274933,110.0,22.0,0.1735530893471313,1.678,1.485,0.673,0.74,
441,4694,unknown,unresolved,20.69830420217448,both pitches match a module short axis; ambiguous,140.0,11.0,0.6186639992441586,50.0,17.0,0.5638285125285185,0.705,1.153,0.142,0.99,
442,3031,unknown,unresolved,19.998602807753272,both pitches match a module short axis; ambiguous,50.0,16.0,0.6722489137509748,140.0,11.0,0.4064356575839654,1.08,0.707,0.978,0.209,
443,3006,portrait,long_axis_measured,21.40485364161114,,100.0,14.0,0.907749469755704,10.0,23.0,0.18625757379673635,0.905,1.565,0.264,0.965,0.965
444,8181,portrait,long_axis_measured,19.779739885986366,,10.0,16.0,0.4747267796260824,100.0,30.0,0.1940897993655471,1.031,2.02,0.255,0.967,0.967
445,0,unknown,no_plane_fit,,no usable lidar plane fit,,,,,,,,,,,
446,4160,landscape,long_axis_measured,7.292051690524159,,160.0,19.0,0.771191196497507,70.0,13.0,0.5181987927082325,1.207,0.832,0.102,0.995,0.102
447,7334,unknown,unresolved,23.0403512883315,no periodic peak in one or both directions,70.0,12.0,0.8783988946348453,160.0,,,,,,,
448,4896,portrait,long_axis_measured,22.239613025352224,,0.0,13.0,0.753702667812541,90.0,26.0,0.5559000759106979,0.83,1.783,0.072,0.997,0.997
449,9690,portrait,long_axis_measured,7.565578129314321,,130.0,19.0,0.8999790748761903,40.0,35.0,0.5042785347302392,1.217,2.226,0.981,0.195,0.981
450,0,unknown,insufficient_pixels,13.23383791122854,only 1968 image pixels; need 2500 for a reliable grid,,,,,,,,,,,
451,0,unknown,insufficient_pixels,16.976819933054102,only 1314 image pixels; need 2500 for a reliable grid,,,,,,,,,,,
452,0,unknown,insufficient_pixels,19.587767107030565,only 998 image pixels; need 2500 for a reliable grid,,,,,,,,,,,
453,2514,unknown,unresolved,21.588756654350508,both pitches match a module short axis; ambiguous,150.0,13.0,0.8463309234878897,60.0,16.0,0.021101355613443742,0.879,1.054,0.86,0.51,
454,0,unknown,insufficient_pixels,15.244571765764526,only 2140 image pixels; need 2500 for a reliable grid,,,,,,,,,,,
455,4218,portrait,long_axis_measured,22.201671101657485,,150.0,13.0,0.8604051524109515,60.0,22.0,0.6886120571212867,0.882,1.452,0.857,0.515,0.515
456,3407,landscape,long_axis_measured,22.80011103837504,,150.0,12.0,0.7720847826967646,60.0,27.0,0.5760877673999618,0.818,1.781,0.878,0.479,0.479
457,12002,portrait,long_axis_measured,21.207112514212263,,80.0,15.0,0.3941246689839713,170.0,24.0,0.269906669587294,0.979,1.625,0.405,0.914,0.914
458,0,unknown,insufficient_pixels,25.314128086921738,only 1802 image pixels; need 2500 for a reliable grid,,,,,,,,,,,
459,0,unknown,flat_or_low_tilt,1.112356686547493,tilt 1.1 deg < 5: no defined slope direction,,,,,,,,,,,
460,3219,unknown,unresolved,12.5385706975856,no periodic peak in one or both directions,170.0,14.0,0.5245108666436861,80.0,,,,,,,
461,0,unknown,no_plane_fit,67.69498877734586,no usable lidar plane fit,,,,,,,,,,,
462,0,unknown,no_plane_fit,30.215384453174146,no usable lidar plane fit,,,,,,,,,,,
463,0,unknown,no_plane_fit,25.884794476665785,no usable lidar plane fit,,,,,,,,,,,
464,0,unknown,flat_or_low_tilt,1.2886321673003185,tilt 1.3 deg < 5: no defined slope direction,,,,,,,,,,,
465,0,unknown,flat_or_low_tilt,1.4378486615134205,tilt 1.4 deg < 5: no defined slope direction,,,,,,,,,,,
466,5489,portrait,long_axis_measured,30.0316249082365,,100.0,25.0,0.2883184797072236,10.0,35.0,0.154616435810943,1.72,2.497,0.575,0.818,0.575
467,0,unknown,insufficient_pixels,19.619684328364343,only 1824 image pixels; need 2500 for a reliable grid,,,,,,,,,,,
468,0,unknown,insufficient_pixels,19.694615310662755,only 2369 image pixels; need 2500 for a reliable grid,,,,,,,,,,,
469,6123,unknown,unresolved,19.787551338797265,"no pitch within 30% of 1.65 m or 0.99 m; likely row pitch, not module pitch",40.0,38.0,0.6735281587489742,130.0,34.0,0.2776591170085094,2.562,2.181,0.985,0.173,
470,2569,unknown,unresolved,19.26840992854671,both pitches match a module short axis; ambiguous,50.0,11.0,0.44879388380966684,140.0,12.0,0.41382114688536803,0.74,0.767,0.993,0.12,
471,2563,unknown,unresolved,16.031097162028463,both pitches match a module short axis; ambiguous,140.0,11.0,0.7820928472035635,50.0,11.0,0.17091940086652194,0.727,0.701,0.996,0.091,
472,0,unknown,flat_or_low_tilt,4.682329616449769,tilt 4.7 deg < 5: no defined slope direction,,,,,,,,,,,
473,0,unknown,insufficient_pixels,33.04707276393899,only 2374 image pixels; need 2500 for a reliable grid,,,,,,,,,,,
474,2732,landscape,long_axis_measured,17.73609049169305,,40.0,16.0,0.7459550375608506,130.0,25.0,0.5508616420408445,1.065,1.604,0.977,0.215,0.215
475,0,unknown,insufficient_pixels,29.66977414930843,only 2030 image pixels; need 2500 for a reliable grid,,,,,,,,,,,
476,8245,landscape,long_axis_measured,19.48505969056962,,40.0,13.0,0.6490738367026335,130.0,25.0,0.1970388025740766,0.874,1.607,0.978,0.211,0.211
477,7774,unknown,unresolved,22.573623646637028,both pitches match a module short axis; ambiguous,130.0,11.0,0.6503080581811028,40.0,13.0,0.502575374969351,0.708,0.893,0.183,0.983,
478,10037,unknown,unresolved,20.500812057975423,both pitches match a module long axis; ambiguous,130.0,26.0,0.4619967080459246,40.0,26.0,0.4326491466949586,1.671,1.761,0.186,0.983,
479,0,unknown,insufficient_pixels,18.261325373372305,only 1594 image pixels; need 2500 for a reliable grid,,,,,,,,,,,
480,2783,portrait,long_axis_measured,18.199115312489123,,130.0,19.0,0.9204406170097268,40.0,14.0,-0.050190596168637296,1.268,0.899,0.977,0.214,0.977
481,0,unknown,insufficient_pixels,16.31683673518941,only 1816 image pixels; need 2500 for a reliable grid,,,,,,,,,,,
482,3052,unknown,unresolved,16.301046588554648,both pitches match a module long axis; ambiguous,130.0,31.0,0.6467174870884778,40.0,19.0,0.5412931863949471,1.978,1.257,0.121,0.993,
483,3040,unknown,unresolved,21.39968770398305,both pitches match a module short axis; ambiguous,140.0,11.0,0.5820174076419271,50.0,17.0,0.3412004059585822,0.75,1.082,0.999,0.032,
484,11934,unknown,unresolved,20.669245697179694,both pitches match a module short axis; ambiguous,140.0,11.0,0.4083327427662558,50.0,11.0,0.2546151293792151,0.699,0.747,0.018,1.0,
485,3244,landscape,long_axis_measured,12.715633007213704,,130.0,36.0,0.7402530144472207,40.0,22.0,0.07568416050204535,2.342,1.404,0.981,0.195,0.195
486,0,unknown,no_plane_fit,11.074778084518226,no usable lidar plane fit,,,,,,,,,,,
487,0,unknown,insufficient_pixels,20.42169102265233,only 1598 image pixels; need 2500 for a reliable grid,,,,,,,,,,,
488,0,unknown,no_plane_fit,65.57039926861978,no usable lidar plane fit,,,,,,,,,,,
489,0,unknown,insufficient_pixels,20.737646166441483,only 1104 image pixels; need 2500 for a reliable grid,,,,,,,,,,,
490,6255,landscape,short_axis_inferred,22.947594388496096,,160.0,34.0,0.3614455387400176,70.0,15.0,0.0447689469516169,2.221,1.029,0.355,0.935,0.355
491,0,unknown,insufficient_pixels,22.44237419723077,only 1688 image pixels; need 2500 for a reliable grid,,,,,,,,,,,
492,0,unknown,no_plane_fit,66.95432042270667,no usable lidar plane fit,,,,,,,,,,,
493,0,unknown,insufficient_pixels,17.295640311955356,only 2343 image pixels; need 2500 for a reliable grid,,,,,,,,,,,
494,0,unknown,insufficient_pixels,19.418625849936337,only 1005 image pixels; need 2500 for a reliable grid,,,,,,,,,,,
495,3065,portrait,long_axis_measured,20.386240687528502,,90.0,38.0,0.6161960933985939,0.0,31.0,-0.30473823826258634,2.516,2.066,0.656,0.755,0.755
496,2742,landscape,long_axis_measured,15.051322747283622,,170.0,24.0,0.7019931149830902,80.0,36.0,0.05291912556434772,1.55,2.356,0.489,0.872,0.489
497,0,unknown,insufficient_pixels,32.25558702155359,only 1380 image pixels; need 2500 for a reliable grid,,,,,,,,,,,
498,0,unknown,insufficient_pixels,11.728948265586457,only 1448 image pixels; need 2500 for a reliable grid,,,,,,,,,,,
499,3458,portrait,short_axis_inferred,17.91832433618277,,0.0,36.0,0.5687830409449154,90.0,18.0,0.08864619963310189,2.402,1.146,0.998,0.055,0.998
500,0,unknown,insufficient_pixels,45.69049999071448,only 1733 image pixels; need 2500 for a reliable grid,,,,,,,,,,,
501,6427,portrait,long_axis_measured,27.785602636412992,,20.0,11.0,0.3992114059013744,110.0,24.0,0.3195926302718357,0.756,1.669,0.659,0.752,0.752
502,7586,portrait,long_axis_measured,20.24292734146529,,70.0,14.0,0.6643419523516683,160.0,25.0,0.1944694871686084,0.923,1.67,0.604,0.797,0.797
503,3955,unknown,unresolved,28.52574992404685,both pitches match a module long axis; ambiguous,70.0,27.0,0.4583445614488638,160.0,29.0,0.28208063469436434,1.877,2.012,0.715,0.699,
504,0,unknown,flat_or_low_tilt,1.377878121226063,tilt 1.4 deg < 5: no defined slope direction,,,,,,,,,,,
505,7428,landscape,long_axis_measured,17.240972556498658,,100.0,13.0,0.2500295127851414,10.0,25.0,0.0969800382469116,0.864,1.6,0.986,0.168,0.168
506,7534,portrait,long_axis_measured,19.91764997365208,,70.0,13.0,0.4127443352418705,160.0,29.0,0.2182717064457598,0.856,1.934,0.602,0.798,0.798
507,0,unknown,insufficient_pixels,19.40304022459922,only 1248 image pixels; need 2500 for a reliable grid,,,,,,,,,,,
508,5118,portrait,long_axis_measured,18.40678088196044,,160.0,13.0,0.5964755545926732,70.0,19.0,0.4873875759064207,0.858,1.25,0.739,0.674,0.674
509,5152,portrait,long_axis_measured,21.39806954570832,,160.0,12.0,0.7081202247030649,70.0,28.0,0.2426959306895166,0.796,1.879,0.625,0.781,0.781
510,3009,portrait,long_axis_measured,16.885700107219897,,160.0,13.0,0.6180187697291268,70.0,19.0,0.49962182184714726,0.854,1.24,0.775,0.632,0.632
511,5093,portrait,long_axis_measured,20.70943979136542,,160.0,16.0,0.6567305088383244,70.0,30.0,0.3228185417718538,1.06,2.005,0.637,0.771,0.771
512,4040,landscape,short_axis_inferred,21.100412413092005,,30.0,35.0,0.472656720459025,120.0,12.0,0.3530038229753072,2.248,0.816,0.17,0.985,0.17
513,2671,unknown,unresolved,28.484661050462275,both pitches match a module long axis; ambiguous,70.0,17.0,0.7746826648126683,160.0,22.0,-0.18156600343053705,1.171,1.539,0.647,0.763,
514,7996,portrait,long_axis_measured,21.47303323928013,,70.0,27.0,0.77371479925474,160.0,13.0,0.3527535545380605,1.796,0.871,0.656,0.755,0.656
515,6304,portrait,short_axis_inferred,26.35367028239112,,150.0,11.0,0.527478658628058,60.0,40.0,0.0522628727547119,0.76,2.719,0.774,0.633,0.633
516,12448,unknown,unresolved,19.83682845210948,both pitches match a module short axis; ambiguous,70.0,17.0,0.7067367214784805,160.0,16.0,0.088252151742279,1.123,1.064,0.656,0.754,
517,0,unknown,no_plane_fit,67.69163706100295,no usable lidar plane fit,,,,,,,,,,,
518,3260,portrait,long_axis_measured,17.130644048637127,,160.0,13.0,0.5888590900001427,70.0,30.0,0.1961066204041935,0.85,1.97,0.662,0.749,0.749
519,2963,portrait,long_axis_measured,11.153866172612704,,70.0,16.0,0.31429673238867545,160.0,30.0,-0.036852823946156396,1.029,1.932,0.673,0.739,0.739
520,9552,portrait,long_axis_measured,18.19740954825657,,80.0,15.0,0.4565395485901962,170.0,29.0,-0.02135733997234,0.972,1.93,0.409,0.913,0.913
521,13879,portrait,long_axis_measured,18.17717981027168,,170.0,13.0,0.665596728633439,80.0,25.0,0.5887401720127151,0.838,1.667,0.293,0.956,0.956
522,0,unknown,insufficient_pixels,20.88471344201785,only 1600 image pixels; need 2500 for a reliable grid,,,,,,,,,,,
523,0,unknown,insufficient_pixels,21.94573354106961,only 1792 image pixels; need 2500 for a reliable grid,,,,,,,,,,,
524,6138,portrait,long_axis_measured,19.02232078589584,,60.0,31.0,0.5803925575941565,150.0,17.0,0.0769980812254443,2.057,1.117,0.787,0.616,0.787
525,8056,unknown,unresolved,13.413700045755938,both pitches match a module long axis; ambiguous,140.0,21.0,0.5087420437053843,50.0,29.0,0.266030920522122,1.359,1.879,0.678,0.735,
526,5853,portrait,long_axis_measured,15.508982179802246,,80.0,17.0,0.6223936928537146,170.0,19.0,0.1259362912307833,1.092,1.25,0.316,0.949,0.949
527,6615,landscape,long_axis_measured,12.624132779366722,,80.0,31.0,0.2388452524489986,170.0,41.0,0.1371443442162631,1.983,2.665,0.296,0.955,0.296
528,8603,unknown,unresolved,17.98126962928832,both pitches match a module long axis; ambiguous,80.0,18.0,0.5679604581222207,170.0,20.0,0.3156688348147489,1.16,1.332,0.292,0.956,
529,0,unknown,insufficient_pixels,37.73853382036955,only 2376 image pixels; need 2500 for a reliable grid,,,,,,,,,,,
530,7995,portrait,long_axis_measured,22.44312506101709,,170.0,17.0,0.5890848015791714,80.0,24.0,0.3927104208013522,1.104,1.643,0.295,0.956,0.956
531,0,unknown,insufficient_pixels,15.876463013474376,only 1233 image pixels; need 2500 for a reliable grid,,,,,,,,,,,
532,0,unknown,insufficient_pixels,6.890143691749658,only 2484 image pixels; need 2500 for a reliable grid,,,,,,,,,,,
533,6009,portrait,long_axis_measured,19.07433041767157,,60.0,29.0,0.5292178439357551,150.0,33.0,-0.002774125956682,1.925,2.168,0.793,0.609,0.793
534,6314,unknown,unresolved,20.12858608295727,both pitches match a module long axis; ambiguous,80.0,23.0,0.4846041827854592,170.0,20.0,0.3995124218392948,1.551,1.293,0.956,0.294,
535,23519,portrait,long_axis_measured,17.68842245253139,,170.0,16.0,0.4481973158791421,80.0,25.0,0.430143895034268,1.024,1.665,0.16,0.987,0.987
536,7680,portrait,long_axis_measured,9.128156040386886,,170.0,14.0,0.7442014790738978,80.0,24.0,0.486556778480391,0.893,1.543,0.31,0.951,0.951
537,6041,unknown,unresolved,44.65811979422616,both pitches match a module short axis; ambiguous,170.0,16.0,0.4002441476271435,80.0,11.0,0.27968916844231,1.124,0.96,0.333,0.943,
538,3318,unknown,unresolved,5.480695000664538,no periodic peak in one or both directions,170.0,14.0,0.7499021612196161,80.0,,,,,,,
539,4812,portrait,long_axis_measured,5.120235983505211,,80.0,28.0,0.6459683909611369,170.0,14.0,0.6019295139379494,1.783,0.891,0.765,0.644,0.765
540,0,unknown,insufficient_pixels,6.370674760339729,only 2341 image pixels; need 2500 for a reliable grid,,,,,,,,,,,
541,5620,unknown,unresolved,18.99345552499288,"no pitch within 30% of 1.65 m or 0.99 m; likely row pitch, not module pitch",130.0,37.0,0.5296570009171494,40.0,34.0,0.1909187066453391,2.462,2.224,0.842,0.539,
542,0,unknown,flat_or_low_tilt,1.635628174632894,tilt 1.6 deg < 5: no defined slope direction,,,,,,,,,,,
543,0,unknown,insufficient_pixels,8.255847357289774,only 1460 image pixels; need 2500 for a reliable grid,,,,,,,,,,,
544,4478,portrait,long_axis_measured,17.040258452091795,,170.0,14.0,0.6200465936651758,80.0,25.0,0.5801071335585611,0.898,1.658,0.223,0.975,0.975
545,5016,portrait,long_axis_measured,10.513055842935875,,170.0,11.0,0.5833089397719767,80.0,31.0,0.1891888784327269,0.7,2.002,0.165,0.986,0.986
546,7633,portrait,long_axis_measured,20.65330614328988,,170.0,13.0,0.4492690971722858,80.0,31.0,-0.1050211855677556,0.845,2.094,0.36,0.933,0.933
547,6668,portrait,long_axis_measured,14.956178491406073,,170.0,13.0,0.3689492128296456,80.0,25.0,0.2799397279879707,0.833,1.641,0.273,0.962,0.962
548,0,unknown,no_plane_fit,55.76228290575493,no usable lidar plane fit,,,,,,,,,,,
549,0,unknown,flat_or_low_tilt,1.3415648857001936,tilt 1.3 deg < 5: no defined slope direction,,,,,,,,,,,
550,0,unknown,flat_or_low_tilt,2.096550004322171,tilt 2.1 deg < 5: no defined slope direction,,,,,,,,,,,
551,0,unknown,flat_or_low_tilt,0.705602988678099,tilt 0.7 deg < 5: no defined slope direction,,,,,,,,,,,
552,5288,portrait,long_axis_measured,15.948344353785693,,170.0,14.0,0.6835225581111449,80.0,26.0,0.555603253974179,0.896,1.716,0.203,0.979,0.979
553,8756,unknown,unresolved,12.80901946253998,both pitches match a module short axis; ambiguous,170.0,13.0,0.4709508124818786,80.0,16.0,0.3297361958529107,0.831,1.041,0.267,0.964,
554,8448,portrait,long_axis_measured,20.440087157953325,,80.0,14.0,0.9056834821074202,170.0,27.0,0.1395805376160602,0.905,1.825,0.287,0.958,0.958
555,6532,unknown,unresolved,13.101540138034135,both pitches match a module short axis; ambiguous,170.0,13.0,0.667008748177044,80.0,13.0,0.2519565021103753,0.831,0.847,0.275,0.961,
556,3720,portrait,long_axis_measured,11.415281515155275,,170.0,13.0,0.5286732004484265,80.0,19.0,0.355932621499745,0.829,1.23,0.225,0.974,0.974
557,0,unknown,insufficient_pixels,10.692960584529777,only 1240 image pixels; need 2500 for a reliable grid,,,,,,,,,,,
558,4374,unknown,unresolved,13.48024336399715,both pitches match a module long axis; ambiguous,80.0,31.0,0.8781185536569496,170.0,20.0,0.3112089085830398,1.982,1.305,0.256,0.967,
559,0,unknown,insufficient_pixels,15.339750291422986,only 2153 image pixels; need 2500 for a reliable grid,,,,,,,,,,,
560,3918,landscape,long_axis_measured,26.11382701844921,,120.0,40.0,0.5709585918589243,30.0,28.0,0.06517161296974316,2.806,1.848,0.928,0.371,0.371
561,8090,portrait,long_axis_measured,26.17583719941684,,170.0,13.0,0.6181020429393409,80.0,17.0,0.4419453857511911,0.852,1.197,0.299,0.954,0.954
562,5286,portrait,long_axis_measured,18.10943167641368,,120.0,31.0,0.701235188409576,30.0,34.0,-0.3431624408890092,2.064,2.197,0.937,0.349,0.937
563,0,unknown,insufficient_pixels,17.35624681893641,only 1102 image pixels; need 2500 for a reliable grid,,,,,,,,,,,
564,0,unknown,insufficient_pixels,17.515560071748734,only 1802 image pixels; need 2500 for a reliable grid,,,,,,,,,,,
565,0,unknown,insufficient_pixels,18.576319995973105,only 980 image pixels; need 2500 for a reliable grid,,,,,,,,,,,
566,4015,portrait,long_axis_measured,14.123014381616793,,130.0,34.0,0.6454177992201497,40.0,31.0,0.269297756366197,2.211,2.006,0.782,0.623,0.623
567,4665,portrait,long_axis_measured,20.540209743783105,,80.0,14.0,0.7872393509876027,170.0,23.0,0.1200522650574231,0.906,1.555,0.294,0.956,0.956
568,2964,portrait,short_axis_inferred,20.29148906626685,,80.0,14.0,0.7276363852104051,170.0,36.0,0.35867116088271206,0.906,2.43,0.303,0.953,0.953
569,0,unknown,insufficient_pixels,19.142223566524702,only 1944 image pixels; need 2500 for a reliable grid,,,,,,,,,,,
570,5462,landscape,long_axis_measured,12.208758592895954,,30.0,34.0,0.6387403984117231,120.0,30.0,-0.3140701676625425,2.203,1.926,0.882,0.471,0.471
571,0,unknown,no_plane_fit,37.0510376501243,no usable lidar plane fit,,,,,,,,,,,
572,0,unknown,insufficient_pixels,13.58305249817079,only 1899 image pixels; need 2500 for a reliable grid,,,,,,,,,,,
573,0,unknown,insufficient_pixels,37.18526017858064,only 2200 image pixels; need 2500 for a reliable grid,,,,,,,,,,,
574,0,unknown,insufficient_pixels,13.187148553606209,only 2440 image pixels; need 2500 for a reliable grid,,,,,,,,,,,
575,6768,unknown,unresolved,13.94556146738172,both pitches match a module long axis; ambiguous,70.0,18.0,0.3875069520017256,160.0,33.0,-0.0051051303397594,1.173,2.125,0.881,0.473,
576,4472,portrait,long_axis_measured,21.427973567720752,,80.0,14.0,0.600484101925748,170.0,29.0,0.4043792200789064,0.907,1.972,0.29,0.957,0.957
577,5163,portrait,long_axis_measured,20.814329907193404,,80.0,14.0,0.5711647759921628,170.0,24.0,0.210163517710767,0.908,1.624,0.322,0.947,0.947
578,10042,unknown,unresolved,18.650391378561583,both pitches match a module short axis; ambiguous,80.0,13.0,0.8010342185402736,170.0,11.0,0.431123299007805,0.841,0.735,0.357,0.934,
579,4098,landscape,long_axis_measured,18.156647105506327,,80.0,25.0,0.4390948332630616,170.0,14.0,0.2059180144066184,1.613,0.933,0.315,0.949,0.315
580,4914,landscape,long_axis_measured,17.91511658692689,,170.0,26.0,0.5352320820711837,80.0,14.0,0.3873241357856713,1.676,0.932,0.308,0.951,0.308
581,3974,portrait,long_axis_measured,17.98780166100761,,80.0,27.0,0.484278740978356,170.0,14.0,0.3592768047477639,1.798,0.903,0.95,0.311,0.95
582,2574,portrait,long_axis_measured,33.42774488592146,,80.0,11.0,0.600194573381802,170.0,23.0,0.4718300195597914,0.728,1.739,0.248,0.969,0.969
583,3279,portrait,long_axis_measured,17.772710603706933,,80.0,16.0,0.6087382553644198,170.0,24.0,0.3754885215432386,1.03,1.597,0.294,0.956,0.956
584,2827,portrait,long_axis_measured,19.70541630291726,,80.0,14.0,0.8218855848050605,170.0,24.0,0.06860005680984724,0.905,1.614,0.307,0.952,0.952
585,12628,landscape,long_axis_measured,18.069430965822225,,80.0,25.0,0.4138096916598732,170.0,14.0,0.4017662332088424,1.611,0.933,0.299,0.954,0.299
586,8430,unknown,unresolved,18.88117689989005,"no pitch within 30% of 1.65 m or 0.99 m; likely row pitch, not module pitch",40.0,39.0,0.4365116584060263,130.0,36.0,0.3293057800872784,2.543,2.399,0.485,0.874,
587,8478,portrait,long_axis_measured,19.0271031840886,,70.0,13.0,0.5375912545417143,160.0,18.0,0.0192999226539641,0.847,1.201,0.46,0.888,0.888
588,2699,landscape,long_axis_measured,20.51641772841946,,170.0,12.0,0.4932775482997594,80.0,30.0,0.29696896675713774,0.81,1.949,0.934,0.357,0.357
589,0,unknown,flat_or_low_tilt,4.88630027814933,tilt 4.9 deg < 5: no defined slope direction,,,,,,,,,,,
590,0,unknown,insufficient_pixels,39.47897421949385,only 2074 image pixels; need 2500 for a reliable grid,,,,,,,,,,,
591,0,unknown,insufficient_pixels,39.365205068935296,only 1260 image pixels; need 2500 for a reliable grid,,,,,,,,,,,
592,6102,portrait,short_axis_inferred,11.798816595224809,,80.0,15.0,0.6763367980156768,170.0,34.0,0.4013794602334904,0.96,2.202,0.368,0.93,0.93
593,4806,landscape,long_axis_measured,17.685837620585797,,170.0,27.0,0.2256712974196816,80.0,38.0,0.1525824482701707,1.745,2.524,0.37,0.929,0.37
594,12954,landscape,long_axis_measured,18.34504363961316,,170.0,26.0,0.808276500094075,80.0,15.0,0.471135019056513,1.682,1.0,0.365,0.931,0.365
595,47653,unknown,unresolved,13.396374766071109,both pitches match a module short axis; ambiguous,170.0,17.0,0.7660668654810239,80.0,17.0,0.5697490847542607,1.091,1.107,0.373,0.928,
596,27904,unknown,unresolved,20.483593608532512,both pitches match a module short axis; ambiguous,80.0,16.0,0.6355942039378689,170.0,17.0,0.6322548030962263,1.079,1.106,0.928,0.372,
597,8132,landscape,short_axis_inferred,18.24873163745441,,170.0,40.0,0.5445943814612554,80.0,15.0,0.3694900533737825,2.588,0.999,0.372,0.928,0.372
598,5085,unknown,unresolved,16.02839094834967,both pitches match a module short axis; ambiguous,170.0,13.0,0.5579135316368353,80.0,15.0,0.4736155764604111,0.837,0.988,0.358,0.934,
599,14369,unknown,unresolved,18.4136224814398,both pitches match a module short axis; ambiguous,170.0,12.0,0.6917875522009361,80.0,15.0,0.4284407769936414,0.776,1.0,0.359,0.933,
600,7424,unknown,unresolved,17.88039050833653,both pitches match a module short axis; ambiguous,170.0,13.0,0.6991996987905981,80.0,15.0,0.5530982722672481,0.84,0.997,0.366,0.931,
601,28969,landscape,long_axis_measured,18.44756821893692,,170.0,26.0,0.9176398388097996,80.0,16.0,0.3056419147888816,1.683,1.067,0.366,0.931,0.366
602,23444,portrait,short_axis_inferred,12.01935691394244,,80.0,16.0,0.613042960718884,170.0,38.0,0.0164151960033527,1.024,2.463,0.361,0.932,0.932
603,0,unknown,flat_or_low_tilt,0.7155707825998124,tilt 0.7 deg < 5: no defined slope direction,,,,,,,,,,,
604,0,unknown,flat_or_low_tilt,1.5839309763344518,tilt 1.6 deg < 5: no defined slope direction,,,,,,,,,,,
605,0,unknown,flat_or_low_tilt,1.5940720955671988,tilt 1.6 deg < 5: no defined slope direction,,,,,,,,,,,
606,0,unknown,flat_or_low_tilt,1.654462669650625,tilt 1.7 deg < 5: no defined slope direction,,,,,,,,,,,
607,0,unknown,flat_or_low_tilt,1.3086244978310653,tilt 1.3 deg < 5: no defined slope direction,,,,,,,,,,,
608,0,unknown,insufficient_pixels,17.85419669290175,only 1312 image pixels; need 2500 for a reliable grid,,,,,,,,,,,
609,0,unknown,insufficient_pixels,34.41839669800889,only 867 image pixels; need 2500 for a reliable grid,,,,,,,,,,,
610,0,unknown,flat_or_low_tilt,4.4664286285387,tilt 4.5 deg < 5: no defined slope direction,,,,,,,,,,,
611,3102,unknown,unresolved,29.14912678979087,both pitches match a module long axis; ambiguous,120.0,20.0,0.6740700400636142,30.0,24.0,-0.15538795832807015,1.442,1.591,0.942,0.335,
612,0,unknown,no_plane_fit,64.1195117374897,no usable lidar plane fit,,,,,,,,,,,
613,3937,unknown,unresolved,12.048895254810878,both pitches match a module short axis; ambiguous,130.0,16.0,0.8105854871583404,40.0,11.0,0.17113307941096542,1.039,0.701,0.989,0.149,
614,9633,landscape,short_axis_inferred,22.75842308905061,,130.0,11.0,0.8629399386754657,40.0,37.0,0.0165149176199059,0.757,2.375,0.99,0.139,0.139
615,5595,landscape,long_axis_measured,9.978009985606128,,120.0,32.0,0.4907191394413051,30.0,41.0,0.076429768896452,2.034,2.643,0.056,0.998,0.056
616,0,unknown,insufficient_pixels,26.2312883050533,only 2115 image pixels; need 2500 for a reliable grid,,,,,,,,,,,
617,4182,unknown,unresolved,12.774229140650911,both pitches match a module short axis; ambiguous,130.0,17.0,0.9524031463622634,40.0,17.0,0.0595737040513619,1.106,1.085,0.982,0.19,
618,0,unknown,insufficient_pixels,12.217683343845415,only 2092 image pixels; need 2500 for a reliable grid,,,,,,,,,,,
619,3790,portrait,long_axis_measured,24.252405670549177,,100.0,11.0,0.882298282622231,10.0,24.0,0.13791241643256402,0.724,1.659,0.392,0.92,0.92
620,8150,unknown,unresolved,17.121167927689484,"no pitch within 30% of 1.65 m or 0.99 m; likely row pitch, not module pitch",170.0,37.0,0.4402477288173287,80.0,35.0,0.3202388628306684,2.419,2.3,0.648,0.762,
621,4896,portrait,short_axis_inferred,22.7348661775174,,170.0,17.0,0.5573587715388012,80.0,38.0,0.2908217191374249,1.109,2.603,0.347,0.938,0.938
622,0,unknown,insufficient_pixels,20.928453938142443,only 1938 image pixels; need 2500 for a reliable grid,,,,,,,,,,,
623,4895,unknown,unresolved,22.319002723248826,no periodic peak in one or both directions,150.0,34.0,0.6094580855738729,60.0,,,,,,,
624,0,unknown,insufficient_pixels,21.74840383898211,only 1328 image pixels; need 2500 for a reliable grid,,,,,,,,,,,
625,0,unknown,insufficient_pixels,23.22973524159902,only 1908 image pixels; need 2500 for a reliable grid,,,,,,,,,,,
626,5941,portrait,long_axis_measured,18.898886931984347,,70.0,25.0,0.3589340011262161,160.0,11.0,0.2951000770789617,1.654,0.725,0.743,0.669,0.743
627,0,unknown,insufficient_pixels,17.72810614462993,only 1846 image pixels; need 2500 for a reliable grid,,,,,,,,,,,
628,2500,unknown,unresolved,22.54257644395565,no periodic peak in one or both directions,80.0,11.0,0.5129994694866414,170.0,,,,,,,
629,4815,portrait,short_axis_inferred,22.10464880064232,,70.0,13.0,0.6789197853965869,160.0,32.0,0.5966068468771254,0.864,2.158,0.606,0.796,0.796
630,4510,landscape,long_axis_measured,29.922682981599177,,110.0,31.0,0.4685184378304315,20.0,20.0,0.1757200644468911,2.266,1.301,0.984,0.177,0.177
631,0,unknown,insufficient_pixels,27.51039727143269,only 1371 image pixels; need 2500 for a reliable grid,,,,,,,,,,,
632,0,unknown,no_plane_fit,57.62886381019673,no usable lidar plane fit,,,,,,,,,,,
633,0,unknown,insufficient_pixels,18.060187599304985,only 2120 image pixels; need 2500 for a reliable grid,,,,,,,,,,,
634,0,unknown,insufficient_pixels,21.185074402359675,only 1433 image pixels; need 2500 for a reliable grid,,,,,,,,,,,
635,8489,portrait,long_axis_measured,18.82840905011695,,150.0,15.0,0.4976444092311203,60.0,26.0,0.4810959146802316,0.994,1.708,0.78,0.626,0.626
636,2686,landscape,long_axis_measured,22.056455143993727,,150.0,28.0,0.7151401888437485,60.0,13.0,0.3998067933749181,1.829,0.885,0.381,0.925,0.381
637,4701,portrait,long_axis_measured,41.95680120186236,,160.0,17.0,0.8769772976523746,70.0,28.0,0.0606318089396363,1.314,2.179,0.697,0.717,0.697
638,8300,landscape,long_axis_measured,19.262126795913787,,30.0,36.0,0.557625914615777,120.0,31.0,0.1610130462670407,2.407,2.019,0.895,0.446,0.446
639,10420,unknown,unresolved,21.96187082924169,both pitches match a module long axis; ambiguous,140.0,19.0,0.909273701000307,50.0,28.0,0.6601256112845268,1.298,1.807,0.976,0.217,
640,8166,portrait,short_axis_inferred,21.12079151558415,,70.0,14.0,0.5808704936168404,160.0,37.0,-0.1707907746463967,0.933,2.468,0.697,0.718,0.718
641,0,unknown,no_plane_fit,33.70311425390596,no usable lidar plane fit,,,,,,,,,,,
642,0,unknown,no_plane_fit,27.51523717664673,no usable lidar plane fit,,,,,,,,,,,
643,5949,portrait,long_axis_measured,9.185475164495314,,40.0,16.0,0.7273824326847416,130.0,27.0,0.3956206753173022,1.027,1.726,0.865,0.501,0.501
644,0,unknown,insufficient_pixels,23.709014237713248,only 1660 image pixels; need 2500 for a reliable grid,,,,,,,,,,,
645,0,unknown,insufficient_pixels,22.058780356214044,only 2343 image pixels; need 2500 for a reliable grid,,,,,,,,,,,
646,0,unknown,insufficient_pixels,11.12725460970519,only 1384 image pixels; need 2500 for a reliable grid,,,,,,,,,,,
647,0,unknown,insufficient_pixels,23.452349948760837,only 1346 image pixels; need 2500 for a reliable grid,,,,,,,,,,,
648,0,unknown,insufficient_pixels,23.571673232239554,only 1224 image pixels; need 2500 for a reliable grid,,,,,,,,,,,
649,3754,unknown,unresolved,22.93298848636548,both pitches match a module long axis; ambiguous,40.0,25.0,0.7195271851130232,130.0,26.0,-0.2601598227147479,1.722,1.672,0.987,0.16,
650,2670,landscape,long_axis_measured,22.64239184203818,,140.0,11.0,0.6467356407897871,50.0,26.0,0.1081746756463003,0.757,1.652,1.0,0.007,0.007
651,3096,unknown,unresolved,22.50649452055829,both pitches match a module short axis; ambiguous,130.0,11.0,0.5614311409281886,40.0,12.0,0.26713041865750986,0.755,0.772,0.985,0.171,
652,4650,landscape,long_axis_measured,22.780808532691832,,40.0,13.0,0.3686480912044098,130.0,25.0,0.213726095459996,0.894,1.612,0.981,0.193,0.193
653,6046,portrait,long_axis_measured,9.966252048541715,,130.0,19.0,0.7066025102151494,40.0,35.0,0.1230181118242507,1.224,2.231,0.97,0.241,0.97
654,2574,unknown,unresolved,8.88314822785725,both pitches match a module short axis; ambiguous,130.0,13.0,0.7383602906899989,40.0,13.0,0.08732864568909834,0.835,0.827,0.983,0.182,
655,0,unknown,insufficient_pixels,13.80651210442562,only 1646 image pixels; need 2500 for a reliable grid,,,,,,,,,,,
656,7932,portrait,long_axis_measured,32.99372796644284,,130.0,11.0,0.6678035288375354,40.0,16.0,0.4996902799615562,0.73,1.203,0.271,0.963,0.963
657,4742,unknown,unresolved,24.468438349940183,both pitches match a module short axis; ambiguous,40.0,11.0,0.664232060165853,130.0,11.0,0.1066585050122105,0.766,0.709,0.987,0.158,
658,2714,unknown,unresolved,20.947898120257506,"no pitch within 30% of 1.65 m or 0.99 m; likely row pitch, not module pitch",0.0,36.0,0.6197305667494057,90.0,33.0,-0.12845666452140966,2.408,2.188,0.767,0.641,
659,3648,unknown,unresolved,21.12917768965829,both pitches match a module short axis; ambiguous,10.0,14.0,0.72479927642823,100.0,14.0,0.1583097170798186,0.901,0.952,0.192,0.981,
660,3704,unknown,unresolved,19.988781040486057,both pitches match a module short axis; ambiguous,10.0,14.0,0.6771887258814093,100.0,11.0,0.3226446292945599,0.899,0.742,0.183,0.983,
661,5304,portrait,long_axis_measured,14.341231678091052,,90.0,16.0,0.7764560595884907,0.0,32.0,0.4620891236421914,1.019,2.097,0.105,0.994,0.994
662,0,unknown,insufficient_pixels,12.180244146422243,only 1488 image pixels; need 2500 for a reliable grid,,,,,,,,,,,
663,0,unknown,insufficient_pixels,20.365253512834425,only 1643 image pixels; need 2500 for a reliable grid,,,,,,,,,,,
664,10208,landscape,short_axis_inferred,28.211051961456032,,40.0,16.0,0.2768820864474217,130.0,38.0,0.0446190490623556,1.149,2.482,0.972,0.234,0.234
665,8598,unknown,unresolved,22.48928311641599,both pitches match a module short axis; ambiguous,120.0,12.0,0.5732875498854861,30.0,12.0,0.5449044593897403,0.786,0.819,0.404,0.915,
666,5279,landscape,long_axis_measured,20.542089171674515,,130.0,11.0,0.746065789558933,40.0,26.0,0.4328753794192154,0.745,1.669,0.985,0.171,0.171
667,0,unknown,insufficient_pixels,8.290320613234652,only 1110 image pixels; need 2500 for a reliable grid,,,,,,,,,,,
668,4961,unknown,unresolved,17.102535593400688,both pitches match a module long axis; ambiguous,20.0,18.0,0.7234132615071699,110.0,27.0,0.4633240243876516,1.179,1.771,0.688,0.726,
669,0,unknown,flat_or_low_tilt,2.633753483159637,tilt 2.6 deg < 5: no defined slope direction,,,,,,,,,,,
670,4736,unknown,unresolved,18.162068613414068,both pitches match a module long axis; ambiguous,100.0,30.0,0.5685151353572624,10.0,18.0,0.2072534980073658,1.999,1.162,0.947,0.321,
671,5520,portrait,short_axis_inferred,18.061278542709413,,100.0,16.0,0.6869904311648077,10.0,36.0,0.0177450740628561,1.032,2.398,0.318,0.948,0.948
672,4806,unknown,unresolved,25.39369715415163,both pitches match a module long axis; ambiguous,130.0,19.0,0.930373225795348,40.0,26.0,0.5093313833919263,1.332,1.689,0.973,0.233,
673,0,unknown,insufficient_pixels,36.33509210501966,only 2072 image pixels; need 2500 for a reliable grid,,,,,,,,,,,
674,2677,landscape,long_axis_measured,31.89945757318627,,130.0,27.0,0.6637110297489751,40.0,13.0,0.3566613572632367,1.77,0.969,0.208,0.978,0.208
675,2696,landscape,long_axis_measured,17.225017751374324,,120.0,12.0,0.9046049721560432,30.0,21.0,0.05651152682928186,0.793,1.363,0.871,0.49,0.49
676,9214,portrait,long_axis_measured,22.39041332976725,,30.0,11.0,0.5186448916648448,120.0,29.0,0.2490293444210332,0.747,1.917,0.854,0.52,0.52
677,6460,unknown,unresolved,11.844693578437129,both pitches match a module short axis; ambiguous,20.0,11.0,0.6511261838621412,110.0,16.0,0.5621327421416875,0.708,1.033,0.658,0.753,
678,0,unknown,insufficient_pixels,15.165478932335484,only 1178 image pixels; need 2500 for a reliable grid,,,,,,,,,,,
679,4688,landscape,long_axis_measured,18.046718648359704,,40.0,13.0,0.6309134526575585,130.0,27.0,-0.4051862457028712,0.867,1.732,0.98,0.2,0.2
680,12431,landscape,long_axis_measured,22.693271340055635,,130.0,11.0,0.8062264202388871,40.0,27.0,0.2869171848498077,0.756,1.738,0.984,0.178,0.178
681,4758,landscape,long_axis_measured,22.57628637559153,,130.0,29.0,0.7026892527753847,40.0,16.0,0.5492066315435844,1.866,1.099,0.169,0.986,0.169
682,0,unknown,flat_or_low_tilt,2.299501977287985,tilt 2.3 deg < 5: no defined slope direction,,,,,,,,,,,
683,4830,portrait,long_axis_measured,16.89782048415641,,70.0,17.0,0.8292806577719222,160.0,26.0,0.5149176520359711,1.109,1.709,0.61,0.792,0.792
684,0,unknown,flat_or_low_tilt,1.2466875277689842,tilt 1.2 deg < 5: no defined slope direction,,,,,,,,,,,
685,0,unknown,flat_or_low_tilt,2.23928677545262,tilt 2.2 deg < 5: no defined slope direction,,,,,,,,,,,
686,2621,unknown,unresolved,21.877266647737667,both pitches match a module short axis; ambiguous,20.0,17.0,0.5698599675412601,110.0,17.0,0.5636842759089395,1.132,1.143,0.639,0.769,
687,5502,unknown,unresolved,20.678512414700247,both pitches match a module short axis; ambiguous,70.0,16.0,0.6127615444398109,160.0,13.0,0.2360058804286494,1.055,0.872,0.567,0.824,
688,8070,portrait,long_axis_measured,20.60892845713186,,80.0,28.0,0.7579841738703278,170.0,41.0,0.5802917771740191,1.845,2.749,0.565,0.825,0.565
689,4896,portrait,long_axis_measured,5.680018655278618,,0.0,24.0,0.743463091319022,90.0,41.0,0.5978193795053459,1.531,2.606,0.982,0.191,0.982
690,10152,unknown,unresolved,11.898511641392211,both pitches match a module short axis; ambiguous,70.0,16.0,0.5963123359807792,160.0,13.0,0.2487517998514647,1.034,0.836,0.829,0.559,
691,5494,portrait,long_axis_measured,13.53569074982918,,110.0,28.0,0.4858217347612656,20.0,11.0,0.2597527054864287,1.814,0.712,0.713,0.701,0.713
692,0,unknown,flat_or_low_tilt,4.922457537408538,tilt 4.9 deg < 5: no defined slope direction,,,,,,,,,,,
693,2982,unknown,unresolved,20.412049383862257,both pitches match a module short axis; ambiguous,120.0,11.0,0.9023176190707758,30.0,15.0,0.20145828119617604,0.736,0.988,0.821,0.57,
694,5535,portrait,long_axis_measured,20.919740150682568,,170.0,12.0,0.737155790447699,80.0,27.0,0.6845373618654811,0.78,1.827,0.349,0.937,0.937
695,10020,portrait,long_axis_measured,20.59942341086596,,80.0,25.0,0.4396682032854265,170.0,16.0,0.3809313323961419,1.689,1.039,0.939,0.343,0.939
696,5572,landscape,short_axis_inferred,23.78506462810104,,140.0,13.0,0.5916664629347954,50.0,37.0,0.1376926138235502,0.897,2.417,0.944,0.331,0.331
697,3116,landscape,short_axis_inferred,22.728055955782803,,50.0,13.0,0.49209215181750826,140.0,38.0,0.2684723428175538,0.889,2.486,0.925,0.38,0.38
698,3366,portrait,long_axis_measured,15.54948047168162,,70.0,20.0,0.7271827105195103,160.0,11.0,0.5249167290847367,1.306,0.716,0.753,0.658,0.753
699,3694,unknown,unresolved,19.551921001778634,both pitches match a module short axis; ambiguous,80.0,12.0,0.8814278128565234,170.0,11.0,0.28546687511160895,0.776,0.739,0.312,0.95,
700,3796,unknown,unresolved,18.392069292833376,"no pitch within 30% of 1.65 m or 0.99 m; likely row pitch, not module pitch",40.0,39.0,0.6111658393427667,130.0,37.0,-0.3183888030096995,2.591,2.411,0.864,0.503,
701,5656,portrait,long_axis_measured,13.016659652011729,,120.0,32.0,0.4630958539854842,30.0,40.0,0.2462159534192314,2.082,2.564,0.932,0.362,0.932
702,6639,unknown,unresolved,5.373007377255324,both pitches match a module short axis; ambiguous,170.0,16.0,0.3976561692766355,80.0,16.0,0.3724242204037353,1.018,1.02,0.481,0.877,
703,0,unknown,insufficient_pixels,29.15988782950853,only 2067 image pixels; need 2500 for a reliable grid,,,,,,,,,,,
704,6278,unknown,unresolved,35.248235539014146,both pitches match a module long axis; ambiguous,170.0,22.0,0.5471819506200712,80.0,27.0,0.0464123841640866,1.489,2.072,0.337,0.942,
705,9244,portrait,long_axis_measured,19.809191814170315,,170.0,14.0,0.7251108100500704,80.0,29.0,0.2315760176351978,0.905,1.952,0.303,0.953,0.953
706,0,unknown,insufficient_pixels,21.331025107206344,only 1222 image pixels; need 2500 for a reliable grid,,,,,,,,,,,
707,3756,portrait,short_axis_inferred,17.591551940251286,,70.0,13.0,0.4919482792080124,160.0,36.0,0.2761726538492416,0.848,2.377,0.572,0.82,0.82
708,4189,landscape,long_axis_measured,18.24194152908513,,120.0,40.0,0.4481017087382768,30.0,28.0,-0.2210969990042166,2.663,1.814,0.918,0.396,0.396
709,4389,portrait,long_axis_measured,21.7835763857715,,80.0,17.0,0.6134964542797652,170.0,30.0,0.325532277397029,1.105,2.043,0.328,0.945,0.945
710,3712,portrait,long_axis_measured,29.683533459901312,,80.0,17.0,0.7606465489909914,170.0,25.0,0.5584356767149722,1.131,1.81,0.347,0.938,0.938
711,3821,portrait,long_axis_measured,11.16848979621579,,80.0,18.0,0.6483525745871216,170.0,31.0,0.6406780644425798,1.149,2.005,0.294,0.956,0.956
712,0,unknown,insufficient_pixels,25.83608623484832,only 2220 image pixels; need 2500 for a reliable grid,,,,,,,,,,,
713,0,unknown,no_plane_fit,49.04814878719407,no usable lidar plane fit,,,,,,,,,,,
714,12660,portrait,long_axis_measured,12.767506224230257,,170.0,16.0,0.3229601889759927,80.0,22.0,0.0777898214405874,1.022,1.431,0.236,0.972,0.972
715,5489,unknown,unresolved,13.061045389378725,"no pitch within 30% of 1.65 m or 0.99 m; likely row pitch, not module pitch",130.0,39.0,0.4058585611096969,40.0,36.0,0.2340069778771941,2.509,2.338,0.507,0.862,
716,0,unknown,insufficient_pixels,30.881684649535277,only 1332 image pixels; need 2500 for a reliable grid,,,,,,,,,,,
717,0,unknown,insufficient_pixels,19.467943990630346,only 2079 image pixels; need 2500 for a reliable grid,,,,,,,,,,,
718,0,unknown,insufficient_pixels,31.244529635531965,only 899 image pixels; need 2500 for a reliable grid,,,,,,,,,,,
719,4485,portrait,long_axis_measured,8.078805446987841,,170.0,11.0,0.3753978876126658,80.0,20.0,0.1650823548412257,0.7,1.283,0.147,0.989,0.989
720,0,unknown,insufficient_pixels,15.697433561387625,only 1522 image pixels; need 2500 for a reliable grid,,,,,,,,,,,
721,0,unknown,insufficient_pixels,33.867413872415,only 1435 image pixels; need 2500 for a reliable grid,,,,,,,,,,,
722,4338,unknown,unresolved,31.099609443565345,both pitches match a module long axis; ambiguous,80.0,27.0,0.4699672987423684,170.0,23.0,-0.006992437259343,1.8,1.69,0.33,0.944,
723,3198,unknown,unresolved,32.90831640669441,both pitches match a module long axis; ambiguous,80.0,27.0,0.45693234855291764,170.0,20.0,-0.09009711175686738,1.816,1.495,0.348,0.938,
724,0,unknown,insufficient_pixels,32.5046861594092,only 1927 image pixels; need 2500 for a reliable grid,,,,,,,,,,,
725,4276,portrait,long_axis_measured,14.5394674699451,,170.0,29.0,0.7246977637460814,80.0,17.0,0.6925462727369281,1.899,1.09,0.952,0.307,0.952
726,0,unknown,insufficient_pixels,19.43503677144313,only 1374 image pixels; need 2500 for a reliable grid,,,,,,,,,,,
727,0,unknown,insufficient_pixels,17.223660854154723,only 2419 image pixels; need 2500 for a reliable grid,,,,,,,,,,,
728,4052,portrait,long_axis_measured,21.292401571451173,,80.0,12.0,0.76913991473489,170.0,26.0,-0.0199464868764808,0.78,1.765,0.329,0.944,0.944
729,0,unknown,no_plane_fit,26.626626292635923,no usable lidar plane fit,,,,,,,,,,,
730,2612,portrait,long_axis_measured,18.749418808295363,,80.0,11.0,0.8186461930438141,170.0,25.0,-0.30401256587954334,0.71,1.672,0.308,0.952,0.952
731,3072,unknown,unresolved,18.22852970939149,both pitches match a module long axis; ambiguous,60.0,24.0,0.6768601243860605,150.0,20.0,0.07206765636055464,1.575,1.321,0.641,0.768,
732,3542,portrait,long_axis_measured,18.218482402655702,,80.0,27.0,0.6102788033336547,170.0,14.0,0.6048072761990494,1.8,0.903,0.948,0.319,0.948
733,0,unknown,insufficient_pixels,33.86643971104109,only 2416 image pixels; need 2500 for a reliable grid,,,,,,,,,,,
734,5584,unknown,unresolved,33.499990796492284,weak periodicity (max ac -0.02),140.0,34.0,-0.0173182114045505,50.0,37.0,-0.0476964219705627,,,,,
735,0,unknown,insufficient_pixels,10.883331229734564,only 1687 image pixels; need 2500 for a reliable grid,,,,,,,,,,,
736,11411,unknown,unresolved,12.805504312034587,both pitches match a module short axis; ambiguous,80.0,13.0,0.8143698821456277,170.0,12.0,0.1357336423080462,0.832,0.78,0.331,0.944,
737,3704,landscape,long_axis_measured,22.725144367346505,,80.0,31.0,0.8001250958898046,170.0,16.0,0.14350853886374396,2.021,1.096,0.332,0.943,0.332
738,5261,unknown,unresolved,18.647852539395,both pitches match a module long axis; ambiguous,80.0,18.0,0.8528020603091826,170.0,31.0,0.5635794909430992,1.162,2.072,0.307,0.952,
739,6215,unknown,unresolved,20.05614809298777,"no pitch within 30% of 1.65 m or 0.99 m; likely row pitch, not module pitch",40.0,38.0,0.6529136835768825,130.0,36.0,0.2129723020261958,2.495,2.409,0.544,0.839,
740,0,unknown,no_plane_fit,12.613100961950774,no usable lidar plane fit,,,,,,,,,,,
741,3344,portrait,long_axis_measured,22.61120735691864,,80.0,14.0,0.6130409903318303,170.0,25.0,0.5401110473349291,0.91,1.713,0.304,0.953,0.953
742,4288,unknown,unresolved,21.96347668009913,"no pitch within 30% of 1.65 m or 0.99 m; likely row pitch, not module pitch",40.0,39.0,0.645771311011885,130.0,37.0,0.3835885491634564,2.638,2.445,0.842,0.54,
743,3750,portrait,short_axis_inferred,21.920408404041925,,80.0,14.0,0.47611566160161,170.0,40.0,0.2485990316888063,0.909,2.728,0.298,0.955,0.955
744,0,unknown,insufficient_pixels,30.85536397224285,only 1827 image pixels; need 2500 for a reliable grid,,,,,,,,,,,
745,3548,landscape,long_axis_measured,20.31941809659653,,170.0,14.0,0.44975684589889187,80.0,26.0,0.41691465184400406,0.946,1.674,0.976,0.219,0.219
746,0,unknown,insufficient_pixels,30.185702629509,only 2425 image pixels; need 2500 for a reliable grid,,,,,,,,,,,
747,0,unknown,insufficient_pixels,16.179389146583325,only 1964 image pixels; need 2500 for a reliable grid,,,,,,,,,,,
748,6842,portrait,long_axis_measured,14.90075833904837,,50.0,13.0,0.6660971353523252,140.0,19.0,0.3736456849148764,0.846,1.235,0.728,0.686,0.686
749,5222,unknown,unresolved,22.42360403767817,both pitches match a module short axis; ambiguous,80.0,12.0,0.557800298405696,170.0,14.0,0.5241656492524565,0.821,0.909,0.957,0.29,
750,2585,portrait,long_axis_measured,14.350577089505167,,80.0,14.0,0.4922182180810457,170.0,25.0,0.2610616605564897,0.897,1.636,0.289,0.957,0.957
751,5528,portrait,long_axis_measured,14.5779042131246,,80.0,14.0,0.715043217349363,170.0,25.0,0.3458529115709934,0.898,1.637,0.321,0.947,0.947
752,0,unknown,insufficient_pixels,14.693503880664732,only 2420 image pixels; need 2500 for a reliable grid,,,,,,,,,,,
753,12434,unknown,unresolved,7.1996883232791244,no periodic peak in one or both directions,120.0,36.0,0.5747689291003734,30.0,,,,,,,
754,0,unknown,flat_or_low_tilt,4.636343221390706,tilt 4.6 deg < 5: no defined slope direction,,,,,,,,,,,
755,3634,portrait,long_axis_measured,14.03760720277061,,10.0,27.0,0.6213988111440368,100.0,37.0,-0.13949031100529832,1.767,2.353,0.999,0.046,0.999
756,0,unknown,flat_or_low_tilt,4.253516477593351,tilt 4.3 deg < 5: no defined slope direction,,,,,,,,,,,
757,0,unknown,flat_or_low_tilt,4.794411352737098,tilt 4.8 deg < 5: no defined slope direction,,,,,,,,,,,
758,2960,portrait,long_axis_measured,14.823932236606444,,80.0,14.0,0.8547428502804512,170.0,20.0,-0.02764593569128791,0.898,1.312,0.307,0.952,0.952
759,0,unknown,insufficient_pixels,21.21305629259876,only 2368 image pixels; need 2500 for a reliable grid,,,,,,,,,,,
760,7394,portrait,long_axis_measured,13.863860271513111,,150.0,37.0,0.775537289719354,60.0,24.0,0.2294601574038579,2.405,1.552,0.786,0.619,0.619
761,0,unknown,flat_or_low_tilt,3.74173773001471,tilt 3.7 deg < 5: no defined slope direction,,,,,,,,,,,
762,3878,unknown,unresolved,31.14137460891474,both pitches match a module short axis; ambiguous,80.0,16.0,0.4763041988156944,170.0,11.0,0.03181952466202207,1.061,0.81,0.292,0.956,
763,2937,portrait,long_axis_measured,18.921299822265453,,170.0,14.0,0.4361311721195743,80.0,21.0,-0.40900110481854174,0.903,1.406,0.28,0.96,0.96
764,3588,unknown,unresolved,14.487260065071784,"no pitch within 30% of 1.65 m or 0.99 m; likely row pitch, not module pitch",60.0,37.0,0.6460094558345406,150.0,34.0,0.2711804441990772,2.395,2.215,0.6,0.8,
765,0,unknown,no_plane_fit,16.689920144495478,no usable lidar plane fit,,,,,,,,,,,
766,0,unknown,no_plane_fit,25.923814308752323,no usable lidar plane fit,,,,,,,,,,,
767,8676,landscape,short_axis_inferred,7.942033615236113,,80.0,14.0,0.827830846435492,170.0,39.0,0.5851566528208353,0.897,2.487,0.899,0.437,0.437
768,5195,portrait,short_axis_inferred,14.67970710310787,,80.0,14.0,0.6275004336320237,170.0,34.0,0.384732041591793,0.898,2.228,0.295,0.955,0.955
769,3708,portrait,long_axis_measured,12.139997274994698,,80.0,11.0,0.6307559319299285,170.0,27.0,0.14680169033376825,0.703,1.752,0.298,0.955,0.955
770,4782,unknown,unresolved,14.01079449327166,both pitches match a module short axis; ambiguous,170.0,14.0,0.7431003504189585,80.0,12.0,0.4858230354031975,0.897,0.784,0.3,0.954,
771,0,unknown,insufficient_pixels,13.40733037642268,only 1012 image pixels; need 2500 for a reliable grid,,,,,,,,,,,
772,3250,unknown,unresolved,14.383481126922051,both pitches match a module long axis; ambiguous,90.0,27.0,0.8053889615574535,0.0,33.0,0.32884858515626725,1.77,2.102,0.995,0.099,
773,0,unknown,insufficient_pixels,16.891445646095974,only 2217 image pixels; need 2500 for a reliable grid,,,,,,,,,,,
774,0,unknown,no_plane_fit,54.45979449531962,no usable lidar plane fit,,,,,,,,,,,
775,0,unknown,insufficient_pixels,18.54072437738087,only 992 image pixels; need 2500 for a reliable grid,,,,,,,,,,,
776,5895,landscape,short_axis_inferred,16.50534435343365,,120.0,12.0,0.558512682762863,30.0,34.0,0.101863058290735,0.792,2.197,0.908,0.419,0.419
777,5502,landscape,short_axis_inferred,17.692888547403324,,120.0,14.0,0.6552382444540674,30.0,35.0,0.2049387257843316,0.928,2.271,0.893,0.449,0.449
778,2617,landscape,long_axis_measured,18.223325053708542,,120.0,12.0,0.5348190574934378,30.0,28.0,0.09776174987494933,0.8,1.807,0.948,0.319,0.319
779,6586,portrait,long_axis_measured,19.69337621351546,,40.0,13.0,0.2715663892942115,130.0,19.0,0.2551602698851807,0.841,1.278,0.311,0.951,0.951
780,7246,landscape,short_axis_inferred,18.88707324721733,,40.0,13.0,0.8161377652209766,130.0,36.0,-0.0893830627950606,0.871,2.319,0.965,0.263,0.263
781,9226,unknown,unresolved,11.15336800884642,both pitches match a module short axis; ambiguous,120.0,12.0,0.7408228679486749,30.0,12.0,0.4452831863819684,0.775,0.768,0.9,0.435,
782,4149,portrait,long_axis_measured,18.877992867428937,,150.0,13.0,0.4719410923483276,60.0,24.0,0.2015037836584731,0.859,1.582,0.734,0.679,0.679
783,4299,unknown,unresolved,20.564571879623493,both pitches match a module short axis; ambiguous,40.0,13.0,0.4910358809203866,130.0,13.0,0.3827316609283686,0.88,0.839,0.967,0.253,
784,0,unknown,insufficient_pixels,19.8633345692449,only 1564 image pixels; need 2500 for a reliable grid,,,,,,,,,,,
785,0,unknown,insufficient_pixels,15.0108949320885,only 1452 image pixels; need 2500 for a reliable grid,,,,,,,,,,,
786,5185,unknown,unresolved,19.74437590250364,no periodic peak in one or both directions,140.0,11.0,0.7042786496458032,50.0,,,,,,,
787,5402,portrait,short_axis_inferred,25.46266849571516,,40.0,38.0,0.4451106877027374,130.0,16.0,0.114730549607093,2.67,1.029,0.992,0.128,0.992
788,0,unknown,no_plane_fit,61.53562275012053,no usable lidar plane fit,,,,,,,,,,,
789,5396,landscape,long_axis_measured,21.98754404286467,,130.0,16.0,0.8052920544362691,40.0,25.0,0.4775106687536178,1.095,1.599,0.995,0.101,0.101
790,9852,landscape,short_axis_inferred,16.166446153192908,,40.0,11.0,0.70914052833398,130.0,37.0,0.2376090822772644,0.726,2.376,0.959,0.282,0.282
791,4314,landscape,long_axis_measured,36.34769812227283,,40.0,11.0,0.4671676800302893,130.0,31.0,0.4499811723040329,0.865,2.029,0.988,0.153,0.153
792,0,unknown,insufficient_pixels,33.34509419850345,only 1152 image pixels; need 2500 for a reliable grid,,,,,,,,,,,
793,4089,landscape,long_axis_measured,32.34096480323003,,130.0,12.0,0.5498593178603219,40.0,28.0,0.2682131782650664,0.9,1.825,0.986,0.165,0.165
794,3412,portrait,long_axis_measured,9.209150825890664,,130.0,18.0,0.7475827131107259,40.0,36.0,-0.03395027669140939,1.158,2.291,0.986,0.167,0.986
795,0,unknown,insufficient_pixels,22.67952889534041,only 2222 image pixels; need 2500 for a reliable grid,,,,,,,,,,,
796,0,unknown,flat_or_low_tilt,2.792819078387349,tilt 2.8 deg < 5: no defined slope direction,,,,,,,,,,,
797,2706,unknown,unresolved,21.79280520641164,both pitches match a module short axis; ambiguous,120.0,14.0,0.5815927088181435,30.0,12.0,0.45864149195263215,0.951,0.786,0.906,0.423,
798,3037,unknown,unresolved,21.556896543004523,both pitches match a module short axis; ambiguous,120.0,14.0,0.6525143599374456,30.0,12.0,0.3877969754763239,0.95,0.784,0.916,0.4,
799,4682,unknown,unresolved,37.38910650162238,"no pitch within 30% of 1.65 m or 0.99 m; likely row pitch, not module pitch",120.0,40.0,0.5042096585247883,30.0,31.0,0.2428873777419282,3.116,2.162,0.9,0.436,
800,3804,portrait,long_axis_measured,18.565397810690584,,0.0,31.0,0.6147672334506721,90.0,37.0,0.02421055004871056,2.057,2.421,0.823,0.568,0.823
801,0,unknown,no_plane_fit,42.03320597199832,no usable lidar plane fit,,,,,,,,,,,
802,7690,unknown,unresolved,19.514174852411983,both pitches match a module short axis; ambiguous,130.0,13.0,0.5343917814614386,40.0,13.0,0.2457253202155541,0.84,0.873,0.308,0.951,
803,0,unknown,flat_or_low_tilt,1.8921449389745195,tilt 1.9 deg < 5: no defined slope direction,,,,,,,,,,,
804,2990,unknown,unresolved,26.712320438242774,both pitches match a module short axis; ambiguous,30.0,12.0,0.6064479494571456,120.0,12.0,0.2794732083728355,0.844,0.798,0.906,0.424,
805,3829,unknown,unresolved,17.341675558871337,"no pitch within 30% of 1.65 m or 0.99 m; likely row pitch, not module pitch",170.0,35.0,0.3648226898640645,80.0,39.0,0.25989945776299606,2.27,2.581,0.459,0.888,
806,0,unknown,insufficient_pixels,26.27362943122436,only 2402 image pixels; need 2500 for a reliable grid,,,,,,,,,,,
807,4990,landscape,long_axis_measured,22.048341964150094,,30.0,12.0,0.6966009189758505,120.0,28.0,-0.7000930386992865,0.816,1.834,0.908,0.418,0.418
808,3988,landscape,long_axis_measured,9.88923551584857,,130.0,13.0,0.8439394221358668,40.0,29.0,0.6605570871013395,0.838,1.848,0.97,0.245,0.245
809,3977,landscape,short_axis_inferred,20.75489705784372,,120.0,12.0,0.6538247827747495,30.0,36.0,0.15895187338923053,0.812,2.337,0.941,0.339,0.339
810,0,unknown,flat_or_low_tilt,2.935995842673457,tilt 2.9 deg < 5: no defined slope direction,,,,,,,,,,,
811,3444,landscape,long_axis_measured,17.08793523496499,,130.0,17.0,0.6816993204973107,40.0,31.0,0.07744602897707502,1.128,1.991,0.966,0.259,0.259
812,6528,portrait,short_axis_inferred,21.314182731149387,,140.0,11.0,0.2141543768611131,50.0,34.0,0.1327488110499055,0.703,2.317,0.086,0.996,0.996
813,0,unknown,insufficient_pixels,13.989662008412456,only 2499 image pixels; need 2500 for a reliable grid,,,,,,,,,,,
814,0,unknown,insufficient_pixels,16.55995404528807,only 2043 image pixels; need 2500 for a reliable grid,,,,,,,,,,,
815,4220,landscape,long_axis_measured,19.137537359566824,,40.0,11.0,0.7718418447063683,130.0,31.0,0.3261816319969284,0.739,1.987,0.986,0.169,0.169
816,8410,landscape,long_axis_measured,19.28542556207025,,140.0,11.0,0.5358401885432066,50.0,30.0,-0.089821880484834,0.74,1.907,1.0,0.023,0.023
817,4202,portrait,long_axis_measured,22.497378156839883,,130.0,11.0,0.4545060411815346,40.0,26.0,0.2132546299188814,0.709,1.784,0.186,0.983,0.983
818,5767,portrait,long_axis_measured,19.704796809843447,,30.0,11.0,0.509751696223692,120.0,24.0,0.2957210893314018,0.733,1.579,0.802,0.597,0.597
819,4050,landscape,long_axis_measured,26.11905660175013,,130.0,19.0,0.491276669917169,40.0,14.0,0.3576690848320258,1.23,0.988,0.187,0.982,0.187
820,3237,landscape,long_axis_measured,25.58235484231563,,130.0,26.0,0.8363555879422379,40.0,16.0,0.5415314117845358,1.681,1.124,0.184,0.983,0.184
821,4022,landscape,long_axis_measured,26.20590959424685,,40.0,14.0,0.7190507976574538,130.0,28.0,0.2403120769977346,0.989,1.811,0.984,0.178,0.178
822,5644,landscape,short_axis_inferred,26.52266027294497,,130.0,11.0,0.822293430656055,40.0,39.0,0.0830009943797798,0.779,2.528,0.981,0.192,0.192
823,3576,portrait,long_axis_measured,22.53049550534377,,130.0,17.0,0.6871925951072919,40.0,15.0,0.5567312239253296,1.166,0.968,0.977,0.212,0.977
824,4406,unknown,unresolved,28.80110322174393,both pitches match a module long axis; ambiguous,40.0,18.0,0.7980792246989128,130.0,29.0,-0.1568462504565291,1.301,1.884,0.983,0.183,
825,0,unknown,insufficient_pixels,29.23233753192233,only 2479 image pixels; need 2500 for a reliable grid,,,,,,,,,,,
826,10462,portrait,long_axis_measured,22.64457238749413,,40.0,17.0,0.7420626662217408,130.0,16.0,0.6448911705639335,1.168,1.032,0.979,0.204,0.979
827,6626,portrait,long_axis_measured,27.60719262539893,,40.0,17.0,0.5803153649163527,130.0,16.0,0.4731793722395931,1.205,1.065,0.913,0.407,0.913
828,3429,portrait,long_axis_measured,25.283750494930345,,130.0,17.0,0.5385287974680285,40.0,15.0,0.2853103408526589,1.192,0.97,0.982,0.188,0.982
829,5885,unknown,unresolved,18.75926552499655,both pitches match a module long axis; ambiguous,70.0,31.0,0.5070427917942889,160.0,19.0,0.1981545434683806,2.071,1.23,0.934,0.357,
830,3032,landscape,long_axis_measured,21.13365903249142,,40.0,11.0,0.6515655652940882,130.0,26.0,0.3255564247769268,0.747,1.677,0.973,0.232,0.232
831,0,unknown,insufficient_pixels,19.32106290942443,only 2283 image pixels; need 2500 for a reliable grid,,,,,,,,,,,
832,0,unknown,insufficient_pixels,14.80136579045932,only 2347 image pixels; need 2500 for a reliable grid,,,,,,,,,,,
833,0,unknown,insufficient_pixels,26.97299078910133,only 2497 image pixels; need 2500 for a reliable grid,,,,,,,,,,,
834,12460,unknown,unresolved,16.351072383141787,no periodic peak in one or both directions,140.0,11.0,0.8807925188829119,50.0,,,,,,,
835,5496,portrait,long_axis_measured,27.37123377034724,,130.0,18.0,0.9682442960702772,40.0,37.0,0.1488498162393841,1.284,2.403,0.98,0.198,0.98
836,4985,landscape,short_axis_inferred,35.49478282499739,,130.0,11.0,0.7210258031693059,40.0,35.0,0.1195788936576951,0.854,2.304,0.982,0.191,0.191
837,10390,unknown,unresolved,30.27791270180532,both pitches match a module long axis; ambiguous,130.0,16.0,0.4577096822079638,40.0,25.0,0.0651345621562883,1.173,1.629,0.982,0.188,
838,4134,portrait,long_axis_measured,28.20537392051575,,0.0,41.0,0.7452237600860495,90.0,25.0,0.2115871833515012,2.814,1.749,0.63,0.777,0.777
839,3832,unknown,unresolved,19.84193059882136,both pitches match a module long axis; ambiguous,150.0,31.0,0.7136208242493686,60.0,19.0,-0.03765000545063736,2.092,1.213,0.996,0.091,
840,5682,portrait,long_axis_measured,22.972647413240413,,90.0,39.0,0.4818073142380335,0.0,30.0,-0.2644667011177444,2.642,2.002,0.79,0.613,0.613
841,0,unknown,insufficient_pixels,21.283031608009797,only 1750 image pixels; need 2500 for a reliable grid,,,,,,,,,,,
842,2904,unknown,unresolved,16.111534446001684,both pitches match a module short axis; ambiguous,130.0,16.0,0.6228288722644342,40.0,16.0,-0.0034820773153954442,1.056,1.028,0.953,0.302,
843,4849,landscape,long_axis_measured,13.024664768524367,,130.0,30.0,0.8349663538129035,40.0,16.0,0.4911161278565931,1.913,1.043,0.153,0.988,0.153
844,7372,landscape,short_axis_inferred,11.356974994081746,,130.0,13.0,0.8162493972694829,40.0,34.0,0.133491345650561,0.842,2.161,0.999,0.045,0.045
845,0,unknown,insufficient_pixels,25.585099099605745,only 2292 image pixels; need 2500 for a reliable grid,,,,,,,,,,,
846,4684,landscape,long_axis_measured,9.349412462197249,,130.0,27.0,0.7506851938887976,40.0,17.0,0.6208025986065354,1.718,1.094,0.161,0.987,0.161
847,7726,landscape,long_axis_measured,21.15679684453183,,130.0,30.0,0.7585753007000317,40.0,13.0,0.4809463026285475,1.928,0.884,0.177,0.984,0.177
848,0,unknown,insufficient_pixels,19.21882051354032,only 1646 image pixels; need 2500 for a reliable grid,,,,,,,,,,,
849,2890,unknown,unresolved,19.06869849986545,no periodic peak in one or both directions,90.0,41.0,0.5459395163935897,0.0,,,,,,,
850,0,unknown,flat_or_low_tilt,4.54395671390787,tilt 4.5 deg < 5: no defined slope direction,,,,,,,,,,,
851,3597,unknown,unresolved,6.538493629861807,no periodic peak in one or both directions,160.0,33.0,0.8572128440252914,70.0,,,,,,,
852,0,unknown,insufficient_pixels,21.681308281922732,only 1542 image pixels; need 2500 for a reliable grid,,,,,,,,,,,
853,0,unknown,no_plane_fit,52.2334506030798,no usable lidar plane fit,,,,,,,,,,,
854,7424,landscape,short_axis_inferred,23.733318882148705,,130.0,13.0,0.5974800913404487,40.0,34.0,-0.063527054049737,0.901,2.187,0.988,0.154,0.154
855,0,unknown,insufficient_pixels,33.941386058562,only 2190 image pixels; need 2500 for a reliable grid,,,,,,,,,,,
856,0,unknown,insufficient_pixels,33.52674566930226,only 1909 image pixels; need 2500 for a reliable grid,,,,,,,,,,,
857,0,unknown,flat_or_low_tilt,2.3315072637277625,tilt 2.3 deg < 5: no defined slope direction,,,,,,,,,,,
858,0,unknown,insufficient_pixels,34.39769346285333,only 888 image pixels; need 2500 for a reliable grid,,,,,,,,,,,
859,0,unknown,insufficient_pixels,15.554043135380498,only 2014 image pixels; need 2500 for a reliable grid,,,,,,,,,,,
860,0,unknown,insufficient_pixels,13.554694555575102,only 1854 image pixels; need 2500 for a reliable grid,,,,,,,,,,,
861,9527,unknown,unresolved,16.885646898562253,both pitches match a module short axis; ambiguous,130.0,16.0,0.4142326554239079,40.0,13.0,0.2941153502541804,1.061,0.832,0.982,0.191,
862,5338,unknown,unresolved,24.62346947023035,"no pitch within 30% of 1.65 m or 0.99 m; likely row pitch, not module pitch",80.0,37.0,0.8377666717185512,170.0,31.0,0.1913034137076163,2.425,2.152,0.342,0.94,
863,5005,landscape,short_axis_inferred,12.495727218224284,,130.0,16.0,0.7327579626510032,40.0,35.0,-0.0062615613529252,1.041,2.228,0.994,0.108,0.108
864,3410,unknown,unresolved,20.716919148041463,both pitches match a module short axis; ambiguous,30.0,17.0,0.40070954136977266,120.0,12.0,0.32927820889667836,1.147,0.783,0.906,0.423,
865,0,unknown,insufficient_pixels,10.625814288982488,only 1278 image pixels; need 2500 for a reliable grid,,,,,,,,,,,
866,3250,landscape,long_axis_measured,17.45567038126949,,130.0,16.0,0.6116669454047083,40.0,26.0,0.4486951725363284,1.065,1.66,0.993,0.116,0.116
867,12524,unknown,unresolved,22.53938024720785,both pitches match a module short axis; ambiguous,150.0,12.0,0.5760871421831814,60.0,13.0,0.5190238919234245,0.787,0.887,0.411,0.912,
868,0,unknown,insufficient_pixels,9.293925140853728,only 1180 image pixels; need 2500 for a reliable grid,,,,,,,,,,,
869,4086,landscape,long_axis_measured,23.40915319040537,,130.0,11.0,0.8224002816711974,40.0,22.0,0.1921424968800003,0.76,1.421,0.979,0.205,0.205
870,5320,unknown,unresolved,20.643639278014582,both pitches match a module long axis; ambiguous,110.0,19.0,0.6967153698445733,20.0,30.0,0.1142685811006783,1.25,2.013,0.548,0.837,
871,0,unknown,insufficient_pixels,12.456694656323638,only 1626 image pixels; need 2500 for a reliable grid,,,,,,,,,,,
872,0,unknown,no_plane_fit,,no usable lidar plane fit,,,,,,,,,,,
873,3173,portrait,long_axis_measured,20.73123604026125,,20.0,13.0,0.3221728413793098,110.0,23.0,0.30342545902818835,0.855,1.545,0.529,0.849,0.849
874,3110,unknown,unresolved,26.695163543425263,"no pitch within 30% of 1.65 m or 0.99 m; likely row pitch, not module pitch",110.0,39.0,0.5256798727892281,20.0,34.0,0.017681569985923698,2.732,2.275,0.878,0.479,
875,4028,unknown,unresolved,21.16299398350235,both pitches match a module short axis; ambiguous,110.0,16.0,0.7849736955249963,20.0,17.0,0.1491400754584586,1.056,1.144,0.556,0.831,
876,3679,unknown,unresolved,26.51061649653673,both pitches match a module short axis; ambiguous,30.0,12.0,0.42056430659348176,120.0,12.0,0.2780627542852007,0.79,0.846,0.338,0.941,
877,2507,portrait,long_axis_measured,18.795704703437668,,110.0,36.0,0.6022796466435802,20.0,27.0,0.2989545359396606,2.391,1.768,0.826,0.564,0.564
878,3950,portrait,long_axis_measured,22.56657379241381,,80.0,39.0,0.587869835140163,170.0,25.0,0.11558324500030102,2.517,1.716,0.208,0.978,0.978
879,9530,landscape,long_axis_measured,12.158799015764435,,80.0,17.0,0.6286130960032017,170.0,31.0,0.3239205213622063,1.103,1.984,0.937,0.349,0.349
880,4216,portrait,long_axis_measured,13.521626133042629,,80.0,13.0,0.907126438353573,170.0,25.0,0.0579768608080325,0.833,1.63,0.342,0.94,0.94
881,7705,portrait,long_axis_measured,22.66796244502977,,170.0,14.0,0.6380459457318657,80.0,26.0,0.6372278882079269,0.912,1.781,0.329,0.944,0.944
882,3544,portrait,long_axis_measured,16.20665157568936,,170.0,17.0,0.42402885514441685,80.0,28.0,0.42187066730445627,1.096,1.846,0.372,0.928,0.928
883,6534,portrait,long_axis_measured,17.30253493303471,,80.0,13.0,0.890564482075661,170.0,22.0,0.6245804455801203,0.838,1.459,0.328,0.945,0.945
884,0,unknown,flat_or_low_tilt,1.6077560820871777,tilt 1.6 deg < 5: no defined slope direction,,,,,,,,,,,
885,0,unknown,insufficient_pixels,11.85951823584614,only 884 image pixels; need 2500 for a reliable grid,,,,,,,,,,,
886,0,unknown,insufficient_pixels,16.138557659630514,only 806 image pixels; need 2500 for a reliable grid,,,,,,,,,,,
887,0,unknown,flat_or_low_tilt,0.1644650676427591,tilt 0.2 deg < 5: no defined slope direction,,,,,,,,,,,
888,0,unknown,insufficient_pixels,14.285987897087123,only 1824 image pixels; need 2500 for a reliable grid,,,,,,,,,,,
889,3558,portrait,long_axis_measured,17.164375541973754,,170.0,17.0,0.8103849965171143,80.0,25.0,-0.1742755557493772,1.095,1.657,0.32,0.947,0.947
890,7292,landscape,long_axis_measured,28.450950574485283,,30.0,41.0,0.4647221474047775,120.0,25.0,-0.108058157347923,2.933,1.661,0.931,0.365,0.365
891,5112,portrait,long_axis_measured,33.46903822369976,,80.0,17.0,0.6501534603139412,170.0,20.0,0.2602633139620659,1.106,1.519,0.143,0.99,0.99
892,5605,unknown,unresolved,24.65243258621369,both pitches match a module long axis; ambiguous,140.0,30.0,0.4602129420526751,50.0,17.0,0.2439570174965564,2.023,1.161,0.642,0.767,
893,3434,portrait,long_axis_measured,19.2704373822299,,80.0,17.0,0.8339795151927424,170.0,25.0,-0.004745829657570655,1.1,1.676,0.33,0.944,0.944
894,2772,landscape,long_axis_measured,26.50345070846849,,170.0,14.0,0.3990243096348659,80.0,21.0,-0.018910496827754687,0.987,1.381,0.944,0.33,0.33
895,0,unknown,insufficient_pixels,26.371362100591767,only 1721 image pixels; need 2500 for a reliable grid,,,,,,,,,,,
896,0,unknown,insufficient_pixels,24.547599348671973,only 1428 image pixels; need 2500 for a reliable grid,,,,,,,,,,,
897,4193,portrait,long_axis_measured,22.301411530993228,,80.0,17.0,0.7436155150322552,170.0,25.0,0.4952818175174174,1.11,1.706,0.372,0.928,0.928
898,4192,landscape,long_axis_measured,30.384023112374425,,80.0,25.0,0.6317226164312015,170.0,11.0,0.3052023179429566,1.661,0.803,0.322,0.947,0.322
899,2581,portrait,long_axis_measured,33.55384337130223,,80.0,11.0,0.939183106285862,170.0,17.0,0.008928913843962593,0.741,1.279,0.348,0.938,0.938
900,7952,unknown,unresolved,22.595246604545768,both pitches match a module short axis; ambiguous,80.0,16.0,0.720047135585528,170.0,16.0,0.0413507121943525,1.044,1.095,0.345,0.939,
901,6215,portrait,long_axis_measured,13.065255400248455,,100.0,17.0,0.5997271067944491,10.0,27.0,0.257473114439207,1.08,1.76,0.016,1.0,1.0
902,6680,unknown,unresolved,17.90421252688966,both pitches match a module long axis; ambiguous,80.0,25.0,0.6427750700353896,170.0,31.0,0.5827976473534979,1.663,2.003,0.937,0.351,
903,0,unknown,flat_or_low_tilt,1.5374380663632994,tilt 1.5 deg < 5: no defined slope direction,,,,,,,,,,,
904,4717,unknown,unresolved,21.02957646822451,"no pitch within 30% of 1.65 m or 0.99 m; likely row pitch, not module pitch",110.0,33.0,0.3229073528168096,20.0,34.0,-0.2027847297545386,2.242,2.186,0.983,0.184,
905,0,unknown,insufficient_pixels,21.17624740687899,only 1488 image pixels; need 2500 for a reliable grid,,,,,,,,,,,
906,0,unknown,insufficient_pixels,18.90769995296046,only 1600 image pixels; need 2500 for a reliable grid,,,,,,,,,,,
907,0,unknown,no_plane_fit,45.42955669791312,no usable lidar plane fit,,,,,,,,,,,
908,2685,portrait,long_axis_measured,14.946880149468818,,130.0,36.0,0.8284736572370196,40.0,29.0,0.18881587186789564,2.335,1.892,0.615,0.789,0.789
909,4502,unknown,unresolved,17.254631525710245,both pitches match a module long axis; ambiguous,50.0,31.0,0.6404685310469527,140.0,25.0,0.0412144237676066,2.028,1.644,0.653,0.758,
910,0,unknown,insufficient_pixels,29.256306694702836,only 2426 image pixels; need 2500 for a reliable grid,,,,,,,,,,,
911,0,unknown,no_plane_fit,29.655931833950493,no usable lidar plane fit,,,,,,,,,,,
912,0,unknown,insufficient_pixels,12.9263353274693,only 2223 image pixels; need 2500 for a reliable grid,,,,,,,,,,,
913,5677,unknown,unresolved,17.82746640244616,both pitches match a module long axis; ambiguous,170.0,19.0,0.5232724395770635,80.0,29.0,0.1044834201481083,1.224,1.93,0.299,0.954,
914,11619,landscape,long_axis_measured,14.066396226827663,,80.0,11.0,0.6957688948027997,170.0,26.0,0.6188324448722913,0.719,1.669,0.932,0.363,0.363
915,0,unknown,insufficient_pixels,21.23274437885288,only 1920 image pixels; need 2500 for a reliable grid,,,,,,,,,,,
916,0,unknown,insufficient_pixels,23.035693077448745,only 1190 image pixels; need 2500 for a reliable grid,,,,,,,,,,,
917,3052,portrait,long_axis_measured,22.43870735015913,,170.0,14.0,0.777479451604572,80.0,17.0,0.4422353185359031,0.912,1.162,0.334,0.943,0.943
918,9592,portrait,long_axis_measured,35.07119325291285,,80.0,16.0,0.6546609552502003,170.0,21.0,0.1862837020397764,1.081,1.609,0.333,0.943,0.943
919,7384,portrait,short_axis_inferred,17.255385748894692,,80.0,13.0,0.7638112351501191,170.0,34.0,0.4025822537304655,0.838,2.255,0.33,0.944,0.944
920,5304,landscape,long_axis_measured,13.776960887694932,,80.0,20.0,0.8508028417280904,170.0,15.0,0.3128109222004658,1.281,0.979,0.288,0.957,0.288
921,3686,unknown,unresolved,13.89583962191029,both pitches match a module short axis; ambiguous,80.0,11.0,0.5151083977070451,170.0,14.0,0.32753214890666044,0.705,0.915,0.294,0.956,
922,8685,portrait,short_axis_inferred,24.51881525257268,,80.0,17.0,0.5818799241223426,170.0,39.0,0.3304510775663362,1.112,2.708,0.324,0.946,0.946
923,6897,unknown,unresolved,13.70001051951938,both pitches match a module short axis; ambiguous,160.0,13.0,0.5697028076644209,70.0,16.0,0.0700424487336972,0.837,1.042,0.489,0.872,
924,7607,portrait,long_axis_measured,18.56285486515453,,80.0,25.0,0.635841772353251,170.0,17.0,0.4128442894547998,1.669,1.099,0.939,0.343,0.939
925,3310,unknown,unresolved,22.786205871327404,both pitches match a module long axis; ambiguous,80.0,31.0,0.7255543554058009,170.0,26.0,0.4091566812258816,2.021,1.782,0.335,0.942,
926,5942,unknown,unresolved,21.899776931575538,both pitches match a module short axis; ambiguous,70.0,13.0,0.4305176254333656,160.0,16.0,0.0972284649890169,0.88,1.055,0.861,0.508,
927,6818,unknown,unresolved,22.335077997263888,both pitches match a module short axis; ambiguous,170.0,14.0,0.7192230101896377,80.0,15.0,0.4765219440740141,0.911,1.025,0.319,0.948,
928,4232,unknown,unresolved,22.769162929804573,both pitches match a module long axis; ambiguous,140.0,30.0,0.5824912287832155,50.0,27.0,0.0238537079370833,2.004,1.824,0.637,0.771,
929,10384,landscape,long_axis_measured,13.56337502615032,,80.0,11.0,0.5898912761048855,170.0,20.0,0.5680151435560126,0.717,1.283,0.932,0.364,0.364
930,3921,unknown,unresolved,21.93262721914557,no periodic peak in one or both directions,40.0,39.0,0.20649314964838789,130.0,,,,,,,
931,0,unknown,insufficient_pixels,24.39071804097488,only 1882 image pixels; need 2500 for a reliable grid,,,,,,,,,,,
932,2970,portrait,long_axis_measured,33.919297486788075,,170.0,14.0,0.625041994029611,80.0,23.0,0.5528017693765732,0.929,1.749,0.251,0.968,0.968
933,0,unknown,flat_or_low_tilt,2.0665216166941835,tilt 2.1 deg < 5: no defined slope direction,,,,,,,,,,,
934,0,unknown,flat_or_low_tilt,3.972135340451345,tilt 4.0 deg < 5: no defined slope direction,,,,,,,,,,,
935,0,unknown,insufficient_pixels,12.698519227741413,only 2164 image pixels; need 2500 for a reliable grid,,,,,,,,,,,
936,0,unknown,insufficient_pixels,14.149813420310716,only 2308 image pixels; need 2500 for a reliable grid,,,,,,,,,,,
937,4147,portrait,long_axis_measured,21.89902211730346,,80.0,17.0,0.706413851795294,170.0,26.0,-0.0162647646256283,1.101,1.774,0.266,0.964,0.964
938,0,unknown,flat_or_low_tilt,4.639043118924324,tilt 4.6 deg < 5: no defined slope direction,,,,,,,,,,,
939,5942,portrait,long_axis_measured,12.223216267636396,,140.0,31.0,0.5968802746988813,50.0,39.0,-0.0223684761979885,2.003,2.514,0.754,0.657,0.754
940,6150,unknown,unresolved,20.416313373716257,both pitches match a module long axis; ambiguous,120.0,31.0,0.5587358081559779,30.0,20.0,0.1339504437247758,2.087,1.305,0.906,0.424,
941,0,unknown,insufficient_pixels,34.657115161423675,only 2487 image pixels; need 2500 for a reliable grid,,,,,,,,,,,
942,3117,unknown,unresolved,24.71485392065923,no periodic peak in one or both directions,170.0,16.0,0.5652751955048344,80.0,,,,,,,
943,5569,portrait,long_axis_measured,10.218506775283087,,170.0,17.0,0.5621973323444048,80.0,26.0,0.0657133210536782,1.084,1.677,0.244,0.97,0.97
944,0,unknown,insufficient_pixels,10.795569478985485,only 2470 image pixels; need 2500 for a reliable grid,,,,,,,,,,,
945,0,unknown,no_plane_fit,7.979412119455135,no usable lidar plane fit,,,,,,,,,,,
946,5970,landscape,long_axis_measured,21.13452781984723,,80.0,13.0,0.3043570381168982,170.0,26.0,0.292363679919991,0.884,1.675,0.976,0.217,0.217
947,3420,landscape,long_axis_measured,18.869723255357723,,170.0,26.0,0.6955888612303831,80.0,14.0,0.5017921805355511,1.677,0.937,0.29,0.957,0.29
948,0,unknown,no_plane_fit,,no usable lidar plane fit,,,,,,,,,,,
949,0,unknown,insufficient_pixels,35.66062066874597,only 2087 image pixels; need 2500 for a reliable grid,,,,,,,,,,,
950,2550,landscape,long_axis_measured,27.87724001634736,,80.0,14.0,0.3823542993465835,170.0,28.0,0.3543596908518277,0.998,1.851,0.941,0.338,0.338
951,2544,landscape,short_axis_inferred,27.88147114328264,,70.0,16.0,0.34153812574715836,160.0,34.0,0.15813486124522858,1.132,2.285,0.88,0.476,0.476
952,0,unknown,insufficient_pixels,9.07759322752196,only 1488 image pixels; need 2500 for a reliable grid,,,,,,,,,,,
953,0,unknown,insufficient_pixels,6.738769617538899,only 2170 image pixels; need 2500 for a reliable grid,,,,,,,,,,,
954,0,unknown,insufficient_pixels,13.919015764592723,only 1489 image pixels; need 2500 for a reliable grid,,,,,,,,,,,
955,5594,landscape,short_axis_inferred,14.475848571113916,,170.0,15.0,0.449773070849898,80.0,40.0,0.3500460319039856,0.982,2.569,0.935,0.354,0.354
956,4275,portrait,short_axis_inferred,15.579781079976447,,170.0,13.0,0.7202443874296253,80.0,38.0,0.3130571530082603,0.834,2.501,0.272,0.962,0.962
957,2867,unknown,unresolved,16.226531848931785,both pitches match a module long axis; ambiguous,70.0,31.0,0.6628585043261987,160.0,33.0,-0.07312164525277728,2.047,2.12,0.957,0.289,
958,9370,portrait,long_axis_measured,25.86389620099127,,170.0,13.0,0.4917914821326157,80.0,25.0,0.2737910551425474,0.848,1.757,0.267,0.964,0.964
959,0,unknown,no_plane_fit,45.98958293768393,no usable lidar plane fit,,,,,,,,,,,
960,0,unknown,insufficient_pixels,10.275591430408712,only 1982 image pixels; need 2500 for a reliable grid,,,,,,,,,,,
961,0,unknown,no_plane_fit,43.58996760293002,no usable lidar plane fit,,,,,,,,,,,
962,2919,landscape,long_axis_measured,30.43223687499039,,130.0,13.0,0.6310875984028282,40.0,25.0,0.35802269980145973,0.952,1.646,0.966,0.259,0.259
963,0,unknown,no_plane_fit,14.482778724729702,no usable lidar plane fit,,,,,,,,,,,
964,6034,landscape,short_axis_inferred,37.70924466977146,,120.0,12.0,0.5346834029293653,30.0,36.0,0.0850656849665801,0.939,2.511,0.903,0.429,0.429
965,40286,unknown,unresolved,21.26009224232503,both pitches match a module short axis; ambiguous,120.0,12.0,0.7469978887345106,30.0,12.0,0.2798845096355547,0.812,0.786,0.898,0.44,
966,6648,landscape,long_axis_measured,33.56896023167852,,130.0,13.0,0.800013309588616,40.0,30.0,0.1232623008799192,0.983,1.997,0.961,0.277,0.277
967,0,unknown,no_plane_fit,72.05837153446731,no usable lidar plane fit,,,,,,,,,,,
968,5952,landscape,long_axis_measured,28.73447613436167,,30.0,40.0,0.3011875962548037,120.0,22.0,-0.0206518030864154,2.86,1.473,0.908,0.42,0.42
969,0,unknown,insufficient_pixels,18.016519420462632,only 1809 image pixels; need 2500 for a reliable grid,,,,,,,,,,,
970,3160,unknown,unresolved,18.428788856490858,both pitches match a module short axis; ambiguous,120.0,12.0,0.72031443133842,30.0,16.0,0.3088559109644595,0.799,1.04,0.892,0.451,
971,0,unknown,insufficient_pixels,24.88993344136824,only 1577 image pixels; need 2500 for a reliable grid,,,,,,,,,,,
972,3452,landscape,long_axis_measured,29.069159882669336,,130.0,25.0,0.5913415092747166,40.0,13.0,0.11528888981743862,1.644,0.939,0.271,0.963,0.271
973,3143,unknown,unresolved,12.379714415555446,both pitches match a module short axis; ambiguous,120.0,12.0,0.42376019730181064,30.0,16.0,0.18709846204751462,0.773,1.035,0.599,0.801,
974,0,unknown,no_plane_fit,25.694638737463634,no usable lidar plane fit,,,,,,,,,,,
975,4233,unknown,unresolved,33.13599881258259,no periodic peak in one or both directions,90.0,18.0,0.4553665228255961,0.0,,,,,,,
976,6488,unknown,unresolved,12.990708488599104,"no pitch within 30% of 1.65 m or 0.99 m; likely row pitch, not module pitch",170.0,41.0,0.4900064923043815,80.0,40.0,0.3376502835358926,2.629,2.602,0.378,0.926,
977,0,unknown,no_plane_fit,58.78218884927074,no usable lidar plane fit,,,,,,,,,,,
978,10096,landscape,long_axis_measured,6.248825279483193,,30.0,12.0,0.3627888837047748,120.0,25.0,0.2997512488910964,0.767,1.589,0.99,0.14,0.14
979,0,unknown,insufficient_pixels,29.833914247526423,only 1912 image pixels; need 2500 for a reliable grid,,,,,,,,,,,
980,3454,unknown,unresolved,42.4834506203598,both pitches match a module short axis; ambiguous,120.0,12.0,0.4238130930643178,30.0,12.0,0.24377253503390411,0.858,1.0,0.424,0.905,
981,0,unknown,insufficient_pixels,17.735850940755686,only 1354 image pixels; need 2500 for a reliable grid,,,,,,,,,,,
982,0,unknown,insufficient_pixels,19.13037497817077,only 1578 image pixels; need 2500 for a reliable grid,,,,,,,,,,,
983,0,unknown,insufficient_pixels,13.93197050944809,only 2348 image pixels; need 2500 for a reliable grid,,,,,,,,,,,
984,4158,landscape,long_axis_measured,17.647989020986042,,130.0,13.0,0.8599362292518087,40.0,29.0,-0.0361984348309769,0.865,1.864,0.967,0.256,0.256
985,0,unknown,no_plane_fit,42.44743570715615,no usable lidar plane fit,,,,,,,,,,,
986,0,unknown,insufficient_pixels,14.421681054108795,only 1520 image pixels; need 2500 for a reliable grid,,,,,,,,,,,
987,3498,landscape,long_axis_measured,6.20162223315469,,130.0,13.0,0.9356140101313722,40.0,19.0,0.08651755671559258,0.83,1.208,0.97,0.242,0.242
988,0,unknown,insufficient_pixels,36.57466643149818,only 1140 image pixels; need 2500 for a reliable grid,,,,,,,,,,,
989,0,unknown,no_plane_fit,37.414623223054186,no usable lidar plane fit,,,,,,,,,,,
990,3230,landscape,long_axis_measured,23.1128527818553,,130.0,13.0,0.5445753866485583,40.0,26.0,0.13142514730751098,0.896,1.677,0.981,0.194,0.194
991,3362,landscape,long_axis_measured,12.988879658885844,,130.0,13.0,0.8110462475273237,40.0,22.0,0.08155014310375264,0.846,1.407,0.959,0.284,0.284
992,10106,landscape,short_axis_inferred,27.271005984243416,,120.0,12.0,0.537019682695525,30.0,33.0,0.1814216367576889,0.847,2.202,0.9,0.435,0.435
993,7267,unknown,unresolved,5.6064466843069285,both pitches match a module long axis; ambiguous,70.0,31.0,0.6686109621775475,160.0,20.0,-0.302505958050602,1.971,1.276,0.219,0.976,
994,3160,unknown,unresolved,45.71690893327731,both pitches match a module long axis; ambiguous,40.0,13.0,0.46063936697666813,130.0,28.0,0.2834313356888762,1.168,1.915,0.971,0.237,
995,5580,landscape,long_axis_measured,16.435575041260268,,130.0,13.0,0.7057193891056194,40.0,27.0,0.5389348565981683,0.859,1.734,0.963,0.271,0.271
996,0,unknown,flat_or_low_tilt,1.6757728876072795,tilt 1.7 deg < 5: no defined slope direction,,,,,,,,,,,
997,5808,landscape,long_axis_measured,19.744256831840403,,120.0,12.0,0.5489457878046698,30.0,31.0,0.0243151587506776,0.805,2.02,0.901,0.433,0.433
998,0,unknown,flat_or_low_tilt,1.3110774034631678,tilt 1.3 deg < 5: no defined slope direction,,,,,,,,,,,
999,0,unknown,flat_or_low_tilt,2.492665755999012,tilt 2.5 deg < 5: no defined slope direction,,,,,,,,,,,
1000,0,unknown,flat_or_low_tilt,1.6633515971866135,tilt 1.7 deg < 5: no defined slope direction,,,,,,,,,,,
1001,4544,unknown,unresolved,22.492641201564147,both pitches match a module short axis; ambiguous,30.0,12.0,0.7800738157079022,120.0,13.0,0.5422648218096098,0.818,0.853,0.903,0.429,
1002,4081,unknown,unresolved,20.99496094148001,both pitches match a module short axis; ambiguous,140.0,11.0,0.6497771523449399,50.0,15.0,0.4277737039512911,0.707,1.019,0.183,0.983,
1003,3326,landscape,long_axis_measured,19.29892742546529,,120.0,12.0,0.7383002443336997,30.0,31.0,0.07848202858262465,0.803,2.015,0.913,0.409,0.409
1004,3979,portrait,short_axis_inferred,21.244747151505244,,120.0,12.0,0.5463530287777806,30.0,40.0,0.19469029122720422,0.809,2.634,0.851,0.525,0.525
1005,4341,unknown,unresolved,13.337472816718613,both pitches match a module short axis; ambiguous,30.0,12.0,0.7089281430547455,120.0,12.0,0.257888349372634,0.781,0.771,0.903,0.43,
1006,11276,landscape,long_axis_measured,15.009211876790587,,30.0,12.0,0.6552111485431609,120.0,24.0,0.4179396735831489,0.786,1.547,0.904,0.427,0.427
1007,5786,unknown,unresolved,18.91912917399419,no periodic peak in one or both directions,160.0,33.0,0.5527567717215045,70.0,,,,,,,
1008,4954,landscape,long_axis_measured,24.666533858290688,,120.0,23.0,0.5254645074246799,30.0,12.0,0.4218889276142832,1.479,0.838,0.14,0.99,0.14
1009,4800,unknown,unresolved,23.25897825589882,both pitches match a module short axis; ambiguous,120.0,12.0,0.4396464394490391,30.0,12.0,0.0568283295323484,0.794,0.82,0.497,0.868,
1010,2735,landscape,long_axis_measured,35.140290391405046,,40.0,13.0,0.5763763594124846,130.0,18.0,0.02440886902772475,1.003,1.194,0.972,0.236,0.236
1011,9990,unknown,unresolved,19.62264764941553,both pitches match a module short axis; ambiguous,40.0,11.0,0.7198264247406271,130.0,11.0,0.5824823754061635,0.741,0.706,0.983,0.184,
1012,7534,portrait,long_axis_measured,23.826996369068432,,40.0,17.0,0.510427441760359,130.0,13.0,0.1895769989828152,1.176,0.845,0.964,0.267,0.964
1013,6366,portrait,short_axis_inferred,6.643428917141803,,30.0,12.0,0.5170315307848065,120.0,38.0,0.0208085892599221,0.766,2.421,0.856,0.517,0.517
1014,3486,portrait,short_axis_inferred,20.97890934576388,,130.0,39.0,0.8473523421978039,40.0,15.0,0.1885044480487322,2.649,0.965,0.982,0.19,0.982
1015,0,unknown,insufficient_pixels,22.795649901122157,only 2485 image pixels; need 2500 for a reliable grid,,,,,,,,,,,
1016,3478,unknown,unresolved,35.67407718077883,both pitches match a module short axis; ambiguous,120.0,12.0,0.534066501125081,30.0,12.0,0.27022098662366717,0.914,0.835,0.886,0.464,
1017,2570,unknown,unresolved,31.34369391117503,both pitches match a module short axis; ambiguous,120.0,12.0,0.7731076478468876,30.0,14.0,0.2759717191221809,0.876,0.952,0.89,0.455,
1018,0,unknown,insufficient_pixels,21.34773972622394,only 1503 image pixels; need 2500 for a reliable grid,,,,,,,,,,,
1019,3683,landscape,long_axis_measured,37.40274335319545,,120.0,12.0,0.8720387211053806,30.0,22.0,-0.13208891057791983,0.931,1.546,0.883,0.469,0.469
1020,7481,unknown,unresolved,11.241024015102186,both pitches match a module short axis; ambiguous,120.0,12.0,0.5177107477437243,30.0,14.0,0.3336389036822241,0.776,0.896,0.908,0.42,
1021,4618,landscape,short_axis_inferred,11.550861822082048,,160.0,36.0,0.6472636524657519,70.0,17.0,-0.158498155599533,2.303,1.1,0.369,0.929,0.369
1022,6118,portrait,long_axis_measured,23.74257366663539,,40.0,27.0,0.5657748804617446,130.0,13.0,0.3178341140078025,1.87,0.839,0.982,0.187,0.982
1023,6698,unknown,unresolved,29.604972641367244,both pitches match a module short axis; ambiguous,40.0,13.0,0.5219891038664997,130.0,15.0,0.2684922753001757,0.947,0.977,0.982,0.189,
1024,0,unknown,insufficient_pixels,7.637695754292814,only 1954 image pixels; need 2500 for a reliable grid,,,,,,,,,,,
1025,0,unknown,insufficient_pixels,9.560700239114828,only 1986 image pixels; need 2500 for a reliable grid,,,,,,,,,,,
1026,0,unknown,flat_or_low_tilt,4.270909422151543,tilt 4.3 deg < 5: no defined slope direction,,,,,,,,,,,
1027,7368,portrait,long_axis_measured,28.0159907497252,,120.0,12.0,0.6775311661422182,30.0,22.0,0.3258315921103458,0.847,1.486,0.859,0.512,0.512
1028,0,unknown,flat_or_low_tilt,4.377894189472381,tilt 4.4 deg < 5: no defined slope direction,,,,,,,,,,,
1029,4118,landscape,long_axis_measured,17.1598714245575,,140.0,11.0,0.6291998211378449,50.0,21.0,-0.0596682417509476,0.731,1.336,0.999,0.042,0.042
1030,5334,unknown,unresolved,30.452318682323053,"no pitch within 30% of 1.65 m or 0.99 m; likely row pitch, not module pitch",70.0,38.0,0.3870679850887222,160.0,33.0,-0.063442598087049,2.523,2.411,0.316,0.949,
1031,0,unknown,insufficient_pixels,10.457207913386362,only 1886 image pixels; need 2500 for a reliable grid,,,,,,,,,,,
1032,0,unknown,insufficient_pixels,13.630483967686567,only 2294 image pixels; need 2500 for a reliable grid,,,,,,,,,,,
1033,3866,unknown,unresolved,10.654834177029873,both pitches match a module short axis; ambiguous,40.0,16.0,0.6579676314817748,130.0,16.0,0.4205293791938256,1.033,1.02,0.979,0.202,
1034,7247,landscape,long_axis_measured,16.110084395711997,,130.0,17.0,0.6912158997745023,40.0,27.0,0.6491632615580809,1.123,1.728,0.979,0.202,0.202
1035,3576,landscape,long_axis_measured,18.6989559626633,,130.0,13.0,0.596412064850321,40.0,25.0,0.4656099857602473,0.871,1.604,0.98,0.197,0.197
1036,2710,unknown,unresolved,24.4335503234096,both pitches match a module short axis; ambiguous,140.0,11.0,0.6701813652659783,50.0,11.0,0.3518904539242149,0.701,0.767,0.032,0.999,
1037,7458,landscape,long_axis_measured,24.84265456677777,,40.0,16.0,0.5955675007391432,130.0,31.0,0.239595949344689,1.118,2.003,0.982,0.186,0.186
1038,2958,landscape,long_axis_measured,16.893772741412068,,130.0,13.0,0.863335150690205,40.0,31.0,0.25036440069422433,0.862,1.984,0.983,0.184,0.184
1039,0,unknown,flat_or_low_tilt,2.492666394097101,tilt 2.5 deg < 5: no defined slope direction,,,,,,,,,,,
1040,0,unknown,insufficient_pixels,21.011242311216154,only 1745 image pixels; need 2500 for a reliable grid,,,,,,,,,,,
1041,0,unknown,insufficient_pixels,23.69919156340078,only 1745 image pixels; need 2500 for a reliable grid,,,,,,,,,,,
1042,7318,landscape,short_axis_inferred,13.9047062224963,,130.0,11.0,0.6526674097916444,40.0,37.0,0.1053301874426409,0.719,2.364,0.977,0.213,0.213
1043,6541,landscape,long_axis_measured,15.325344571505118,,130.0,17.0,0.9034432263013746,40.0,28.0,0.6791864792192925,1.119,1.79,0.982,0.187,0.187
1044,0,unknown,insufficient_pixels,7.43874836869508,only 1926 image pixels; need 2500 for a reliable grid,,,,,,,,,,,
1045,0,unknown,insufficient_pixels,7.7682372369060815,only 2004 image pixels; need 2500 for a reliable grid,,,,,,,,,,,
1046,6644,landscape,long_axis_measured,21.48090499637322,,40.0,11.0,0.4413926319474743,130.0,25.0,-0.0718815536484648,0.75,1.61,0.98,0.198,0.198
1047,7030,landscape,long_axis_measured,9.63050682466842,,130.0,11.0,0.6869576041565576,40.0,30.0,0.3849506698044284,0.708,1.911,0.975,0.221,0.221
1048,5936,landscape,long_axis_measured,22.20137503079368,,130.0,16.0,0.6591702627035575,40.0,31.0,0.082579148060652,1.096,1.998,0.979,0.202,0.202
1049,0,unknown,insufficient_pixels,24.11200411153108,only 1089 image pixels; need 2500 for a reliable grid,,,,,,,,,,,
1050,4022,unknown,unresolved,24.7741502176535,both pitches match a module short axis; ambiguous,140.0,11.0,0.5179495865472453,50.0,11.0,0.1007640700642856,0.769,0.7,1.0,0.027,
1051,0,unknown,insufficient_pixels,18.713953320220885,only 1986 image pixels; need 2500 for a reliable grid,,,,,,,,,,,
1052,5816,unknown,unresolved,20.065764721461925,both pitches match a module short axis; ambiguous,130.0,11.0,0.5552215425816998,40.0,13.0,0.3732850312129071,0.743,0.836,0.978,0.207,
1053,0,unknown,insufficient_pixels,24.17031804382397,only 1250 image pixels; need 2500 for a reliable grid,,,,,,,,,,,
1054,5330,landscape,short_axis_inferred,21.24164434459073,,40.0,16.0,0.5950879406935224,130.0,36.0,-0.1819383385172031,1.089,2.313,0.985,0.173,0.173
1055,4522,unknown,unresolved,15.956033267783369,both pitches match a module short axis; ambiguous,130.0,16.0,0.6916713863809565,40.0,13.0,0.3267333890522668,1.054,0.836,0.948,0.32,
1056,8508,unknown,unresolved,21.6973709498372,both pitches match a module short axis; ambiguous,40.0,16.0,0.6814653502282016,130.0,11.0,0.613948517060891,1.092,0.708,0.981,0.194,
1057,2618,portrait,long_axis_measured,15.416443695506134,,130.0,26.0,0.7958797140144956,40.0,16.0,0.045950212442860884,1.711,1.023,0.98,0.201,0.98
1058,0,unknown,insufficient_pixels,17.23534610989195,only 2344 image pixels; need 2500 for a reliable grid,,,,,,,,,,,
1059,0,unknown,insufficient_pixels,14.364623307067436,only 2036 image pixels; need 2500 for a reliable grid,,,,,,,,,,,
1060,0,unknown,insufficient_pixels,19.33090681946626,only 2430 image pixels; need 2500 for a reliable grid,,,,,,,,,,,
1061,7681,unknown,unresolved,21.328259489244285,both pitches match a module long axis; ambiguous,130.0,19.0,0.9285525634298664,40.0,30.0,0.3084447607135462,1.293,1.934,0.976,0.218,
1062,0,unknown,insufficient_pixels,22.360410883677453,only 806 image pixels; need 2500 for a reliable grid,,,,,,,,,,,
1063,0,unknown,flat_or_low_tilt,2.96259169691818,tilt 3.0 deg < 5: no defined slope direction,,,,,,,,,,,
1064,0,unknown,flat_or_low_tilt,2.8799242381064545,tilt 2.9 deg < 5: no defined slope direction,,,,,,,,,,,
1065,0,unknown,insufficient_pixels,32.09872741647719,only 1542 image pixels; need 2500 for a reliable grid,,,,,,,,,,,
1066,5466,landscape,long_axis_measured,18.498058103601792,,80.0,27.0,0.5980991587656012,170.0,17.0,0.461792825436165,1.745,1.135,0.335,0.942,0.335
1067,2570,portrait,long_axis_measured,22.457363543366405,,170.0,13.0,0.5382689436661504,80.0,22.0,0.33207378763267603,0.848,1.504,0.345,0.939,0.939
1068,11315,portrait,long_axis_measured,5.68532750179841,,80.0,18.0,0.5500575369667046,170.0,27.0,0.2457427435426525,1.145,1.722,0.333,0.943,0.943
1069,7998,unknown,unresolved,16.74190609899197,both pitches match a module short axis; ambiguous,170.0,12.0,0.3149297281627994,80.0,11.0,0.201759680827258,0.774,0.727,0.367,0.93,
1070,0,unknown,insufficient_pixels,8.364589324711334,only 1788 image pixels; need 2500 for a reliable grid,,,,,,,,,,,
1071,2568,unknown,unresolved,17.883468071270986,both pitches match a module long axis; ambiguous,170.0,25.0,0.6158308011854499,80.0,22.0,0.5362903960676328,1.661,1.425,0.914,0.405,
1072,8163,portrait,long_axis_measured,21.35702868121984,,170.0,16.0,0.5536136890853208,80.0,25.0,0.1440875278591791,1.038,1.698,0.308,0.951,0.951
1073,6221,unknown,unresolved,17.659845512068017,no periodic peak in one or both directions,90.0,30.0,0.5415652839286802,0.0,,,,,,,
1074,0,unknown,insufficient_pixels,27.09160335674051,only 2037 image pixels; need 2500 for a reliable grid,,,,,,,,,,,
1075,0,unknown,insufficient_pixels,34.469201724712974,only 1035 image pixels; need 2500 for a reliable grid,,,,,,,,,,,
1076,2783,portrait,long_axis_measured,33.93432273088899,,80.0,37.0,0.42966138687595085,170.0,22.0,0.1525253919493941,2.492,1.664,0.335,0.942,0.942
1077,0,unknown,flat_or_low_tilt,3.245739235048283,tilt 3.2 deg < 5: no defined slope direction,,,,,,,,,,,
1078,0,unknown,flat_or_low_tilt,3.036509499312489,tilt 3.0 deg < 5: no defined slope direction,,,,,,,,,,,
1079,3262,unknown,unresolved,17.23941640654851,both pitches match a module long axis; ambiguous,170.0,26.0,0.582367376686135,80.0,26.0,0.40554915612252773,1.68,1.723,0.379,0.925,
1080,8198,unknown,unresolved,17.038433201585363,both pitches match a module long axis; ambiguous,170.0,31.0,0.8048261339235353,80.0,31.0,0.7879998092847023,1.996,2.054,0.314,0.949,
1081,4280,portrait,long_axis_measured,16.727413698755775,,80.0,39.0,0.6852566175128675,170.0,25.0,0.3493479132484481,2.512,1.653,0.334,0.942,0.942
1082,4106,portrait,long_axis_measured,21.76154111236093,,80.0,17.0,0.5199125737425484,170.0,30.0,-0.0549090511746087,1.105,2.042,0.33,0.944,0.944
1083,0,unknown,no_plane_fit,50.547633080609735,no usable lidar plane fit,,,,,,,,,,,
1084,0,unknown,no_plane_fit,56.998244033534405,no usable lidar plane fit,,,,,,,,,,,
1085,0,unknown,no_plane_fit,49.45144159880593,no usable lidar plane fit,,,,,,,,,,,
1086,4976,landscape,long_axis_measured,17.660641627156245,,20.0,38.0,0.4356454532002867,110.0,25.0,-0.0102354452063079,2.53,1.6,0.985,0.172,0.172
1087,0,unknown,insufficient_pixels,32.81250771269727,only 1211 image pixels; need 2500 for a reliable grid,,,,,,,,,,,
1088,0,unknown,insufficient_pixels,28.21139745136344,only 1944 image pixels; need 2500 for a reliable grid,,,,,,,,,,,
1089,0,unknown,insufficient_pixels,31.48141659502416,only 1850 image pixels; need 2500 for a reliable grid,,,,,,,,,,,
1090,0,unknown,insufficient_pixels,9.611326100612038,only 875 image pixels; need 2500 for a reliable grid,,,,,,,,,,,
1091,9478,portrait,short_axis_inferred,16.130617458764267,,70.0,13.0,0.5410696988832456,160.0,39.0,0.1989243850938378,0.845,2.558,0.585,0.811,0.811
1092,2828,portrait,long_axis_measured,18.432514818146903,,70.0,33.0,0.7072842642204209,160.0,19.0,0.02638363343742267,2.16,1.259,0.586,0.81,0.81
1093,2679,portrait,long_axis_measured,19.00102354274436,,80.0,12.0,0.5284962936051608,170.0,25.0,-0.04409447877501762,0.781,1.669,0.441,0.897,0.897
1094,6510,portrait,short_axis_inferred,21.90975707141046,,80.0,11.0,0.5362257929073114,170.0,38.0,0.0076957607705524,0.716,2.589,0.336,0.942,0.942
1095,4868,landscape,long_axis_measured,24.65509165720214,,80.0,19.0,0.305575248457865,170.0,15.0,0.1918413004039542,1.243,1.042,0.322,0.947,0.322
1096,3604,portrait,short_axis_inferred,27.56024876636363,,100.0,40.0,0.3937146895679304,10.0,17.0,-0.016153079529133023,2.865,1.082,1.0,0.021,1.0
1097,0,unknown,insufficient_pixels,14.985990306748429,only 1222 image pixels; need 2500 for a reliable grid,,,,,,,,,,,
1098,7431,landscape,long_axis_measured,45.01942045784173,,80.0,22.0,0.6698185235964368,170.0,39.0,0.0041603074106103,1.546,3.424,0.329,0.944,0.329
1099,3324,unknown,unresolved,15.66864166679299,no periodic peak in one or both directions,50.0,31.0,0.2816335883836728,140.0,,,,,,,
1100,0,unknown,insufficient_pixels,27.25505420203537,only 1805 image pixels; need 2500 for a reliable grid,,,,,,,,,,,
1101,5451,unknown,unresolved,14.561508555859117,both pitches match a module long axis; ambiguous,140.0,30.0,0.5337520862800299,50.0,18.0,0.2490516068848458,1.947,1.171,0.674,0.738,
1102,4962,unknown,unresolved,13.945443015868356,both pitches match a module long axis; ambiguous,170.0,31.0,0.7258472063906921,80.0,24.0,0.5865713601764838,1.985,1.568,0.287,0.958,
1103,3480,landscape,long_axis_measured,18.04658444358725,,170.0,29.0,0.6478012505253856,80.0,15.0,0.538225214819355,1.879,0.997,0.408,0.913,0.408
1104,3304,portrait,long_axis_measured,17.58482237491222,,170.0,11.0,0.7290157807909069,80.0,27.0,0.7096223111328891,0.711,1.792,0.391,0.921,0.921
1105,6958,portrait,short_axis_inferred,17.73643561350047,,170.0,15.0,0.5577522466967489,80.0,36.0,0.2588960500039858,0.969,2.392,0.358,0.934,0.934
1106,7130,portrait,long_axis_measured,38.68503521488336,,90.0,15.0,0.3105778627412927,0.0,24.0,0.1004352257441991,1.0,1.939,0.217,0.976,0.976
1107,5756,unknown,unresolved,18.49046392566152,both pitches match a module short axis; ambiguous,170.0,11.0,0.6622471523532789,80.0,16.0,0.6503485074926675,0.712,1.067,0.369,0.93,
1108,8836,portrait,short_axis_inferred,18.32612808593956,,80.0,15.0,0.6254481947339487,170.0,34.0,0.2373207249498044,0.979,2.256,0.534,0.846,0.846
1109,0,unknown,insufficient_pixels,18.22932703625705,only 2400 image pixels; need 2500 for a reliable grid,,,,,,,,,,,
1110,0,unknown,insufficient_pixels,18.15144410429661,only 1464 image pixels; need 2500 for a reliable grid,,,,,,,,,,,
1111,3400,portrait,long_axis_measured,19.9626094270322,,80.0,13.0,0.8711075359633764,170.0,25.0,0.08546965948612895,0.841,1.684,0.311,0.951,0.951
1112,4071,unknown,unresolved,10.261331220437471,both pitches match a module short axis; ambiguous,170.0,11.0,0.7855331121974981,80.0,15.0,0.3038203205391904,0.703,0.967,0.357,0.934,
1113,0,unknown,insufficient_pixels,19.917544980207317,only 1424 image pixels; need 2500 for a reliable grid,,,,,,,,,,,
1114,0,unknown,insufficient_pixels,15.678739660621588,only 1480 image pixels; need 2500 for a reliable grid,,,,,,,,,,,
1115,0,unknown,insufficient_pixels,22.20085054381192,only 919 image pixels; need 2500 for a reliable grid,,,,,,,,,,,
1116,0,unknown,insufficient_pixels,24.083757424273795,only 1404 image pixels; need 2500 for a reliable grid,,,,,,,,,,,
1117,5865,unknown,unresolved,28.099319358241264,both pitches match a module short axis; ambiguous,80.0,14.0,0.7316786825759116,170.0,13.0,0.3714471341529363,0.921,0.93,0.294,0.956,
1118,0,unknown,no_plane_fit,77.3836254765268,no usable lidar plane fit,,,,,,,,,,,
1119,13464,unknown,unresolved,19.711603358203742,both pitches match a module long axis; ambiguous,110.0,19.0,0.683515652597271,20.0,20.0,0.4227153986058184,1.269,1.311,0.846,0.533,
1120,4612,landscape,long_axis_measured,12.540503049774925,,150.0,12.0,0.6233193441974877,60.0,26.0,0.3483886023658927,0.779,1.666,0.931,0.365,0.365
1121,7699,landscape,short_axis_inferred,18.68435222418711,,150.0,12.0,0.7853856527726207,60.0,36.0,0.1013975399977507,0.8,2.34,0.899,0.438,0.438
1122,0,unknown,insufficient_pixels,15.702660710624398,only 2004 image pixels; need 2500 for a reliable grid,,,,,,,,,,,
1123,12794,landscape,long_axis_measured,22.758022541705923,,140.0,16.0,0.6027205250297735,50.0,29.0,0.2898144926091869,1.101,1.861,0.991,0.132,0.132
1124,3776,unknown,unresolved,13.972972662419345,both pitches match a module long axis; ambiguous,140.0,30.0,0.8063320133032438,50.0,19.0,0.5802373397534281,1.962,1.212,0.986,0.165,
1125,9926,portrait,short_axis_inferred,29.34431205274837,,160.0,13.0,0.5173113768973919,70.0,37.0,0.0255067911909009,0.891,2.625,0.575,0.818,0.818
1126,5790,unknown,unresolved,13.749936312465293,both pitches match a module short axis; ambiguous,140.0,13.0,0.6889920521947789,50.0,13.0,0.4277592103031054,0.849,0.831,0.976,0.218,
1127,3102,portrait,long_axis_measured,23.78143269880413,,120.0,29.0,0.48864910555216834,30.0,37.0,0.2550521429200843,1.999,2.426,0.929,0.369,0.929
1128,3849,unknown,unresolved,33.85608769479998,both pitches match a module short axis; ambiguous,80.0,13.0,0.6945115078161321,170.0,11.0,0.18619365418639228,0.875,0.831,0.335,0.942,
1129,5418,landscape,long_axis_measured,17.399825082274187,,130.0,13.0,0.7375357508867261,40.0,25.0,0.4961092332403297,0.863,1.61,0.954,0.301,0.301
1130,3422,unknown,unresolved,31.203761014382422,both pitches match a module long axis; ambiguous,150.0,24.0,0.7166426923963278,60.0,19.0,0.037491643177942006,1.543,1.41,0.085,0.996,
1131,0,unknown,no_plane_fit,52.9854406144127,no usable lidar plane fit,,,,,,,,,,,
1132,7216,unknown,unresolved,19.39653410047013,both pitches match a module short axis; ambiguous,30.0,12.0,0.4361663552185358,120.0,12.0,0.3417632320704256,0.782,0.803,0.451,0.893,
1133,8206,portrait,long_axis_measured,11.608321382000236,,70.0,11.0,0.6478093900658349,160.0,32.0,0.4701392318507432,0.71,2.057,0.806,0.591,0.591
1134,0,unknown,no_plane_fit,34.90618955551199,no usable lidar plane fit,,,,,,,,,,,
1135,2540,landscape,long_axis_measured,42.30830219383772,,160.0,24.0,0.5432413729891559,70.0,37.0,0.1635759827138461,1.64,3.136,0.271,0.963,0.271
1136,20760,unknown,unresolved,7.058089332155302,both pitches match a module long axis; ambiguous,130.0,27.0,0.3654466070860495,40.0,27.0,0.2273107861778908,1.727,1.719,0.948,0.317,
1137,5571,unknown,unresolved,18.44666190260988,both pitches match a module short axis; ambiguous,120.0,12.0,0.4483888019049638,30.0,16.0,0.4055836259839079,0.779,1.066,0.427,0.904,
1138,0,unknown,insufficient_pixels,11.269122900873509,only 1616 image pixels; need 2500 for a reliable grid,,,,,,,,,,,
1139,0,unknown,insufficient_pixels,21.0284695103414,only 1330 image pixels; need 2500 for a reliable grid,,,,,,,,,,,
1140,6014,landscape,short_axis_inferred,16.747772246903008,,120.0,12.0,0.6324291210694171,30.0,36.0,0.2632384328152455,0.792,2.33,0.895,0.445,0.445
1141,0,unknown,flat_or_low_tilt,3.471680273535456,tilt 3.5 deg < 5: no defined slope direction,,,,,,,,,,,
1142,3879,portrait,short_axis_inferred,15.92059126393553,,80.0,14.0,0.59941484849091,170.0,39.0,0.37257294935723323,0.9,2.57,0.321,0.947,0.947
1143,0,unknown,no_plane_fit,72.42431580988936,no usable lidar plane fit,,,,,,,,,,,
1144,4961,unknown,unresolved,27.311015983352537,both pitches match a module short axis; ambiguous,120.0,12.0,0.6827643102827111,30.0,12.0,0.3833573985560906,0.849,0.798,0.916,0.401,
1145,3250,unknown,unresolved,31.202560824112407,both pitches match a module short axis; ambiguous,130.0,13.0,0.6023125229547442,40.0,14.0,0.3160204183005323,0.959,0.925,0.963,0.268,
1146,0,unknown,flat_or_low_tilt,0.3560723390127463,tilt 0.4 deg < 5: no defined slope direction,,,,,,,,,,,
1147,0,unknown,no_plane_fit,10.82389813874728,no usable lidar plane fit,,,,,,,,,,,
1148,5269,unknown,unresolved,18.35049484862108,both pitches match a module short axis; ambiguous,130.0,14.0,0.360990112816907,40.0,13.0,0.1817862695839536,0.935,0.837,0.963,0.27,
1149,4640,landscape,long_axis_measured,29.402582387002937,,120.0,24.0,0.3976982876507666,30.0,12.0,0.2688919201633269,1.604,0.865,0.387,0.922,0.387
1150,5486,landscape,short_axis_inferred,40.39305345265505,,120.0,12.0,0.3861939975262274,30.0,41.0,-0.1451495611473565,0.965,2.932,0.883,0.47,0.47
1151,5224,unknown,unresolved,18.318576728012147,both pitches match a module short axis; ambiguous,120.0,14.0,0.6958518516969575,30.0,12.0,0.281597369630245,0.931,0.78,0.89,0.456,
1152,2871,landscape,long_axis_measured,17.950059343787565,,120.0,12.0,0.9064857235572775,30.0,22.0,0.16590416131389923,0.796,1.43,0.883,0.469,0.469
1153,6818,unknown,unresolved,10.381661573465394,"no pitch within 30% of 1.65 m or 0.99 m; likely row pitch, not module pitch",80.0,40.0,0.6550843578109304,170.0,38.0,0.0645607046777507,2.582,2.414,1.0,0.03,
1154,0,unknown,insufficient_pixels,17.96058860248093,only 1568 image pixels; need 2500 for a reliable grid,,,,,,,,,,,
1155,4568,landscape,long_axis_measured,22.56673846156283,,120.0,12.0,0.6337578738964215,30.0,28.0,0.3793628779368577,0.819,1.838,0.906,0.424,0.424
1156,10560,unknown,unresolved,25.271392539453466,both pitches match a module short axis; ambiguous,130.0,13.0,0.5668763128710285,40.0,12.0,0.1290917078417602,0.904,0.794,0.905,0.426,
1157,0,unknown,insufficient_pixels,22.254150435692527,only 2330 image pixels; need 2500 for a reliable grid,,,,,,,,,,,
1158,0,unknown,no_plane_fit,21.394515527235445,no usable lidar plane fit,,,,,,,,,,,
1159,4012,portrait,short_axis_inferred,5.670167141423946,,40.0,36.0,0.4412091129037782,130.0,13.0,0.3029834961771148,2.297,0.827,0.967,0.255,0.967
1160,0,unknown,no_plane_fit,33.199410759999346,no usable lidar plane fit,,,,,,,,,,,
1161,0,unknown,no_plane_fit,59.9914784943871,no usable lidar plane fit,,,,,,,,,,,
1162,5449,portrait,long_axis_measured,24.64667733385894,,40.0,30.0,0.5145437156098365,130.0,35.0,-0.0974565361536383,2.09,2.27,0.973,0.231,0.973
1163,0,unknown,insufficient_pixels,9.5821301272071,only 1851 image pixels; need 2500 for a reliable grid,,,,,,,,,,,
1164,0,unknown,insufficient_pixels,9.34576739120257,only 1962 image pixels; need 2500 for a reliable grid,,,,,,,,,,,
1165,0,unknown,insufficient_pixels,10.476339338078375,only 1679 image pixels; need 2500 for a reliable grid,,,,,,,,,,,
1166,3837,landscape,long_axis_measured,16.01216667779395,,40.0,11.0,0.5724425134542164,130.0,29.0,0.1292021551636899,0.726,1.855,0.983,0.183,0.183
1167,5019,landscape,long_axis_measured,27.0332316893674,,140.0,26.0,0.562335808392863,50.0,11.0,0.2211693579606175,1.659,0.784,0.041,0.999,0.041
1168,0,unknown,flat_or_low_tilt,2.704042005005693,tilt 2.7 deg < 5: no defined slope direction,,,,,,,,,,,
1169,0,unknown,insufficient_pixels,21.195127785532588,only 1257 image pixels; need 2500 for a reliable grid,,,,,,,,,,,
1170,10204,unknown,unresolved,20.690698580553665,both pitches match a module long axis; ambiguous,40.0,19.0,0.6203852334818476,130.0,25.0,0.4063622870218354,1.287,1.612,0.973,0.232,
1171,0,unknown,no_plane_fit,46.32214585037436,no usable lidar plane fit,,,,,,,,,,,
1172,5787,landscape,long_axis_measured,34.2979589429133,,130.0,11.0,0.8836894411665677,40.0,27.0,0.1621869388016575,0.844,1.754,0.992,0.128,0.128
1173,0,unknown,no_plane_fit,8.905735557492727,no usable lidar plane fit,,,,,,,,,,,
1174,0,unknown,flat_or_low_tilt,1.9984866662540528,tilt 2.0 deg < 5: no defined slope direction,,,,,,,,,,,
1175,0,unknown,insufficient_pixels,28.289598105015312,only 1698 image pixels; need 2500 for a reliable grid,,,,,,,,,,,
1176,0,unknown,insufficient_pixels,27.740601225288284,only 1801 image pixels; need 2500 for a reliable grid,,,,,,,,,,,
1177,6118,unknown,unresolved,29.393173242675207,both pitches match a module long axis; ambiguous,130.0,25.0,0.585551363328916,40.0,19.0,0.350504060957519,1.646,1.377,0.275,0.961,
1178,3995,landscape,long_axis_measured,31.445336979651863,,130.0,13.0,0.903567080584993,40.0,29.0,0.2020730671168554,0.962,1.913,0.967,0.254,0.254
1179,0,unknown,insufficient_pixels,34.895959478871,only 1721 image pixels; need 2500 for a reliable grid,,,,,,,,,,,
1180,6843,unknown,unresolved,11.746662797040733,both pitches match a module short axis; ambiguous,40.0,13.0,0.5460907163200711,130.0,13.0,0.2345528986805484,0.843,0.83,0.967,0.256,
1181,0,unknown,insufficient_pixels,40.20973948196109,only 2452 image pixels; need 2500 for a reliable grid,,,,,,,,,,,
1182,0,unknown,insufficient_pixels,38.22886786015603,only 2140 image pixels; need 2500 for a reliable grid,,,,,,,,,,,
1183,6620,unknown,unresolved,34.609648246245584,both pitches match a module short axis; ambiguous,120.0,12.0,0.7761940764914689,30.0,12.0,0.4966625018141014,0.906,0.826,0.9,0.436,
1184,4498,unknown,unresolved,36.93660875211056,both pitches match a module short axis; ambiguous,130.0,13.0,0.6704264172748681,40.0,13.0,0.3510348619543393,1.024,0.872,0.965,0.263,
1185,11088,unknown,unresolved,14.196664486560907,both pitches match a module short axis; ambiguous,120.0,12.0,0.6243925533118632,30.0,12.0,0.3399077129242226,0.784,0.772,0.915,0.404,
1186,3417,unknown,unresolved,18.30203712594283,both pitches match a module short axis; ambiguous,120.0,12.0,0.9225290699929803,30.0,17.0,0.35603915224786437,0.798,1.105,0.889,0.458,
1187,0,unknown,no_plane_fit,57.58187984314896,no usable lidar plane fit,,,,,,,,,,,
1188,2768,landscape,long_axis_measured,14.899463781455012,,120.0,12.0,0.9477942136460996,30.0,25.0,-0.17108458995293313,0.785,1.612,0.888,0.459,0.459
1189,0,unknown,no_plane_fit,33.559400560399766,no usable lidar plane fit,,,,,,,,,,,
1190,3786,landscape,long_axis_measured,18.080269761948745,,120.0,12.0,0.9785915810956645,30.0,23.0,-0.02909961064506647,0.797,1.496,0.878,0.479,0.479
1191,2746,portrait,long_axis_measured,20.95072924618286,,70.0,19.0,0.30824627943268296,160.0,16.0,0.09663809161361087,1.287,1.038,0.95,0.314,0.95
1192,0,unknown,insufficient_pixels,9.932061798630912,only 2300 image pixels; need 2500 for a reliable grid,,,,,,,,,,,
1193,3869,unknown,unresolved,17.235178629784375,both pitches match a module long axis; ambiguous,160.0,31.0,0.577711277535298,70.0,19.0,-0.062343782461738245,1.997,1.26,0.316,0.949,
1194,0,unknown,insufficient_pixels,29.421088550373398,only 2258 image pixels; need 2500 for a reliable grid,,,,,,,,,,,
1195,2793,landscape,long_axis_measured,17.99282197017417,,120.0,12.0,0.9661102705309127,30.0,21.0,0.14373104164917921,0.796,1.365,0.884,0.468,0.468
1196,6631,landscape,long_axis_measured,18.6498320817092,,30.0,14.0,0.6202581172300876,120.0,28.0,0.482562327172088,0.933,1.821,0.893,0.45,0.45
1197,6426,landscape,long_axis_measured,21.52656039343088,,160.0,31.0,0.701274958805521,70.0,33.0,-0.0819789162537951,2.002,2.248,0.24,0.971,0.24
1198,9336,unknown,unresolved,13.73882237435222,both pitches match a module short axis; ambiguous,120.0,12.0,0.6566285771054536,30.0,12.0,0.3791361578289636,0.782,0.773,0.877,0.48,
1199,7765,unknown,unresolved,26.74067945553732,both pitches match a module short axis; ambiguous,120.0,12.0,0.6300280279071413,30.0,12.0,0.420443593301171,0.804,0.84,0.492,0.871,
1200,4094,portrait,short_axis_inferred,21.005716211450142,,120.0,12.0,0.6354533115408426,30.0,39.0,0.0169018182177629,0.807,2.569,0.842,0.54,0.54
1201,3621,portrait,long_axis_measured,23.36567917169318,,0.0,30.0,0.46912726387998543,90.0,38.0,-0.039563060191405555,2.037,2.541,0.789,0.614,0.789
1202,4658,landscape,long_axis_measured,21.67447173311388,,170.0,18.0,0.3570235202167552,80.0,17.0,0.3022166727447392,1.176,1.154,0.397,0.918,0.397
1203,0,unknown,no_plane_fit,21.13194193185625,no usable lidar plane fit,,,,,,,,,,,
1204,2945,landscape,long_axis_measured,33.61212894188773,,80.0,30.0,0.49437847946201985,170.0,37.0,0.03867947744254988,2.047,2.771,0.414,0.91,0.414
1205,6446,landscape,long_axis_measured,19.742862241307268,,130.0,26.0,0.4501714141185717,40.0,13.0,0.2862654686171067,1.68,0.875,0.29,0.957,0.29
1206,4387,landscape,short_axis_inferred,14.232602216755485,,30.0,12.0,0.576364953172515,120.0,38.0,0.1122802608102594,0.784,2.446,0.898,0.441,0.441
1207,6262,unknown,unresolved,13.778257264707552,both pitches match a module short axis; ambiguous,120.0,12.0,0.5833514644637554,30.0,12.0,0.4245319318478357,0.782,0.772,0.885,0.465,
1208,4652,landscape,short_axis_inferred,15.743227465808184,,30.0,12.0,0.7492355787689762,120.0,34.0,0.3907547251392496,0.788,2.2,0.871,0.491,0.491
1209,5203,unknown,unresolved,14.403454958376686,both pitches match a module long axis; ambiguous,80.0,22.0,0.8657000028959684,170.0,20.0,0.4363019551603445,1.414,1.308,0.388,0.922,
1210,3430,unknown,unresolved,14.812202212608923,both pitches match a module long axis; ambiguous,160.0,21.0,0.6683962973542319,70.0,31.0,0.006689589912337754,1.341,2.035,0.159,0.987,
1211,5337,landscape,long_axis_measured,22.07790080151712,,120.0,16.0,0.6206049144968677,30.0,23.0,0.2395233308417107,1.086,1.514,0.875,0.484,0.484
1212,0,unknown,no_plane_fit,42.59397035303147,no usable lidar plane fit,,,,,,,,,,,
1213,5627,landscape,short_axis_inferred,31.54379157786872,,130.0,11.0,0.6062973927576474,40.0,35.0,0.2415568333899273,0.815,2.31,0.967,0.256,0.256
1214,5095,landscape,short_axis_inferred,22.712017737577696,,120.0,12.0,0.5883943210236179,30.0,34.0,0.0184588857835286,0.821,2.221,0.934,0.358,0.358
1215,5718,unknown,unresolved,22.6080376352144,both pitches match a module short axis; ambiguous,140.0,11.0,0.54575369073835,50.0,11.0,0.258709310414205,0.757,0.699,1.0,0.015,
1216,4515,unknown,unresolved,16.29509507352017,both pitches match a module short axis; ambiguous,120.0,12.0,0.7971767203555828,30.0,12.0,-0.01023359173906,0.791,0.775,0.904,0.427,
1217,7702,landscape,long_axis_measured,27.288403888913543,,30.0,12.0,0.587600914496851,120.0,25.0,0.4773411671689829,0.846,1.672,0.892,0.452,0.452
1218,0,unknown,insufficient_pixels,18.579488766066152,only 2178 image pixels; need 2500 for a reliable grid,,,,,,,,,,,
1219,0,unknown,insufficient_pixels,18.72559095563688,only 1206 image pixels; need 2500 for a reliable grid,,,,,,,,,,,
1220,3590,landscape,long_axis_measured,18.544959057621615,,130.0,26.0,0.6114700596967406,40.0,13.0,0.3461472553334066,1.676,0.869,0.291,0.957,0.291
1221,10670,unknown,unresolved,12.510864399998322,both pitches match a module short axis; ambiguous,120.0,12.0,0.6289553244667914,30.0,12.0,0.1247894962642363,0.779,0.77,0.904,0.428,
1222,0,unknown,insufficient_pixels,13.337654788900156,only 2112 image pixels; need 2500 for a reliable grid,,,,,,,,,,,
1223,0,unknown,insufficient_pixels,11.3224024127475,only 2282 image pixels; need 2500 for a reliable grid,,,,,,,,,,,
1224,0,unknown,insufficient_pixels,13.08234247355175,only 1077 image pixels; need 2500 for a reliable grid,,,,,,,,,,,
1225,7999,landscape,short_axis_inferred,18.315569734254773,,130.0,16.0,0.5897597244605144,40.0,36.0,0.1385102278374401,1.069,2.309,0.981,0.195,0.195
1226,3222,unknown,unresolved,32.370437515834645,both pitches match a module long axis; ambiguous,40.0,19.0,0.7461710189027917,130.0,30.0,-0.08824654593399714,1.424,1.964,0.981,0.193,
1227,3712,landscape,short_axis_inferred,14.381419456972475,,130.0,13.0,0.5912804966029348,40.0,38.0,0.2503837767082315,0.851,2.433,0.965,0.262,0.262
1228,0,unknown,insufficient_pixels,22.022889211724124,only 1594 image pixels; need 2500 for a reliable grid,,,,,,,,,,,
1229,0,unknown,insufficient_pixels,23.66719544073027,only 2220 image pixels; need 2500 for a reliable grid,,,,,,,,,,,
1230,5793,landscape,short_axis_inferred,10.432962799191309,,130.0,16.0,0.6164185034016293,40.0,38.0,0.1672688515800541,1.033,2.422,0.975,0.224,0.224
1231,4552,landscape,long_axis_measured,8.356394988905066,,130.0,16.0,0.957524976300721,40.0,21.0,-0.0077232469487863,1.027,1.336,0.982,0.19,0.19
1232,0,unknown,insufficient_pixels,26.256828160890574,only 1412 image pixels; need 2500 for a reliable grid,,,,,,,,,,,
1233,0,unknown,insufficient_pixels,33.51025133469282,only 1822 image pixels; need 2500 for a reliable grid,,,,,,,,,,,
1234,6282,unknown,unresolved,26.499468313458983,both pitches match a module short axis; ambiguous,40.0,13.0,0.6181713297621874,130.0,17.0,0.3203313346796639,0.92,1.103,0.98,0.199,
1235,3327,landscape,long_axis_measured,17.939564513078157,,130.0,16.0,0.8125899249627404,40.0,25.0,0.5657354206131132,1.067,1.605,0.974,0.227,0.227
1236,5348,landscape,long_axis_measured,26.068365294013635,,50.0,11.0,0.5493415363540189,140.0,28.0,0.0996450240576246,0.778,1.782,1.0,0.02,0.02
1237,3089,landscape,long_axis_measured,27.952545056456145,,150.0,28.0,0.6776171587422284,60.0,31.0,-0.14680568652534862,1.833,2.219,0.257,0.966,0.257
1238,5883,unknown,unresolved,20.43336658778266,no periodic peak in one or both directions,0.0,36.0,0.1495981046595149,90.0,,,,,,,
1239,2607,unknown,unresolved,21.01678645277037,both pitches match a module long axis; ambiguous,170.0,26.0,0.4155872155623816,80.0,30.0,0.0639581317246788,1.766,1.931,0.98,0.199,
1240,3648,portrait,long_axis_measured,22.2967506844918,,140.0,36.0,0.8286055247364451,50.0,20.0,-0.08614111974947747,2.383,1.355,0.544,0.839,0.839
1241,0,unknown,insufficient_pixels,23.117388225036706,only 2430 image pixels; need 2500 for a reliable grid,,,,,,,,,,,
1242,0,unknown,flat_or_low_tilt,1.464410247765915,tilt 1.5 deg < 5: no defined slope direction,,,,,,,,,,,
1243,2598,portrait,long_axis_measured,20.154894406549964,,80.0,12.0,0.6342365461673709,170.0,24.0,0.16624249224069257,0.778,1.617,0.343,0.939,0.939
1244,0,unknown,insufficient_pixels,21.011580119650382,only 2422 image pixels; need 2500 for a reliable grid,,,,,,,,,,,
1245,0,unknown,insufficient_pixels,33.37632964521173,only 1358 image pixels; need 2500 for a reliable grid,,,,,,,,,,,
1246,3172,portrait,long_axis_measured,33.06815006739802,,170.0,14.0,0.8421363748302465,80.0,23.0,0.31533746325479123,0.936,1.726,0.311,0.95,0.95
1247,3988,portrait,long_axis_measured,25.850462905912924,,80.0,26.0,0.6013299596306394,170.0,16.0,0.5289280972446291,1.828,1.043,0.967,0.256,0.967
1248,0,unknown,insufficient_pixels,20.756020654674227,only 1386 image pixels; need 2500 for a reliable grid,,,,,,,,,,,
1249,0,unknown,no_plane_fit,60.70256982377778,no usable lidar plane fit,,,,,,,,,,,
1250,9711,unknown,unresolved,33.59475154112768,"no pitch within 30% of 1.65 m or 0.99 m; likely row pitch, not module pitch",120.0,34.0,0.5366417773425777,30.0,34.0,0.224923985956305,2.559,2.294,0.936,0.353,
1251,12863,unknown,unresolved,20.135506422303497,no periodic peak in one or both directions,20.0,25.0,0.0970956662430706,110.0,,,,,,,
1252,7620,portrait,long_axis_measured,22.077902348120595,,80.0,13.0,0.8153428926747649,170.0,31.0,0.7084858047131646,0.842,2.118,0.273,0.962,0.962
1253,16626,portrait,long_axis_measured,21.938722763544384,,170.0,14.0,0.8042230722458058,80.0,26.0,0.4591098007675405,0.911,1.772,0.332,0.943,0.943
1254,0,unknown,insufficient_pixels,25.54694839096352,only 2101 image pixels; need 2500 for a reliable grid,,,,,,,,,,,
1255,2939,portrait,short_axis_inferred,27.39504636985972,,170.0,35.0,0.43926863722078385,80.0,14.0,0.4288943414673968,2.494,0.914,0.971,0.24,0.971
1256,5652,portrait,long_axis_measured,45.75261707674154,,80.0,16.0,0.5052210427686775,170.0,16.0,0.4691565818031763,1.112,1.43,0.285,0.959,0.959
1257,0,unknown,no_plane_fit,,no usable lidar plane fit,,,,,,,,,,,
1258,0,unknown,no_plane_fit,,no usable lidar plane fit,,,,,,,,,,,
1259,0,unknown,no_plane_fit,,no usable lidar plane fit,,,,,,,,,,,
1260,0,unknown,no_plane_fit,,no usable lidar plane fit,,,,,,,,,,,
1261,3110,portrait,long_axis_measured,21.87469849478348,,80.0,36.0,0.42703240606870335,170.0,25.0,0.23069856753735615,2.344,1.703,0.344,0.939,0.939
1262,4142,unknown,unresolved,21.64669521684777,both pitches match a module long axis; ambiguous,120.0,31.0,0.4540128985113571,30.0,23.0,0.3933976608074257,2.019,1.564,0.355,0.935,
1263,0,unknown,insufficient_pixels,17.811366875495278,only 1614 image pixels; need 2500 for a reliable grid,,,,,,,,,,,
1264,4076,unknown,unresolved,16.187303339620666,both pitches match a module long axis; ambiguous,170.0,25.0,0.5155396420650198,80.0,25.0,0.2117870975744138,1.608,1.649,0.327,0.945,
1265,3800,portrait,long_axis_measured,10.5361622274686,,110.0,20.0,0.5005515310601313,20.0,37.0,0.016585760919914396,1.291,2.359,0.972,0.234,0.972
1266,0,unknown,flat_or_low_tilt,3.848488423176907,tilt 3.8 deg < 5: no defined slope direction,,,,,,,,,,,
1267,0,unknown,flat_or_low_tilt,1.8326684448644173,tilt 1.8 deg < 5: no defined slope direction,,,,,,,,,,,
1268,0,unknown,insufficient_pixels,5.213312553822491,only 1792 image pixels; need 2500 for a reliable grid,,,,,,,,,,,
1269,0,unknown,flat_or_low_tilt,4.686277129287116,tilt 4.7 deg < 5: no defined slope direction,,,,,,,,,,,
1270,5861,landscape,long_axis_measured,16.61602078013762,,80.0,25.0,0.6289316656834072,170.0,14.0,0.1108574684855751,1.608,0.926,0.303,0.953,0.303
1271,6934,unknown,unresolved,29.50716967765816,both pitches match a module short axis; ambiguous,80.0,16.0,0.3833233402825559,170.0,14.0,0.1871177485777114,1.064,1.012,0.346,0.938,
1272,0,unknown,insufficient_pixels,30.73299196383872,only 1722 image pixels; need 2500 for a reliable grid,,,,,,,,,,,
1273,5066,landscape,long_axis_measured,24.709583234727845,,80.0,14.0,0.8912770516433479,170.0,24.0,-0.08772956587695,0.978,1.541,0.992,0.123,0.123
1274,4190,unknown,unresolved,36.71456170765498,both pitches match a module short axis; ambiguous,80.0,14.0,0.8764637094557062,170.0,11.0,0.1917251928127415,0.946,0.861,0.302,0.953,
1275,0,unknown,no_plane_fit,28.63831572324816,no usable lidar plane fit,,,,,,,,,,,
1276,0,unknown,no_plane_fit,6.906744465772994,no usable lidar plane fit,,,,,,,,,,,
1277,4770,unknown,unresolved,18.419416889662525,both pitches match a module long axis; ambiguous,20.0,28.0,0.4507564841937516,110.0,26.0,-0.2076973683433769,1.872,1.666,0.984,0.179,
1278,4998,portrait,long_axis_measured,26.13351462416723,,150.0,12.0,0.5687569989320109,60.0,19.0,0.0576178195324247,0.799,1.328,0.452,0.892,0.892
1279,0,unknown,insufficient_pixels,46.298298724380565,only 1432 image pixels; need 2500 for a reliable grid,,,,,,,,,,,
1280,3482,unknown,unresolved,44.067865618285616,both pitches match a module short axis; ambiguous,150.0,12.0,0.5171993662279905,60.0,13.0,0.4444654995705907,0.87,1.104,0.441,0.897,
1281,0,unknown,no_plane_fit,21.61255677382745,no usable lidar plane fit,,,,,,,,,,,
1282,5388,portrait,long_axis_measured,19.62277154816959,,80.0,13.0,0.3976532908604032,170.0,24.0,0.2722539138984715,0.841,1.613,0.318,0.948,0.948
1283,8263,portrait,long_axis_measured,21.068126918621825,,80.0,13.0,0.4045275700877269,170.0,24.0,-0.012161666886363,0.844,1.626,0.336,0.942,0.942
1284,7398,unknown,unresolved,14.134219019977005,both pitches match a module short axis; ambiguous,80.0,13.0,0.3639046041478265,170.0,13.0,0.3330103202827159,0.848,0.837,0.889,0.457,
1285,2844,unknown,unresolved,24.36324470797436,both pitches match a module short axis; ambiguous,80.0,15.0,0.7727834428453352,170.0,13.0,0.24287184007563858,0.986,0.9,0.382,0.924,
1286,5164,landscape,long_axis_measured,17.77651266445984,,140.0,13.0,0.5214902771029174,50.0,27.0,0.125048957045975,0.865,1.738,0.96,0.28,0.28
1287,5508,unknown,unresolved,35.116833792588594,no periodic peak in one or both directions,170.0,25.0,0.1866377225593884,80.0,,,,,,,
1288,4571,unknown,unresolved,19.73684576403373,both pitches match a module short axis; ambiguous,60.0,14.0,0.6255017883822499,150.0,17.0,0.4701306950544557,0.937,1.112,0.865,0.502,
1289,3314,landscape,long_axis_measured,18.38710786652248,,60.0,14.0,0.6229311248423941,150.0,24.0,0.5613626755796578,0.93,1.563,0.871,0.492,0.492
1290,2997,portrait,long_axis_measured,14.822463994897742,,90.0,19.0,0.5333713705239053,0.0,41.0,0.1541865309225219,1.242,2.649,0.857,0.515,0.857
1291,3804,unknown,unresolved,23.80139270156197,both pitches match a module short axis; ambiguous,120.0,13.0,0.49357157616229425,30.0,13.0,0.04872041668831318,0.863,0.89,0.513,0.858,
1292,2824,portrait,long_axis_measured,18.09677915656285,,110.0,18.0,0.8788917323183224,20.0,12.0,0.1425937623958809,1.179,0.793,0.624,0.782,0.624
1293,0,unknown,insufficient_pixels,17.389345269077065,only 2172 image pixels; need 2500 for a reliable grid,,,,,,,,,,,
1294,7665,unknown,unresolved,18.323522173903765,both pitches match a module short axis; ambiguous,50.0,13.0,0.3550506922209153,140.0,17.0,0.3104643629550259,0.869,1.085,0.995,0.099,
1295,0,unknown,insufficient_pixels,16.592247016135605,only 940 image pixels; need 2500 for a reliable grid,,,,,,,,,,,
1296,0,unknown,insufficient_pixels,15.960004415642729,only 1722 image pixels; need 2500 for a reliable grid,,,,,,,,,,,
1297,5138,unknown,unresolved,31.091723110848537,both pitches match a module short axis; ambiguous,120.0,12.0,0.4601251356767151,30.0,12.0,0.3792329692414379,0.81,0.877,0.411,0.912,
1298,6725,unknown,unresolved,23.605529187088024,both pitches match a module long axis; ambiguous,10.0,31.0,0.3002202877354967,100.0,28.0,0.2650593925574345,2.031,1.928,0.366,0.931,
1299,2686,unknown,unresolved,31.56152035615371,"no pitch within 30% of 1.65 m or 0.99 m; likely row pitch, not module pitch",120.0,30.0,0.2662562065578288,30.0,34.0,0.08436829567751189,2.194,2.315,0.891,0.455,
1300,3132,portrait,long_axis_measured,14.226432435705986,,70.0,17.0,0.7366111674132073,160.0,27.0,0.7154558058123865,1.103,1.753,0.695,0.719,0.719
1301,3284,portrait,short_axis_inferred,27.276444601453612,,150.0,11.0,0.517918102204653,60.0,40.0,0.16084615613057393,0.765,2.731,0.778,0.628,0.628
1302,0,unknown,insufficient_pixels,24.97774584248928,only 1310 image pixels; need 2500 for a reliable grid,,,,,,,,,,,
1303,0,unknown,insufficient_pixels,19.877393622283098,only 2299 image pixels; need 2500 for a reliable grid,,,,,,,,,,,
1304,5236,landscape,long_axis_measured,15.486086927927538,,140.0,13.0,0.7654029814637253,50.0,30.0,0.1400369023413877,0.856,1.922,0.971,0.238,0.238
1305,0,unknown,insufficient_pixels,22.07203867969576,only 1705 image pixels; need 2500 for a reliable grid,,,,,,,,,,,
1306,2739,portrait,long_axis_measured,21.614508302056787,,90.0,41.0,0.7517811375180441,0.0,17.0,0.540328989239363,2.609,1.161,0.032,0.999,0.999
1307,0,unknown,insufficient_pixels,23.998708564765693,only 1566 image pixels; need 2500 for a reliable grid,,,,,,,,,,,
1308,0,unknown,flat_or_low_tilt,2.7301551600175302,tilt 2.7 deg < 5: no defined slope direction,,,,,,,,,,,
1309,4576,portrait,short_axis_inferred,28.884784362360087,,110.0,14.0,0.5854539202051576,20.0,32.0,0.2059888589485464,0.967,2.244,0.649,0.761,0.761
1310,7339,portrait,long_axis_measured,18.33574560660133,,100.0,28.0,0.7663433093497748,10.0,15.0,0.5706836693256313,1.865,0.972,0.916,0.4,0.916
1311,5870,unknown,unresolved,11.188772860326234,both pitches match a module short axis; ambiguous,110.0,16.0,0.3722729136454251,20.0,12.0,0.3114888110345477,1.027,0.774,0.562,0.827,
1312,0,unknown,insufficient_pixels,30.97701666692117,only 1246 image pixels; need 2500 for a reliable grid,,,,,,,,,,,
1313,0,unknown,insufficient_pixels,18.136743574281923,only 2034 image pixels; need 2500 for a reliable grid,,,,,,,,,,,
1314,0,unknown,insufficient_pixels,16.265622490721583,only 1984 image pixels; need 2500 for a reliable grid,,,,,,,,,,,
1315,6115,portrait,long_axis_measured,39.54595460956303,,100.0,14.0,0.5865432596838548,10.0,17.0,0.3293336263160341,0.936,1.39,0.219,0.976,0.976
1316,0,unknown,insufficient_pixels,11.4380344177338,only 1144 image pixels; need 2500 for a reliable grid,,,,,,,,,,,
1317,0,unknown,flat_or_low_tilt,0.2284093014986088,tilt 0.2 deg < 5: no defined slope direction,,,,,,,,,,,
1318,4220,unknown,unresolved,24.266092940409628,both pitches match a module short axis; ambiguous,30.0,11.0,0.5966125045060217,120.0,15.0,0.3433795008026302,0.756,0.998,0.858,0.514,
1319,3412,portrait,long_axis_measured,10.461007415641138,,120.0,11.0,0.8705185864585966,30.0,28.0,0.1675598630044929,0.708,1.795,0.823,0.568,0.568
1320,3317,landscape,long_axis_measured,19.99701491124685,,130.0,11.0,0.8296302725081096,40.0,27.0,0.5880286357131884,0.743,1.732,0.986,0.169,0.169
1321,5441,landscape,long_axis_measured,11.270276719774468,,120.0,12.0,0.71980298290134,30.0,28.0,0.4906053376707889,0.775,1.793,0.894,0.448,0.448
1322,0,unknown,insufficient_pixels,12.24221544402344,only 1689 image pixels; need 2500 for a reliable grid,,,,,,,,,,,
1323,0,unknown,flat_or_low_tilt,0.952586959980838,tilt 1.0 deg < 5: no defined slope direction,,,,,,,,,,,
1324,3746,portrait,long_axis_measured,22.15755670687564,,130.0,13.0,0.685689423887742,40.0,29.0,0.5611542108667598,0.836,1.986,0.162,0.987,0.987
1325,0,unknown,insufficient_pixels,29.287241557917746,only 1468 image pixels; need 2500 for a reliable grid,,,,,,,,,,,
1326,0,unknown,insufficient_pixels,28.9779818021275,only 725 image pixels; need 2500 for a reliable grid,,,,,,,,,,,
1327,6400,landscape,long_axis_measured,13.430875537396988,,40.0,15.0,0.4893647830833726,130.0,31.0,0.398740436897267,0.979,1.979,0.982,0.191,0.191
1328,4674,landscape,short_axis_inferred,16.74606121538913,,130.0,17.0,0.7052309809284285,40.0,37.0,0.1551083583221834,1.125,2.377,0.961,0.275,0.275
1329,5732,unknown,unresolved,36.28454766281024,both pitches match a module long axis; ambiguous,40.0,17.0,0.4762769434739698,130.0,28.0,0.0883365982627583,1.335,1.832,0.988,0.152,
1330,2661,landscape,long_axis_measured,11.915932181506443,,130.0,17.0,0.8016336000733656,40.0,28.0,0.3974016681394168,1.103,1.785,0.984,0.179,0.179
1331,0,unknown,flat_or_low_tilt,0.3885049977161837,tilt 0.4 deg < 5: no defined slope direction,,,,,,,,,,,
1332,18723,unknown,unresolved,19.06660358016848,both pitches match a module short axis; ambiguous,40.0,17.0,0.4614050673146534,130.0,13.0,0.1141228845324791,1.141,0.832,0.989,0.146,
1333,2936,landscape,short_axis_inferred,14.120491927241828,,130.0,11.0,0.48080985906588375,40.0,38.0,0.08197324123828463,0.72,2.429,0.975,0.221,0.221
1334,0,unknown,insufficient_pixels,13.494741239272116,only 1008 image pixels; need 2500 for a reliable grid,,,,,,,,,,,
1335,9718,unknown,unresolved,27.01740287214656,both pitches match a module short axis; ambiguous,140.0,11.0,0.4327270708735699,50.0,11.0,0.3621143455239034,0.701,0.784,0.035,0.999,
1336,0,unknown,insufficient_pixels,23.61059968035374,only 2182 image pixels; need 2500 for a reliable grid,,,,,,,,,,,
1337,3741,landscape,long_axis_measured,22.763230218732,,40.0,11.0,0.5043718131909674,130.0,19.0,0.485371783473928,0.757,1.216,0.995,0.103,0.103
1338,7816,landscape,long_axis_measured,18.62843136204694,,40.0,16.0,0.7727395253026499,130.0,25.0,0.428463636460663,1.071,1.601,0.988,0.156,0.156
1339,0,unknown,insufficient_pixels,35.04554329019238,only 1358 image pixels; need 2500 for a reliable grid,,,,,,,,,,,
1340,3132,landscape,long_axis_measured,37.85457313562837,,130.0,22.0,0.7485502744057272,40.0,14.0,0.3734252347760933,1.433,1.124,0.118,0.993,0.118
1341,0,unknown,no_plane_fit,33.70217818571953,no usable lidar plane fit,,,,,,,,,,,
1342,0,unknown,insufficient_pixels,17.37639471662004,only 1881 image pixels; need 2500 for a reliable grid,,,,,,,,,,,
1343,0,unknown,insufficient_pixels,21.891681512597145,only 1314 image pixels; need 2500 for a reliable grid,,,,,,,,,,,
1344,2544,unknown,unresolved,22.369628856722304,both pitches match a module long axis; ambiguous,130.0,25.0,0.8113134781989376,40.0,17.0,0.41082772418758834,1.6,1.167,0.105,0.994,
1345,0,unknown,insufficient_pixels,14.007715010015714,only 2387 image pixels; need 2500 for a reliable grid,,,,,,,,,,,
1346,4842,unknown,unresolved,22.067632964998,"no pitch within 30% of 1.65 m or 0.99 m; likely row pitch, not module pitch",90.0,32.0,0.6380556571840458,0.0,40.0,-0.0621525262264187,2.154,2.663,0.776,0.631,
1347,0,unknown,insufficient_pixels,21.389688709578227,only 2014 image pixels; need 2500 for a reliable grid,,,,,,,,,,,
1348,0,unknown,insufficient_pixels,23.136351914621557,only 859 image pixels; need 2500 for a reliable grid,,,,,,,,,,,
1349,0,unknown,insufficient_pixels,20.482152235042317,only 860 image pixels; need 2500 for a reliable grid,,,,,,,,,,,
1350,3664,landscape,long_axis_measured,7.038473030028933,,130.0,15.0,0.7425866837555917,40.0,25.0,0.4922706075164512,0.959,1.591,0.958,0.288,0.288
1351,0,unknown,insufficient_pixels,20.72402552802608,only 1029 image pixels; need 2500 for a reliable grid,,,,,,,,,,,
1352,0,unknown,flat_or_low_tilt,2.3729878275263285,tilt 2.4 deg < 5: no defined slope direction,,,,,,,,,,,
1353,9006,unknown,unresolved,22.12060662421073,both pitches match a module short axis; ambiguous,100.0,16.0,0.5244765295583436,10.0,12.0,0.4080224101396493,1.034,0.821,0.232,0.973,
1354,5554,landscape,long_axis_measured,20.69578982017814,,130.0,11.0,0.9274355584027466,40.0,20.0,0.1178130098133646,0.746,1.283,0.987,0.159,0.159
1355,7964,unknown,unresolved,23.28551065760505,both pitches match a module short axis; ambiguous,10.0,12.0,0.4287764164256934,100.0,14.0,0.3654034010044729,0.827,0.908,0.966,0.258,
1356,0,unknown,no_plane_fit,55.91666182971391,no usable lidar plane fit,,,,,,,,,,,
1357,8210,unknown,unresolved,5.583452851938323,both pitches match a module long axis; ambiguous,100.0,30.0,0.3292117639520441,10.0,31.0,-0.0620457924781136,1.906,1.978,0.138,0.99,
1358,6000,portrait,long_axis_measured,22.1719921685596,,100.0,14.0,0.8288863386300338,10.0,30.0,0.0043654973078873,0.906,2.051,0.261,0.965,0.965
1359,0,unknown,insufficient_pixels,22.47040699871026,only 1833 image pixels; need 2500 for a reliable grid,,,,,,,,,,,
1360,0,unknown,insufficient_pixels,29.045090643681508,only 1800 image pixels; need 2500 for a reliable grid,,,,,,,,,,,
1361,4690,unknown,unresolved,42.98171265005983,"no pitch within 30% of 1.65 m or 0.99 m; likely row pitch, not module pitch",60.0,35.0,0.5873376326996674,150.0,35.0,0.2190605591973706,2.941,2.501,0.91,0.415,
1362,0,unknown,no_plane_fit,,no usable lidar plane fit,,,,,,,,,,,
1363,3229,unknown,unresolved,25.74470168884263,no periodic peak in one or both directions,140.0,11.0,0.6418366155831203,50.0,,,,,,,
1364,2697,portrait,long_axis_measured,27.33903882951949,,40.0,17.0,0.6329800420126535,130.0,11.0,0.42277104764699486,1.213,0.712,0.986,0.164,0.986
1365,0,unknown,no_plane_fit,48.90204340139528,no usable lidar plane fit,,,,,,,,,,,
1366,5864,unknown,unresolved,12.629403518984615,"no pitch within 30% of 1.65 m or 0.99 m; likely row pitch, not module pitch",140.0,35.0,0.5804926348943302,50.0,39.0,0.3523173065637274,2.251,2.528,0.531,0.848,
1367,0,unknown,insufficient_pixels,21.56860317087112,only 2465 image pixels; need 2500 for a reliable grid,,,,,,,,,,,
1368,4278,unknown,unresolved,22.138698393339247,no periodic peak in one or both directions,100.0,28.0,0.3709713692948094,10.0,,,,,,,
1369,4431,landscape,long_axis_measured,15.27397527017727,,100.0,25.0,0.7524083574589058,10.0,12.0,0.3657342864442781,1.605,0.789,0.303,0.953,0.303
1370,3926,landscape,long_axis_measured,15.605179984628991,,100.0,26.0,0.7281181071287597,10.0,14.0,0.5978914903971796,1.667,0.922,0.258,0.966,0.258
1371,0,unknown,insufficient_pixels,41.820023997922135,only 1081 image pixels; need 2500 for a reliable grid,,,,,,,,,,,
1372,0,unknown,insufficient_pixels,8.948851838699765,only 682 image pixels; need 2500 for a reliable grid,,,,,,,,,,,
1373,0,unknown,insufficient_pixels,24.5691256940516,only 1988 image pixels; need 2500 for a reliable grid,,,,,,,,,,,
1374,0,unknown,insufficient_pixels,41.68581904586575,only 963 image pixels; need 2500 for a reliable grid,,,,,,,,,,,
1375,5760,portrait,long_axis_measured,22.82500686601736,,100.0,14.0,0.7505200754516873,10.0,31.0,0.2769830134086411,0.911,2.127,0.303,0.953,0.953
1376,0,unknown,insufficient_pixels,21.19580798677067,only 1943 image pixels; need 2500 for a reliable grid,,,,,,,,,,,
1377,0,unknown,insufficient_pixels,23.01107311141485,only 806 image pixels; need 2500 for a reliable grid,,,,,,,,,,,
1378,0,unknown,insufficient_pixels,8.43216879957027,only 2228 image pixels; need 2500 for a reliable grid,,,,,,,,,,,
1379,3956,unknown,unresolved,24.0013702778938,both pitches match a module long axis; ambiguous,10.0,31.0,0.66450444513428,100.0,22.0,0.22888231309763005,2.021,1.523,0.299,0.954,
1380,6563,unknown,unresolved,26.647231876027867,both pitches match a module long axis; ambiguous,100.0,27.0,0.7117140780873135,10.0,28.0,0.2500999498952898,1.907,1.839,0.95,0.311,
1381,0,unknown,insufficient_pixels,21.36258431943058,only 2239 image pixels; need 2500 for a reliable grid,,,,,,,,,,,
1382,6816,landscape,long_axis_measured,20.990463792262737,,100.0,25.0,0.7471328499220744,10.0,12.0,0.6866167067005393,1.618,0.814,0.285,0.959,0.285
1383,4764,unknown,unresolved,13.070448644303776,both pitches match a module short axis; ambiguous,110.0,13.0,0.602502356643766,20.0,13.0,-0.1239009082585313,0.836,0.845,0.483,0.876,
1384,4784,unknown,unresolved,22.72511585359516,both pitches match a module long axis; ambiguous,10.0,25.0,0.3934708796182816,100.0,24.0,0.1843019017319631,1.626,1.646,0.306,0.952,
1385,4345,portrait,long_axis_measured,13.433015087027377,,30.0,40.0,0.6790756130625712,120.0,29.0,-0.1810480046018752,2.597,1.872,0.803,0.596,0.596
1386,2960,unknown,unresolved,19.295269567448592,both pitches match a module short axis; ambiguous,120.0,15.0,0.7764460716026058,30.0,12.0,0.49188358403292703,1.001,0.785,0.858,0.513,
1387,0,unknown,insufficient_pixels,36.69853427717551,only 2012 image pixels; need 2500 for a reliable grid,,,,,,,,,,,
1388,0,unknown,insufficient_pixels,42.27908207755488,only 2370 image pixels; need 2500 for a reliable grid,,,,,,,,,,,
1389,0,unknown,insufficient_pixels,28.380281511309374,only 2200 image pixels; need 2500 for a reliable grid,,,,,,,,,,,
1390,4134,landscape,short_axis_inferred,37.059162593873225,,130.0,13.0,0.6155724136680868,40.0,35.0,0.2834879707286215,1.015,2.408,0.924,0.381,0.381
1391,5503,portrait,long_axis_measured,12.56595606882418,,30.0,15.0,0.5906934462126529,120.0,30.0,0.3919056590450732,0.972,1.93,0.838,0.546,0.546
1392,3862,portrait,short_axis_inferred,22.921527545817096,,110.0,11.0,0.673521337239574,20.0,33.0,0.06219985363187269,0.741,2.214,0.733,0.68,0.68
1393,3012,portrait,short_axis_inferred,13.876244704848965,,120.0,12.0,0.7052727864978011,30.0,40.0,0.2716681280752481,0.775,2.601,0.595,0.804,0.804
1394,0,unknown,no_plane_fit,87.51889496712761,no usable lidar plane fit,,,,,,,,,,,
1395,6376,portrait,short_axis_inferred,19.457509742601857,,30.0,15.0,0.3908173253574643,120.0,41.0,0.2157739178496841,1.0,2.69,0.829,0.56,0.56
1396,4840,unknown,unresolved,5.568217428131481,both pitches match a module short axis; ambiguous,30.0,15.0,0.3373879217930172,120.0,17.0,0.1638256459931516,0.956,1.083,0.802,0.597,
1397,0,unknown,no_plane_fit,28.48990290541649,no usable lidar plane fit,,,,,,,,,,,
1398,0,unknown,no_plane_fit,12.409572293101576,no usable lidar plane fit,,,,,,,,,,,
1399,0,unknown,insufficient_pixels,17.28104204740161,only 2448 image pixels; need 2500 for a reliable grid,,,,,,,,,,,
1400,7738,unknown,unresolved,20.259584192424192,no periodic peak in one or both directions,120.0,13.0,0.7935434174047592,30.0,,,,,,,
1401,0,unknown,flat_or_low_tilt,1.3086228191687508,tilt 1.3 deg < 5: no defined slope direction,,,,,,,,,,,
1402,7448,portrait,short_axis_inferred,29.436364880559985,,110.0,11.0,0.7480500635719926,20.0,33.0,0.0077573201789071,0.773,2.291,0.75,0.662,0.662
1403,0,unknown,insufficient_pixels,30.498042457676544,only 2074 image pixels; need 2500 for a reliable grid,,,,,,,,,,,
1404,3070,portrait,long_axis_measured,18.573027988883545,,110.0,27.0,0.5707792481251189,20.0,11.0,0.3815590465183323,1.779,0.726,0.693,0.721,0.693
1405,5516,portrait,long_axis_measured,17.76894004493216,,30.0,17.0,0.5345778214157159,120.0,28.0,0.2733144247604964,1.124,1.825,0.839,0.544,0.544
1406,0,unknown,insufficient_pixels,7.908740239177065,only 2372 image pixels; need 2500 for a reliable grid,,,,,,,,,,,
1407,5396,portrait,long_axis_measured,29.032751208445,,30.0,12.0,0.5100697948258787,120.0,25.0,0.144103611197728,0.854,1.697,0.857,0.515,0.515
1408,0,unknown,insufficient_pixels,20.05045064379185,only 1156 image pixels; need 2500 for a reliable grid,,,,,,,,,,,
1409,5564,landscape,long_axis_measured,26.28641053366376,,140.0,11.0,0.5224896328117485,50.0,29.0,-0.0885963250152686,0.777,1.885,0.975,0.221,0.221
1410,3837,landscape,long_axis_measured,30.51072287180088,,120.0,12.0,0.43450325521206495,30.0,23.0,0.3619074422959517,0.877,1.527,0.95,0.312,0.312
1411,6450,unknown,unresolved,11.453202589884448,both pitches match a module short axis; ambiguous,30.0,13.0,0.721092709953609,120.0,16.0,0.6778086978103105,0.84,1.027,0.849,0.529,
1412,0,unknown,no_plane_fit,26.579488866752524,no usable lidar plane fit,,,,,,,,,,,
1413,0,unknown,no_plane_fit,40.71320835380616,no usable lidar plane fit,,,,,,,,,,,
1414,6608,portrait,long_axis_measured,19.93231516142918,,10.0,15.0,0.3934901440404486,100.0,21.0,0.2826854724548991,0.979,1.408,0.459,0.888,0.888
1415,6458,unknown,unresolved,25.877307629135963,both pitches match a module long axis; ambiguous,110.0,19.0,0.6203347822799671,20.0,26.0,0.2704901351507483,1.281,1.798,0.577,0.817,
1416,0,unknown,insufficient_pixels,43.70641628326474,only 2485 image pixels; need 2500 for a reliable grid,,,,,,,,,,,
1417,0,unknown,flat_or_low_tilt,4.7406744312827,tilt 4.7 deg < 5: no defined slope direction,,,,,,,,,,,
1418,0,unknown,insufficient_pixels,28.47983781091988,only 2115 image pixels; need 2500 for a reliable grid,,,,,,,,,,,
1419,0,unknown,insufficient_pixels,30.424762795105572,only 1085 image pixels; need 2500 for a reliable grid,,,,,,,,,,,
1420,0,unknown,insufficient_pixels,17.071081264243336,only 1773 image pixels; need 2500 for a reliable grid,,,,,,,,,,,
1421,4524,portrait,long_axis_measured,28.51518438065036,,140.0,29.0,0.4622602387042261,50.0,12.0,0.275556619542704,2.013,0.834,0.703,0.711,0.703
1422,4039,portrait,short_axis_inferred,32.73351398156764,,170.0,12.0,0.7114377875287612,80.0,38.0,0.5372542719575086,0.801,2.843,0.305,0.952,0.952
1423,13842,unknown,unresolved,31.47469593320803,both pitches match a module long axis; ambiguous,170.0,19.0,0.5594656018176438,80.0,25.0,0.3548947087152976,1.263,1.847,0.302,0.953,
1424,0,unknown,insufficient_pixels,18.22890376569397,only 1428 image pixels; need 2500 for a reliable grid,,,,,,,,,,,
1425,0,unknown,insufficient_pixels,12.241653437595575,only 805 image pixels; need 2500 for a reliable grid,,,,,,,,,,,
1426,0,unknown,insufficient_pixels,31.25804856548833,only 2115 image pixels; need 2500 for a reliable grid,,,,,,,,,,,
1427,4106,unknown,unresolved,15.565482901663632,both pitches match a module long axis; ambiguous,140.0,31.0,0.6699765291146323,50.0,27.0,-0.181010395895543,2.017,1.764,0.651,0.759,
1428,0,unknown,insufficient_pixels,23.74838436773817,only 682 image pixels; need 2500 for a reliable grid,,,,,,,,,,,
1429,0,unknown,insufficient_pixels,33.579297662287665,only 1360 image pixels; need 2500 for a reliable grid,,,,,,,,,,,
1430,2750,portrait,long_axis_measured,17.907356531967327,,170.0,41.0,0.830411860926612,80.0,25.0,0.7953810045315495,2.644,1.664,0.314,0.949,0.949
1431,6759,unknown,unresolved,26.52283029339012,weak periodicity (max ac 0.03),50.0,21.0,0.0316252176327037,140.0,30.0,-0.3873320305856102,,,,,
1432,0,unknown,insufficient_pixels,22.928162670112517,only 2238 image pixels; need 2500 for a reliable grid,,,,,,,,,,,
1433,2650,portrait,long_axis_measured,41.75614605483934,,170.0,14.0,0.7495594147194939,80.0,21.0,0.0869899290382081,0.969,1.755,0.326,0.945,0.945
1434,6072,landscape,long_axis_measured,17.630050029391963,,80.0,17.0,0.3555520587222657,170.0,22.0,0.2230474526451547,1.13,1.419,0.945,0.326,0.326
1435,2600,portrait,long_axis_measured,9.347565292712067,,80.0,27.0,0.27832416262052784,170.0,17.0,0.1914233797127832,1.737,1.083,0.962,0.273,0.962
1436,5836,landscape,long_axis_measured,26.82202079265825,,80.0,16.0,0.4250275020135943,170.0,31.0,0.3576696966327893,1.138,1.989,0.995,0.095,0.095
1437,0,unknown,insufficient_pixels,25.449610177956885,only 1707 image pixels; need 2500 for a reliable grid,,,,,,,,,,,
1438,0,unknown,no_plane_fit,51.06008533589573,no usable lidar plane fit,,,,,,,,,,,
1439,0,unknown,no_plane_fit,6.432443958488901,no usable lidar plane fit,,,,,,,,,,,
1440,4212,unknown,unresolved,10.394221545596285,both pitches match a module short axis; ambiguous,80.0,14.0,0.7496073803935126,170.0,13.0,0.3579515522129523,0.897,0.837,0.55,0.835,
1441,0,unknown,insufficient_pixels,19.5183679986428,only 1740 image pixels; need 2500 for a reliable grid,,,,,,,,,,,
1442,0,unknown,insufficient_pixels,16.35085555466433,only 1960 image pixels; need 2500 for a reliable grid,,,,,,,,,,,
1443,0,unknown,insufficient_pixels,30.163249817622606,only 1536 image pixels; need 2500 for a reliable grid,,,,,,,,,,,
1444,0,unknown,flat_or_low_tilt,0.6396936225492214,tilt 0.6 deg < 5: no defined slope direction,,,,,,,,,,,
1445,0,unknown,insufficient_pixels,14.446603316409764,only 1363 image pixels; need 2500 for a reliable grid,,,,,,,,,,,
1446,0,unknown,insufficient_pixels,29.36150979540509,only 2356 image pixels; need 2500 for a reliable grid,,,,,,,,,,,
1447,3458,portrait,long_axis_measured,31.67298464791101,,170.0,11.0,0.32845927548278625,80.0,21.0,-0.07432768970867958,0.732,1.554,0.307,0.952,0.952
1448,4833,portrait,short_axis_inferred,29.72593469713012,,70.0,12.0,0.4466096142406502,160.0,32.0,0.0349698707263129,0.811,2.301,0.458,0.889,0.889
1449,3434,unknown,unresolved,11.348371673767522,"no pitch within 30% of 1.65 m or 0.99 m; likely row pitch, not module pitch",40.0,38.0,0.72870035392647,130.0,36.0,-0.13127370035534475,2.432,2.328,0.393,0.919,
1450,0,unknown,insufficient_pixels,22.4617583906782,only 2314 image pixels; need 2500 for a reliable grid,,,,,,,,,,,
1451,3402,portrait,long_axis_measured,17.630282020146623,,60.0,14.0,0.2562159894907066,150.0,32.0,0.06427641457509195,0.911,2.118,0.504,0.863,0.863
1452,0,unknown,insufficient_pixels,13.136707364443408,only 1363 image pixels; need 2500 for a reliable grid,,,,,,,,,,,
1453,13323,portrait,long_axis_measured,18.24782089882628,,80.0,14.0,0.5325439694108065,170.0,24.0,0.5066998184775403,0.903,1.601,0.31,0.951,0.951
1454,0,unknown,insufficient_pixels,13.969172346263152,only 1440 image pixels; need 2500 for a reliable grid,,,,,,,,,,,
1455,0,unknown,insufficient_pixels,18.9917090698086,only 1363 image pixels; need 2500 for a reliable grid,,,,,,,,,,,
1456,0,unknown,insufficient_pixels,18.09932092354097,only 1427 image pixels; need 2500 for a reliable grid,,,,,,,,,,,
1457,2690,portrait,long_axis_measured,8.345628663617159,,170.0,14.0,0.834323190430192,80.0,21.0,0.06120298468290054,0.892,1.347,0.303,0.953,0.953
1458,3089,portrait,long_axis_measured,5.520065327122111,,170.0,13.0,0.8464005193254138,80.0,24.0,0.05300975948208646,0.827,1.531,0.353,0.935,0.935
1459,2954,portrait,long_axis_measured,22.461268074748187,,80.0,14.0,0.7263518618170385,170.0,22.0,0.1460574066823631,0.913,1.504,0.348,0.937,0.937
1460,0,unknown,insufficient_pixels,11.91946675840719,only 2426 image pixels; need 2500 for a reliable grid,,,,,,,,,,,
1461,8570,portrait,long_axis_measured,9.454281016262204,,170.0,11.0,0.4874538151169254,80.0,27.0,0.1923535104357789,0.701,1.737,0.285,0.959,0.959
1462,4315,portrait,long_axis_measured,17.3594547944796,,80.0,11.0,0.5752471908481143,170.0,30.0,0.3481296684046717,0.708,1.991,0.308,0.951,0.951
1463,4284,portrait,long_axis_measured,17.586014940015314,,170.0,17.0,0.7143531271009222,80.0,20.0,0.3097745528516358,1.095,1.329,0.301,0.953,0.953
1464,0,unknown,insufficient_pixels,17.13594114094124,only 1504 image pixels; need 2500 for a reliable grid,,,,,,,,,,,
1465,0,unknown,insufficient_pixels,18.04486793706335,only 1302 image pixels; need 2500 for a reliable grid,,,,,,,,,,,
1466,0,unknown,no_plane_fit,15.41033712146226,no usable lidar plane fit,,,,,,,,,,,
1467,7243,landscape,long_axis_measured,22.942647076846463,,0.0,15.0,0.4740687880573916,90.0,24.0,0.1579228384004,1.033,1.546,0.983,0.184,0.184
1468,0,unknown,insufficient_pixels,25.115567105470525,only 1553 image pixels; need 2500 for a reliable grid,,,,,,,,,,,
1469,4095,unknown,unresolved,18.31613088010188,"no pitch within 30% of 1.65 m or 0.99 m; likely row pitch, not module pitch",60.0,37.0,0.3787676619662992,150.0,40.0,0.1770871972826554,2.434,2.637,0.687,0.727,
1470,2585,portrait,long_axis_measured,24.905659920611875,,80.0,16.0,0.4626141741863928,170.0,28.0,0.17637092173368613,1.061,1.938,0.46,0.888,0.888
1471,0,unknown,insufficient_pixels,29.21704139205342,only 2086 image pixels; need 2500 for a reliable grid,,,,,,,,,,,
1472,2728,portrait,long_axis_measured,25.464304775257904,,80.0,16.0,0.46834392066429004,170.0,24.0,-0.08882105136563341,1.047,1.679,0.308,0.951,0.951
1473,0,unknown,insufficient_pixels,24.08202840900124,only 1638 image pixels; need 2500 for a reliable grid,,,,,,,,,,,
1474,5788,unknown,unresolved,20.402437495365056,both pitches match a module long axis; ambiguous,80.0,31.0,0.5290848903244665,170.0,25.0,0.390531341819156,2.008,1.688,0.316,0.949,
1475,7825,portrait,long_axis_measured,26.86127030904899,,80.0,13.0,0.4986051721780983,170.0,22.0,0.0675274401834618,0.854,1.557,0.307,0.952,0.952
1476,0,unknown,insufficient_pixels,23.864815093598537,only 2422 image pixels; need 2500 for a reliable grid,,,,,,,,,,,
1477,0,unknown,insufficient_pixels,22.616863644520187,only 2385 image pixels; need 2500 for a reliable grid,,,,,,,,,,,
1478,6992,landscape,long_axis_measured,26.956450685853767,,170.0,31.0,0.3169176843895472,80.0,34.0,0.0879473582855905,2.039,2.407,0.318,0.948,0.318
1479,3026,unknown,unresolved,28.643536360436155,both pitches match a module short axis; ambiguous,80.0,13.0,0.5421917186870354,170.0,14.0,0.23286741105665318,0.861,1.005,0.339,0.941,
1480,0,unknown,insufficient_pixels,20.69463950834972,only 1450 image pixels; need 2500 for a reliable grid,,,,,,,,,,,
1481,0,unknown,insufficient_pixels,22.8258398481628,only 2028 image pixels; need 2500 for a reliable grid,,,,,,,,,,,
1482,0,unknown,insufficient_pixels,23.150123572304278,only 1560 image pixels; need 2500 for a reliable grid,,,,,,,,,,,
1483,4340,portrait,long_axis_measured,21.04156575100637,,80.0,20.0,0.4415688363888957,170.0,39.0,0.2502960477334595,1.356,2.531,0.946,0.323,0.946
1484,3531,unknown,unresolved,27.70749884026889,both pitches match a module short axis; ambiguous,170.0,12.0,0.5469985503461479,80.0,15.0,0.18967780408422183,0.793,1.068,0.339,0.941,
1485,0,unknown,insufficient_pixels,33.554404982658134,only 1844 image pixels; need 2500 for a reliable grid,,,,,,,,,,,
1486,0,unknown,insufficient_pixels,36.08629632656697,only 2236 image pixels; need 2500 for a reliable grid,,,,,,,,,,,
1487,2794,portrait,long_axis_measured,18.979062368277088,,20.0,16.0,0.24843274549144406,110.0,25.0,-0.2639402255987394,1.049,1.661,0.587,0.81,0.81
1488,0,unknown,flat_or_low_tilt,0.285926053161611,tilt 0.3 deg < 5: no defined slope direction,,,,,,,,,,,
1489,0,unknown,insufficient_pixels,18.20224003653336,only 1538 image pixels; need 2500 for a reliable grid,,,,,,,,,,,
1490,4322,unknown,unresolved,26.24222185136933,both pitches match a module short axis; ambiguous,120.0,11.0,0.8638610733839752,30.0,11.0,0.4366556003955238,0.763,0.743,0.817,0.577,
1491,5632,portrait,long_axis_measured,22.332560700725328,,140.0,34.0,0.6685368096742151,50.0,20.0,0.0817282826714178,2.225,1.364,0.394,0.919,0.919
1492,3588,portrait,short_axis_inferred,21.21437984381657,,110.0,12.0,0.5494526992792227,20.0,36.0,0.34979540267312675,0.793,2.419,0.585,0.811,0.811
1493,5809,landscape,long_axis_measured,15.452330151650456,,0.0,25.0,0.771200286748787,90.0,12.0,0.7461759646263738,1.589,0.791,0.019,1.0,0.019
1494,4830,portrait,long_axis_measured,30.6841141977074,,0.0,14.0,0.5039108142435638,90.0,20.0,0.4208366635504217,0.901,1.476,0.092,0.996,0.996
1495,10521,unknown,unresolved,21.2794535420676,no periodic peak in one or both directions,0.0,20.0,0.7325668555155249,90.0,,,,,,,
1496,3950,portrait,long_axis_measured,18.8250940912985,,90.0,27.0,0.8238041841997776,0.0,16.0,0.6109550693119091,1.811,1.019,0.999,0.05,0.999
1497,5366,unknown,unresolved,25.9210107742845,both pitches match a module long axis; ambiguous,130.0,31.0,0.2760674710772849,40.0,22.0,-0.1233125294635457,2.065,1.534,0.464,0.886,
1498,0,unknown,flat_or_low_tilt,4.410940705888022,tilt 4.4 deg < 5: no defined slope direction,,,,,,,,,,,
1499,0,unknown,flat_or_low_tilt,0.4203672608657739,tilt 0.4 deg < 5: no defined slope direction,,,,,,,,,,,
1500,8285,portrait,short_axis_inferred,18.87758878316846,,170.0,11.0,0.7883822018352764,80.0,37.0,0.0262380874842923,0.711,2.476,0.321,0.947,0.947
1501,4345,landscape,long_axis_measured,12.552369955009173,,170.0,14.0,0.4324684892302723,80.0,31.0,0.0336445514174095,0.909,1.985,0.939,0.345,0.345
1502,0,unknown,insufficient_pixels,33.54216035465505,only 2024 image pixels; need 2500 for a reliable grid,,,,,,,,,,,
1503,4785,landscape,long_axis_measured,25.832300235000464,,80.0,31.0,0.3352679616859479,170.0,13.0,0.2877240995170526,2.006,0.915,0.185,0.983,0.185
1504,3645,unknown,unresolved,11.941049529001386,both pitches match a module long axis; ambiguous,110.0,28.0,0.5444468114439497,20.0,33.0,0.043303460864802606,1.811,2.12,0.848,0.53,
1505,5008,portrait,long_axis_measured,27.488024891546186,,70.0,14.0,0.5498382206659616,160.0,27.0,0.081297027871582,0.954,1.884,0.605,0.797,0.797
1506,4914,unknown,unresolved,17.413616478282794,both pitches match a module short axis; ambiguous,70.0,14.0,0.4687123572363028,160.0,11.0,0.349736259385639,0.917,0.723,0.658,0.753,
1507,0,unknown,insufficient_pixels,23.10483010194166,only 1758 image pixels; need 2500 for a reliable grid,,,,,,,,,,,
1508,0,unknown,insufficient_pixels,22.010155787960432,only 2031 image pixels; need 2500 for a reliable grid,,,,,,,,,,,
1509,5390,portrait,long_axis_measured,12.500106870676897,,70.0,27.0,0.6798624984247917,160.0,14.0,0.5376531401806042,1.741,0.905,0.653,0.757,0.653
1510,4682,portrait,long_axis_measured,25.73165489310463,,160.0,14.0,0.6021335058529701,70.0,25.0,0.3806970335795656,0.955,1.709,0.695,0.719,0.719
1511,4285,unknown,unresolved,25.92209858347109,both pitches match a module long axis; ambiguous,150.0,17.0,0.5376628684866663,60.0,23.0,0.383857649892644,1.177,1.548,0.826,0.563,
1512,5655,landscape,long_axis_measured,26.25206484202295,,150.0,12.0,0.5927572932721126,60.0,25.0,0.3315162780499183,0.84,1.661,0.903,0.43,0.43
1513,3375,unknown,unresolved,20.84208436097288,both pitches match a module short axis; ambiguous,120.0,12.0,0.6714929916318243,30.0,17.0,0.32334265115031974,0.81,1.111,0.901,0.434,
1514,4788,landscape,long_axis_measured,24.86612384617433,,140.0,13.0,0.5318143670675586,50.0,26.0,0.0992582416682384,0.907,1.686,0.975,0.224,0.224
1515,0,unknown,insufficient_pixels,18.163263293534506,only 1852 image pixels; need 2500 for a reliable grid,,,,,,,,,,,
1516,0,unknown,insufficient_pixels,18.16922543978027,only 1903 image pixels; need 2500 for a reliable grid,,,,,,,,,,,
1517,3420,unknown,unresolved,17.930213939127253,both pitches match a module short axis; ambiguous,40.0,11.0,0.6157237726561059,130.0,17.0,-0.041782039867166554,0.734,1.088,0.987,0.159,
1518,0,unknown,no_plane_fit,59.75797317472024,no usable lidar plane fit,,,,,,,,,,,
1519,0,unknown,insufficient_pixels,43.52953810319941,only 2403 image pixels; need 2500 for a reliable grid,,,,,,,,,,,
1520,0,unknown,insufficient_pixels,44.16221764345799,only 1435 image pixels; need 2500 for a reliable grid,,,,,,,,,,,
1521,4062,portrait,long_axis_measured,22.731044699556566,,130.0,18.0,0.5543263945120888,40.0,26.0,0.2686102354853887,1.151,1.789,0.092,0.996,0.996
1522,8984,unknown,unresolved,10.182162005630015,both pitches match a module short axis; ambiguous,120.0,12.0,0.5012488894255042,30.0,12.0,0.419692798015801,0.766,0.774,0.314,0.949,
1523,10293,portrait,short_axis_inferred,35.90296163874692,,90.0,29.0,0.6525185699812008,0.0,14.0,0.5877807469667933,2.272,0.901,0.998,0.069,0.998
1524,0,unknown,no_plane_fit,57.19625326145928,no usable lidar plane fit,,,,,,,,,,,
1525,5358,unknown,unresolved,23.04828349942588,both pitches match a module short axis; ambiguous,40.0,11.0,0.6635793540814346,130.0,11.0,0.2626702522442011,0.758,0.708,0.986,0.169,
1526,0,unknown,insufficient_pixels,21.154530285748027,only 2244 image pixels; need 2500 for a reliable grid,,,,,,,,,,,
1527,0,unknown,insufficient_pixels,15.626253960263549,only 2176 image pixels; need 2500 for a reliable grid,,,,,,,,,,,
1528,6678,unknown,unresolved,16.776813477446872,both pitches match a module long axis; ambiguous,100.0,20.0,0.6628644665717834,10.0,31.0,-0.0289181233567963,1.285,2.053,0.273,0.962,
1529,2756,unknown,unresolved,32.973774465312395,both pitches match a module short axis; ambiguous,90.0,13.0,0.5505089105307684,0.0,13.0,0.4633807800341122,0.832,0.984,0.052,0.999,
1530,0,unknown,insufficient_pixels,39.85904507104428,only 1403 image pixels; need 2500 for a reliable grid,,,,,,,,,,,
1531,3520,portrait,long_axis_measured,26.461896716805807,,60.0,35.0,0.45465474101522496,150.0,24.0,0.1283084771718836,2.317,1.687,0.391,0.921,0.921
1532,4628,portrait,long_axis_measured,33.85909493107128,,100.0,14.0,0.4472536669760009,10.0,23.0,0.4442297543938689,0.929,1.747,0.254,0.967,0.967
1533,5734,portrait,short_axis_inferred,20.612026450977247,,100.0,13.0,0.6522942198936448,10.0,37.0,0.0255557074650112,0.838,2.506,0.23,0.973,0.973
1534,2882,portrait,long_axis_measured,26.067946835551115,,10.0,17.0,0.5552002464832523,100.0,25.0,0.2030649699247735,1.117,1.756,0.328,0.945,0.945
1535,3619,portrait,short_axis_inferred,26.78102298660948,,100.0,14.0,0.7219017988639481,10.0,34.0,0.550005428768871,0.915,2.408,0.264,0.965,0.965
1536,9994,landscape,long_axis_measured,17.351049265104507,,20.0,39.0,0.2082702958941216,110.0,19.0,0.0403701124226203,2.583,1.23,0.91,0.415,0.415
1537,5058,portrait,short_axis_inferred,16.365689027094774,,120.0,37.0,0.2757728161212412,30.0,13.0,0.04273255459641,2.434,0.843,0.852,0.524,0.852
1538,0,unknown,insufficient_pixels,21.277456560089785,only 1173 image pixels; need 2500 for a reliable grid,,,,,,,,,,,
1539,6908,unknown,unresolved,12.458433183951549,"no pitch within 30% of 1.65 m or 0.99 m; likely row pitch, not module pitch",60.0,35.0,0.3141724905325883,150.0,38.0,-0.0125910447462328,2.272,2.434,0.928,0.372,
1540,3028,unknown,unresolved,22.583133524800758,both pitches match a module short axis; ambiguous,10.0,16.0,0.49386852621145183,100.0,14.0,0.43068710538624444,1.037,0.96,0.26,0.966,
1541,8500,landscape,long_axis_measured,22.66582488202165,,100.0,31.0,0.4072387521739731,10.0,14.0,0.3056253134197888,2.009,0.961,0.262,0.965,0.262
1542,9734,landscape,long_axis_measured,6.295785260810476,,10.0,30.0,0.7008564553269273,100.0,14.0,0.4386404166773553,1.91,0.894,0.412,0.911,0.412
1543,0,unknown,insufficient_pixels,13.136564547441512,only 2471 image pixels; need 2500 for a reliable grid,,,,,,,,,,,
1544,0,unknown,no_plane_fit,45.65654291662353,no usable lidar plane fit,,,,,,,,,,,
1545,2646,landscape,long_axis_measured,15.683981880935058,,100.0,26.0,0.7268486037060268,10.0,14.0,0.5723230668132503,1.669,0.922,0.296,0.955,0.296
1546,3989,unknown,unresolved,15.033773684792337,both pitches match a module long axis; ambiguous,100.0,26.0,0.6110823844094232,10.0,31.0,0.5367829960268703,1.666,2.036,0.271,0.962,
1547,5584,landscape,long_axis_measured,32.595898398801594,,100.0,37.0,0.539828650916662,10.0,25.0,0.3884417880483714,2.755,1.682,0.934,0.357,0.357
1548,5940,portrait,long_axis_measured,37.55666672462616,,10.0,14.0,0.5150665745218842,100.0,22.0,0.0670980818177212,0.94,1.746,0.261,0.965,0.965
1549,3817,landscape,long_axis_measured,22.31204567149595,,10.0,20.0,0.7119938937018078,100.0,12.0,0.38765232167213015,1.295,0.821,0.26,0.966,0.26
1550,0,unknown,insufficient_pixels,20.383401313368395,only 806 image pixels; need 2500 for a reliable grid,,,,,,,,,,,
1551,4306,portrait,long_axis_measured,20.07907747785996,,100.0,12.0,0.6892705330497307,10.0,25.0,0.0115990546444434,0.776,1.686,0.289,0.957,0.957
1552,0,unknown,insufficient_pixels,20.298252466439504,only 1276 image pixels; need 2500 for a reliable grid,,,,,,,,,,,
1553,0,unknown,insufficient_pixels,21.927538988170745,only 1012 image pixels; need 2500 for a reliable grid,,,,,,,,,,,
1554,0,unknown,insufficient_pixels,22.477634640154832,only 875 image pixels; need 2500 for a reliable grid,,,,,,,,,,,
1555,0,unknown,insufficient_pixels,28.0559979150917,only 1085 image pixels; need 2500 for a reliable grid,,,,,,,,,,,
1556,0,unknown,insufficient_pixels,21.50592702502754,only 980 image pixels; need 2500 for a reliable grid,,,,,,,,,,,
1557,2551,unknown,unresolved,25.319134813777143,both pitches match a module long axis; ambiguous,10.0,19.0,0.5291436554902545,100.0,25.0,0.359465067872311,1.241,1.748,0.292,0.956,
1558,5257,landscape,long_axis_measured,16.724727998919303,,150.0,12.0,0.2297947190050123,60.0,30.0,-0.3219912137716011,0.793,1.937,0.92,0.392,0.392
1559,5603,unknown,unresolved,18.42508209757132,both pitches match a module short axis; ambiguous,100.0,15.0,0.3816674378802286,10.0,17.0,0.3390032200504116,0.969,1.134,0.336,0.942,
1560,2759,portrait,short_axis_inferred,30.19840435128248,,100.0,13.0,0.6861724962223206,10.0,41.0,0.17611224199612585,0.859,2.993,0.283,0.959,0.959
1561,2835,unknown,unresolved,29.42787181341535,both pitches match a module short axis; ambiguous,100.0,13.0,0.703242497359516,10.0,14.0,0.13155609924843042,0.86,1.013,0.314,0.949,
1562,6224,unknown,unresolved,24.451679136876827,both pitches match a module long axis; ambiguous,10.0,24.0,0.38834526392065,100.0,26.0,0.3665757853374419,1.565,1.806,0.293,0.956,
1563,0,unknown,insufficient_pixels,6.354211712671808,only 736 image pixels; need 2500 for a reliable grid,,,,,,,,,,,
1564,0,unknown,insufficient_pixels,30.83364064498267,only 2497 image pixels; need 2500 for a reliable grid,,,,,,,,,,,
1565,0,unknown,flat_or_low_tilt,2.282138883610561,tilt 2.3 deg < 5: no defined slope direction,,,,,,,,,,,
1566,2749,unknown,unresolved,31.00983284724135,no periodic peak in one or both directions,20.0,11.0,0.49423851928797435,110.0,,,,,,,
1567,3754,portrait,long_axis_measured,30.926070327255143,,110.0,18.0,0.5029251064197132,20.0,39.0,0.11437172179901743,1.252,2.79,0.613,0.79,0.613
1568,4042,portrait,long_axis_measured,31.053743473846524,,40.0,39.0,0.5898550153594881,130.0,16.0,0.2085336821230829,2.674,1.158,0.514,0.858,0.858
1569,4568,portrait,long_axis_measured,39.62311859421495,,110.0,27.0,0.7690644393297047,20.0,13.0,0.1954848331295573,1.995,1.009,0.611,0.791,0.611
1570,4164,portrait,short_axis_inferred,39.853452493169264,,110.0,12.0,0.7360752974699251,20.0,28.0,0.2923716567955814,0.888,2.178,0.612,0.79,0.79
1571,0,unknown,insufficient_pixels,23.513010104730505,only 1617 image pixels; need 2500 for a reliable grid,,,,,,,,,,,
1572,3546,portrait,short_axis_inferred,22.516245947105684,,100.0,15.0,0.5169599787453701,10.0,37.0,-0.04850490758249053,0.981,2.528,0.382,0.924,0.924
1573,5401,unknown,unresolved,30.38064094079908,both pitches match a module long axis; ambiguous,120.0,17.0,0.6991064536045831,30.0,25.0,0.2634374385144431,1.221,1.714,0.843,0.537,
1574,6754,landscape,long_axis_measured,28.962813133958083,,130.0,13.0,0.5413143250055574,40.0,19.0,0.2812949006616352,0.933,1.267,0.924,0.382,0.382
1575,6877,portrait,short_axis_inferred,29.869797532915136,,120.0,13.0,0.7345206186000826,30.0,35.0,0.1854973110025721,0.929,2.397,0.837,0.547,0.547
1576,3566,landscape,long_axis_measured,78.05251849484556,,10.0,15.0,0.7462462024407389,100.0,13.0,0.4286832117339812,1.328,3.184,0.357,0.934,0.357
1577,2579,unknown,unresolved,26.802909993172086,both pitches match a module long axis; ambiguous,160.0,33.0,0.6547746509500832,70.0,25.0,0.236493585053177,2.12,1.777,0.109,0.994,
1578,0,unknown,insufficient_pixels,26.823583928015427,only 2283 image pixels; need 2500 for a reliable grid,,,,,,,,,,,
1579,2506,unknown,unresolved,26.203886654434218,both pitches match a module short axis; ambiguous,120.0,15.0,0.6672597198272605,30.0,16.0,0.16188347744407497,1.042,1.076,0.837,0.547,
1580,5606,portrait,long_axis_measured,39.058672476675,,120.0,13.0,0.8801498645949607,30.0,22.0,0.3691053037688687,1.022,1.576,0.861,0.508,0.508
1581,4437,unknown,unresolved,29.2277903563382,both pitches match a module short axis; ambiguous,120.0,13.0,0.8837289244409086,30.0,15.0,0.2989188619582206,0.924,1.024,0.837,0.547,
1582,10151,portrait,long_axis_measured,39.36088507291109,,10.0,15.0,0.5596718372109047,100.0,21.0,0.4980324210686599,1.042,1.688,0.38,0.925,0.925
1583,0,unknown,no_plane_fit,61.30930390323954,no usable lidar plane fit,,,,,,,,,,,
1584,5012,unknown,unresolved,11.051888529367671,"no pitch within 30% of 1.65 m or 0.99 m; likely row pitch, not module pitch",150.0,39.0,0.4202979768232225,60.0,40.0,0.2828346855945646,2.487,2.587,0.218,0.976,
1585,5298,unknown,unresolved,10.84051692836379,"no pitch within 30% of 1.65 m or 0.99 m; likely row pitch, not module pitch",150.0,39.0,0.4656048838864109,60.0,40.0,0.2366452870096886,2.486,2.585,0.223,0.975,
1586,3010,portrait,long_axis_measured,33.67796831196163,,30.0,13.0,0.5121713481303009,120.0,25.0,0.09344928915767554,0.96,1.748,0.837,0.547,0.547
1587,0,unknown,insufficient_pixels,9.337382326736051,only 2099 image pixels; need 2500 for a reliable grid,,,,,,,,,,,
1588,14576,portrait,long_axis_measured,18.55539459870404,,20.0,13.0,0.5749181567473555,110.0,27.0,0.4016768987710962,0.852,1.789,0.594,0.804,0.804
1589,0,unknown,no_plane_fit,78.98018664471174,no usable lidar plane fit,,,,,,,,,,,
1590,7310,unknown,unresolved,20.05920777746596,both pitches match a module long axis; ambiguous,140.0,30.0,0.256103498083067,50.0,18.0,0.0626817901414012,1.923,1.216,0.156,0.988,
1591,0,unknown,insufficient_pixels,18.516632125699044,only 1896 image pixels; need 2500 for a reliable grid,,,,,,,,,,,
1592,3420,portrait,long_axis_measured,11.92296611812538,,170.0,16.0,0.23701716746188947,80.0,18.0,0.11769320195065933,1.022,1.167,0.287,0.958,0.958
1593,0,unknown,insufficient_pixels,28.607138547019098,only 2272 image pixels; need 2500 for a reliable grid,,,,,,,,,,,
1594,0,unknown,insufficient_pixels,35.12014088947823,only 1113 image pixels; need 2500 for a reliable grid,,,,,,,,,,,
1595,4079,portrait,long_axis_measured,17.280389864642377,,80.0,24.0,0.7601031410341685,170.0,14.0,0.4945691182863808,1.593,0.901,0.958,0.286,0.958
1596,2736,portrait,long_axis_measured,14.239449574902222,,90.0,25.0,0.655022969993104,0.0,16.0,0.5278957551510011,1.637,1.021,0.986,0.167,0.986
1597,5251,unknown,unresolved,14.908751916332369,both pitches match a module long axis; ambiguous,130.0,21.0,0.7027386690318401,40.0,19.0,0.2341997794425076,1.347,1.246,0.303,0.953,
1598,12620,landscape,long_axis_measured,18.549959132051296,,80.0,20.0,0.5206867122325033,170.0,14.0,0.3776411633845358,1.291,0.935,0.307,0.952,0.307
1599,0,unknown,insufficient_pixels,10.172939697717595,only 1300 image pixels; need 2500 for a reliable grid,,,,,,,,,,,
1600,3783,portrait,long_axis_measured,16.80438895964005,,170.0,14.0,0.5949339259452111,80.0,24.0,0.5775188663248252,0.898,1.59,0.227,0.974,0.974
1601,0,unknown,insufficient_pixels,35.214590166364346,only 2488 image pixels; need 2500 for a reliable grid,,,,,,,,,,,
1602,2584,portrait,long_axis_measured,18.27282768309952,,80.0,14.0,0.7522674535058691,170.0,23.0,-0.10152975957258453,0.901,1.535,0.271,0.963,0.963
1603,2514,portrait,long_axis_measured,17.996004189613434,,170.0,14.0,0.7455656962004389,80.0,22.0,-0.10309400889283601,0.902,1.466,0.286,0.958,0.958
1604,5018,portrait,long_axis_measured,18.377630031647207,,170.0,14.0,0.8410096385288272,80.0,26.0,0.3138261674088132,0.902,1.736,0.287,0.958,0.958
1605,5357,portrait,long_axis_measured,18.22767383187486,,60.0,40.0,0.5021251172613982,150.0,23.0,-0.0201491996462904,2.647,1.506,0.803,0.596,0.596
1606,8504,portrait,long_axis_measured,17.635372595258982,,80.0,12.0,0.7243635167920295,170.0,31.0,0.5489007804667055,0.773,2.061,0.301,0.954,0.954
1607,4918,portrait,long_axis_measured,16.983883018377796,,80.0,24.0,0.4918161183359511,170.0,17.0,0.4011428432263596,1.592,1.089,0.98,0.198,0.98
1608,8712,portrait,long_axis_measured,17.832639527182767,,80.0,24.0,0.5520520230115908,170.0,14.0,0.4946044379593313,1.598,0.901,0.962,0.274,0.962
1609,7769,unknown,unresolved,16.441392127194913,both pitches match a module long axis; ambiguous,80.0,20.0,0.3040308642159792,170.0,31.0,0.2586700969025172,1.321,1.995,0.947,0.321,
1610,7327,portrait,long_axis_measured,17.865283681024774,,170.0,11.0,0.618727360356383,80.0,25.0,0.3503657495572775,0.708,1.665,0.28,0.96,0.96
1611,2671,portrait,long_axis_measured,17.295591359290217,,130.0,35.0,0.8456895982464427,40.0,30.0,0.18357098706232478,2.309,1.954,0.831,0.557,0.557
1612,13280,portrait,long_axis_measured,19.423539962861675,,170.0,16.0,0.5998789381567351,80.0,30.0,0.4378231095899587,1.031,2.016,0.26,0.966,0.966
1613,2760,unknown,unresolved,17.742877393114295,no periodic peak in one or both directions,170.0,17.0,0.7721952112516738,80.0,,,,,,,
1614,5087,portrait,long_axis_measured,31.0313157225916,,80.0,28.0,0.5030923763964481,170.0,14.0,0.494257103359081,2.059,0.93,0.952,0.305,0.952
1615,7297,portrait,short_axis_inferred,19.218735620449408,,170.0,17.0,0.6744851715570309,80.0,37.0,0.1684468717656073,1.098,2.481,0.3,0.954,0.954
1616,3299,landscape,long_axis_measured,34.03544220197905,,80.0,26.0,0.33618693797171983,170.0,12.0,0.25929641004166476,1.714,0.915,0.215,0.977,0.215
1617,5165,portrait,short_axis_inferred,14.557457251214156,,160.0,13.0,0.5092552838247273,70.0,35.0,0.1682551360706826,0.838,2.288,0.465,0.885,0.885
1618,0,unknown,insufficient_pixels,25.38079508511753,only 1624 image pixels; need 2500 for a reliable grid,,,,,,,,,,,
1619,3041,portrait,long_axis_measured,36.37922937285122,,170.0,14.0,0.5846589423669094,80.0,24.0,0.5162469464200965,0.942,1.874,0.287,0.958,0.958
1620,5664,landscape,long_axis_measured,21.80328971021531,,170.0,20.0,0.5182325985865636,80.0,40.0,0.136349135249611,1.296,2.727,0.28,0.96,0.28
1621,0,unknown,insufficient_pixels,18.48044139276663,only 1530 image pixels; need 2500 for a reliable grid,,,,,,,,,,,
1622,3866,unknown,unresolved,18.18544089847004,both pitches match a module long axis; ambiguous,170.0,20.0,0.3836957271992873,80.0,30.0,0.2759311780360424,1.289,2.0,0.297,0.955,
1623,3234,portrait,long_axis_measured,17.355952215057147,,80.0,14.0,0.8382939439350825,170.0,27.0,0.5842575282383391,0.902,1.792,0.306,0.952,0.952
1624,4318,unknown,unresolved,35.698973193360686,"no pitch within 30% of 1.65 m or 0.99 m; likely row pitch, not module pitch",110.0,28.0,0.5122922377653607,20.0,40.0,0.0467313146462545,2.171,2.676,0.963,0.271,
1625,0,unknown,no_plane_fit,45.403191546242766,no usable lidar plane fit,,,,,,,,,,,
1626,0,unknown,no_plane_fit,36.47293212938103,no usable lidar plane fit,,,,,,,,,,,
1627,14646,unknown,unresolved,7.510059964362428,both pitches match a module short axis; ambiguous,170.0,14.0,0.5233294708900941,80.0,16.0,0.3152925545434766,0.896,1.018,0.959,0.284,
1628,6396,portrait,long_axis_measured,19.12994736912303,,170.0,11.0,0.3810954403041266,80.0,25.0,0.1635038267550376,0.711,1.675,0.314,0.949,0.949
1629,0,unknown,insufficient_pixels,17.491313954291098,only 1586 image pixels; need 2500 for a reliable grid,,,,,,,,,,,
1630,5724,unknown,unresolved,20.45707791359406,both pitches match a module long axis; ambiguous,170.0,31.0,0.5079142551686913,80.0,24.0,0.2956244810266974,2.01,1.621,0.329,0.944,
1631,0,unknown,insufficient_pixels,20.049195735770645,only 2496 image pixels; need 2500 for a reliable grid,,,,,,,,,,,
1632,6150,portrait,long_axis_measured,18.280241826585105,,30.0,30.0,0.58282566514859,120.0,41.0,0.3474441228019566,1.998,2.654,0.927,0.375,0.927
1633,0,unknown,insufficient_pixels,28.240257217107416,only 1492 image pixels; need 2500 for a reliable grid,,,,,,,,,,,
1634,0,unknown,no_plane_fit,39.911829386063474,no usable lidar plane fit,,,,,,,,,,,
1635,0,unknown,insufficient_pixels,29.622283398271616,only 1586 image pixels; need 2500 for a reliable grid,,,,,,,,,,,
1636,0,unknown,insufficient_pixels,28.29597060691605,only 1260 image pixels; need 2500 for a reliable grid,,,,,,,,,,,
1637,4579,landscape,long_axis_measured,20.89156132849379,,60.0,36.0,0.5197080254229919,150.0,22.0,0.0080598264507096,2.432,1.435,0.915,0.404,0.404
1638,0,unknown,no_plane_fit,72.59568751181024,no usable lidar plane fit,,,,,,,,,,,
1639,5917,unknown,unresolved,9.50510184099348,both pitches match a module long axis; ambiguous,60.0,28.0,0.2386353755414326,150.0,29.0,0.0606536480319541,1.798,1.857,0.795,0.606,
1640,0,unknown,no_plane_fit,28.55168732176001,no usable lidar plane fit,,,,,,,,,,,
1641,6226,unknown,unresolved,13.676600407629088,no periodic peak in one or both directions,60.0,19.0,0.3444275886912545,150.0,,,,,,,
1642,3108,unknown,unresolved,14.3422263597622,both pitches match a module long axis; ambiguous,90.0,23.0,0.5567315612014628,0.0,33.0,0.4359369976097365,1.507,2.099,0.998,0.057,
1643,3471,portrait,long_axis_measured,18.34957328487462,,100.0,14.0,0.4563056827084144,10.0,25.0,0.34908632921928967,0.9,1.67,0.245,0.969,0.969
1644,0,unknown,no_plane_fit,30.472587577447488,no usable lidar plane fit,,,,,,,,,,,
1645,0,unknown,insufficient_pixels,28.805226049185528,only 2232 image pixels; need 2500 for a reliable grid,,,,,,,,,,,
1646,6582,portrait,long_axis_measured,25.99359627357885,,10.0,11.0,0.7469113347902206,100.0,29.0,0.1769148121150833,0.715,2.043,0.221,0.975,0.975
1647,3326,unknown,unresolved,11.712344102367805,both pitches match a module short axis; ambiguous,100.0,15.0,0.25304537062821447,10.0,16.0,0.15870326868960385,0.972,1.022,0.962,0.274,
1648,0,unknown,insufficient_pixels,20.790569130428864,only 1276 image pixels; need 2500 for a reliable grid,,,,,,,,,,,
1649,2836,landscape,long_axis_measured,29.443321617602496,,80.0,31.0,0.7109747223666067,170.0,14.0,0.18334379573321305,2.064,1.011,0.357,0.934,0.357
1650,3102,portrait,long_axis_measured,23.33433742569811,,100.0,25.0,0.8607697759254545,10.0,14.0,0.37823778019822674,1.724,0.908,0.966,0.257,0.966
1651,6435,portrait,long_axis_measured,24.73091981167473,,10.0,12.0,0.6752810236220409,100.0,23.0,0.363265718825296,0.781,1.602,0.262,0.965,0.965
1652,0,unknown,insufficient_pixels,22.50175790140102,only 1435 image pixels; need 2500 for a reliable grid,,,,,,,,,,,
1653,4486,unknown,unresolved,35.15424594893367,"no pitch within 30% of 1.65 m or 0.99 m; likely row pitch, not module pitch",20.0,40.0,0.4576626381885094,110.0,31.0,0.0150402781785146,2.883,2.284,0.653,0.757,
1654,3888,portrait,long_axis_measured,28.008858454509227,,100.0,26.0,0.5634341290748154,10.0,14.0,0.2552042105787911,1.868,0.903,0.991,0.136,0.991
1655,2650,portrait,long_axis_measured,35.387445781074874,,100.0,14.0,0.888694368571584,10.0,18.0,0.1307034254624107,0.93,1.393,0.241,0.971,0.971
1656,4545,unknown,unresolved,26.240399717148048,"no pitch within 30% of 1.65 m or 0.99 m; likely row pitch, not module pitch",50.0,34.0,0.6973350429668218,140.0,36.0,0.2664029778525315,2.352,2.438,0.796,0.605,
1657,6658,unknown,unresolved,17.638398669316654,both pitches match a module short axis; ambiguous,80.0,14.0,0.7854840986522718,170.0,13.0,0.2961683816860875,0.899,0.865,0.234,0.972,
1658,6642,landscape,long_axis_measured,26.52278851097058,,100.0,13.0,0.57524202480284,10.0,25.0,0.3214943024632262,0.919,1.631,0.967,0.253,0.253
1659,3406,unknown,unresolved,37.47380591587881,both pitches match a module long axis; ambiguous,100.0,15.0,0.7050668291475469,10.0,18.0,0.09053409226691587,1.191,1.203,0.971,0.24,
1660,9832,unknown,unresolved,43.69390573043091,no periodic peak in one or both directions,90.0,14.0,0.3329907382669757,0.0,,,,,,,
1661,3893,portrait,long_axis_measured,27.28114183450531,,10.0,14.0,0.7610594378484126,100.0,19.0,0.1535088119450493,0.913,1.353,0.241,0.971,0.971
1662,10313,unknown,unresolved,7.647720872599871,both pitches match a module long axis; ambiguous,100.0,19.0,0.4596231807010521,10.0,28.0,0.1615687118413188,1.21,1.793,0.298,0.955,
1663,3195,portrait,long_axis_measured,29.59975556893298,,10.0,12.0,0.5051502920150924,100.0,16.0,0.19855978574790709,0.788,1.163,0.25,0.968,0.968
1664,0,unknown,insufficient_pixels,24.15413324514332,only 1616 image pixels; need 2500 for a reliable grid,,,,,,,,,,,
1665,3179,unknown,unresolved,33.67614186628844,both pitches match a module short axis; ambiguous,10.0,14.0,0.5505300222077368,100.0,13.0,-0.02222357476594208,0.927,0.986,0.245,0.97,
1666,2915,portrait,short_axis_inferred,21.63336456579245,,150.0,38.0,0.5304211999917273,60.0,14.0,0.2597118098507646,2.584,0.911,0.94,0.341,0.94
1667,5438,portrait,long_axis_measured,17.50845854110223,,10.0,13.0,0.6570562503373453,100.0,26.0,0.3085205168325184,0.833,1.73,0.194,0.981,0.981
1668,2964,unknown,unresolved,21.816521727280165,"no pitch within 30% of 1.65 m or 0.99 m; likely row pitch, not module pitch",70.0,34.0,0.48365157632935857,160.0,32.0,0.1642752802191716,2.195,2.184,0.232,0.973,
1669,3102,unknown,unresolved,25.36732693928591,no periodic peak in one or both directions,90.0,26.0,0.5754623381355436,0.0,,,,,,,
1670,0,unknown,insufficient_pixels,40.5388630640788,only 1081 image pixels; need 2500 for a reliable grid,,,,,,,,,,,
1671,8424,unknown,unresolved,17.155720039445438,no periodic peak in one or both directions,30.0,24.0,0.5973108621996862,120.0,,,,,,,
1672,0,unknown,insufficient_pixels,37.45438225022587,only 1300 image pixels; need 2500 for a reliable grid,,,,,,,,,,,
1673,0,unknown,insufficient_pixels,30.200295312420767,only 1920 image pixels; need 2500 for a reliable grid,,,,,,,,,,,
1674,8698,unknown,unresolved,19.29227176744781,both pitches match a module long axis; ambiguous,70.0,31.0,0.1629936394281688,160.0,26.0,-0.0304588101472179,2.081,1.676,0.964,0.265,
1675,0,unknown,flat_or_low_tilt,1.065566659748143,tilt 1.1 deg < 5: no defined slope direction,,,,,,,,,,,
1676,3940,landscape,long_axis_measured,12.407473786429046,,10.0,26.0,0.5326732318332202,100.0,14.0,0.3701716891521709,1.661,0.91,0.258,0.966,0.258
1677,2546,unknown,unresolved,17.814715606023388,both pitches match a module long axis; ambiguous,10.0,26.0,0.44002251843408113,100.0,19.0,0.3598621268357585,1.672,1.265,0.26,0.966,
1678,5901,portrait,long_axis_measured,23.702001853987912,,10.0,14.0,0.2426769841515077,100.0,24.0,0.0781491382948136,0.909,1.659,0.265,0.964,0.964
1679,2688,unknown,unresolved,18.66314375975336,both pitches match a module short axis; ambiguous,10.0,14.0,0.30317201587637077,100.0,17.0,0.12464780344270067,0.901,1.137,0.253,0.968,
1680,0,unknown,insufficient_pixels,19.881976068662585,only 1566 image pixels; need 2500 for a reliable grid,,,,,,,,,,,
1681,2730,portrait,long_axis_measured,19.008683421648907,,40.0,31.0,0.6059793759548853,130.0,13.0,-0.0389738797683659,2.025,0.866,0.513,0.858,0.513
1682,0,unknown,insufficient_pixels,15.617401751594166,only 899 image pixels; need 2500 for a reliable grid,,,,,,,,,,,
1683,3950,unknown,unresolved,20.78059150445825,"no pitch within 30% of 1.65 m or 0.99 m; likely row pitch, not module pitch",120.0,41.0,0.19458303470273855,30.0,41.0,-0.2520427641285939,2.752,2.701,0.831,0.557,
1684,2646,unknown,unresolved,20.79399862244456,both pitches match a module long axis; ambiguous,140.0,26.0,0.668883934080945,50.0,25.0,0.04311608442261002,1.718,1.675,0.602,0.799,
1685,0,unknown,insufficient_pixels,20.36047481051741,only 896 image pixels; need 2500 for a reliable grid,,,,,,,,,,,
1686,0,unknown,insufficient_pixels,20.892386442819344,only 2368 image pixels; need 2500 for a reliable grid,,,,,,,,,,,
1687,0,unknown,insufficient_pixels,20.297112557161835,only 1769 image pixels; need 2500 for a reliable grid,,,,,,,,,,,
1688,6338,portrait,long_axis_measured,10.40717909812034,,10.0,14.0,0.7711207624665133,100.0,26.0,-0.4142338036756681,0.892,1.678,0.216,0.976,0.976
1689,0,unknown,no_plane_fit,32.34859035928665,no usable lidar plane fit,,,,,,,,,,,
1690,0,unknown,no_plane_fit,59.12547860202592,no usable lidar plane fit,,,,,,,,,,,
1691,4907,portrait,long_axis_measured,13.824660341148238,,40.0,31.0,0.6553889818306958,130.0,37.0,-0.005524472052113,2.009,2.399,0.699,0.715,0.699
1692,7566,unknown,unresolved,10.484859298237115,both pitches match a module long axis; ambiguous,100.0,20.0,0.4381983325799505,10.0,31.0,0.1161353778609002,1.274,2.001,0.209,0.978,
1693,6348,portrait,long_axis_measured,20.61178590691934,,160.0,28.0,0.1963346466011235,70.0,36.0,0.0579191132846559,1.895,2.326,0.963,0.271,0.963
1694,0,unknown,flat_or_low_tilt,0.5332084513857506,tilt 0.5 deg < 5: no defined slope direction,,,,,,,,,,,
1695,0,unknown,flat_or_low_tilt,0.1288004979902099,tilt 0.1 deg < 5: no defined slope direction,,,,,,,,,,,
1696,8557,portrait,long_axis_measured,26.91822747720073,,10.0,17.0,0.6277381419580734,100.0,27.0,0.2214633767995619,1.11,1.915,0.253,0.967,0.967
1697,0,unknown,no_plane_fit,64.61001440256153,no usable lidar plane fit,,,,,,,,,,,
1698,0,unknown,flat_or_low_tilt,0.2689168970540035,tilt 0.3 deg < 5: no defined slope direction,,,,,,,,,,,
1699,0,unknown,flat_or_low_tilt,0.7786979919641152,tilt 0.8 deg < 5: no defined slope direction,,,,,,,,,,,
1700,6075,unknown,unresolved,20.300378059294754,no periodic peak in one or both directions,90.0,26.0,0.6970349110873669,0.0,,,,,,,
1701,3628,unknown,unresolved,30.12449230675505,no periodic peak in one or both directions,90.0,23.0,0.6841383035254308,0.0,,,,,,,
1702,4508,portrait,long_axis_measured,18.153454708099343,,100.0,13.0,0.5107418794049192,10.0,25.0,0.4983633473275167,0.836,1.668,0.264,0.965,0.965
1703,3794,portrait,long_axis_measured,18.121540724302204,,90.0,24.0,0.5397001893733943,0.0,34.0,-0.06606635764959579,1.603,2.167,0.997,0.077,0.997
1704,3210,portrait,long_axis_measured,20.25868346993639,,100.0,12.0,0.4788838433281333,10.0,31.0,0.10602923320475215,0.773,2.094,0.233,0.972,0.972
1705,6357,unknown,unresolved,21.41064682750952,both pitches match a module short axis; ambiguous,90.0,14.0,0.6013255717821739,0.0,16.0,0.431356237756123,0.955,1.021,0.998,0.064,
1706,0,unknown,no_plane_fit,60.13169464029191,no usable lidar plane fit,,,,,,,,,,,
1707,7800,unknown,unresolved,34.79402126295286,both pitches match a module long axis; ambiguous,90.0,17.0,0.6520943553517167,0.0,24.0,0.2238994081206425,1.313,1.556,0.994,0.114,
1708,0,unknown,insufficient_pixels,27.31762575402352,only 1449 image pixels; need 2500 for a reliable grid,,,,,,,,,,,
1709,0,unknown,insufficient_pixels,37.33107221930193,only 682 image pixels; need 2500 for a reliable grid,,,,,,,,,,,
1710,0,unknown,flat_or_low_tilt,1.8256434357705709,tilt 1.8 deg < 5: no defined slope direction,,,,,,,,,,,
1711,3420,unknown,unresolved,36.12881244509664,both pitches match a module long axis; ambiguous,90.0,17.0,0.5586578657420791,0.0,24.0,0.24008025833302069,1.323,1.615,0.956,0.294,
1712,0,unknown,flat_or_low_tilt,1.947458865476073,tilt 1.9 deg < 5: no defined slope direction,,,,,,,,,,,
1713,8237,portrait,long_axis_measured,25.53894965400938,,10.0,14.0,0.4308879505471535,100.0,23.0,0.2031630161466309,0.909,1.614,0.224,0.975,0.975
1714,8308,unknown,unresolved,19.30411785935793,no periodic peak in one or both directions,110.0,30.0,0.4247373064182661,20.0,,,,,,,
1715,3276,unknown,unresolved,19.45885168633912,"no pitch within 30% of 1.65 m or 0.99 m; likely row pitch, not module pitch",90.0,41.0,0.5372394711771625,0.0,41.0,0.3329815866851366,2.617,2.76,0.093,0.996,
1716,4718,portrait,long_axis_measured,20.48062557816989,,90.0,30.0,0.4484125136453193,0.0,17.0,0.171921260296379,2.033,1.087,0.994,0.107,0.994
1717,7122,landscape,long_axis_measured,24.78219905521279,,90.0,21.0,0.4005944826101062,0.0,12.0,0.3959151702501579,1.335,0.839,0.008,1.0,0.008
1718,4050,portrait,long_axis_measured,20.64383278893629,,10.0,11.0,0.6312262384749372,100.0,26.0,0.2101604597602914,0.712,1.759,0.289,0.957,0.957
1719,5422,landscape,long_axis_measured,22.76282194550756,,30.0,12.0,0.5661748248563055,120.0,29.0,0.4744199517955332,0.818,1.912,0.881,0.474,0.474
1720,3444,portrait,long_axis_measured,22.875083332065543,,80.0,14.0,0.612768441724155,170.0,17.0,0.34053416242498885,0.91,1.167,0.29,0.957,0.957
1721,5638,portrait,long_axis_measured,14.38331632974504,,90.0,25.0,0.7486921835921169,0.0,11.0,0.6289434641411691,1.639,0.7,0.998,0.065,0.998
1722,0,unknown,insufficient_pixels,33.070928160406886,only 2054 image pixels; need 2500 for a reliable grid,,,,,,,,,,,
1723,0,unknown,insufficient_pixels,33.21087915175953,only 1716 image pixels; need 2500 for a reliable grid,,,,,,,,,,,
1724,13200,portrait,long_axis_measured,6.73641363732252,,10.0,13.0,0.5886554500167674,100.0,25.0,0.4726760101802676,0.827,1.598,0.252,0.968,0.968
1725,3660,unknown,unresolved,18.71911831288055,both pitches match a module short axis; ambiguous,80.0,11.0,0.4706907302420684,170.0,17.0,0.3725933956698699,0.736,1.097,0.954,0.301,
1726,3177,portrait,short_axis_inferred,13.911596484167962,,100.0,35.0,0.6699050288269133,10.0,15.0,0.3595735548051675,2.283,0.965,0.897,0.442,0.897
1727,6020,portrait,long_axis_measured,13.2739854706198,,110.0,18.0,0.485130359212049,20.0,13.0,0.464201150676821,1.169,0.838,0.833,0.553,0.833
1728,7426,portrait,long_axis_measured,12.946954617111748,,100.0,24.0,0.7483020149376163,10.0,15.0,0.7318213250023252,1.56,0.963,0.912,0.41,0.912
1729,0,unknown,no_plane_fit,29.13940083560584,no usable lidar plane fit,,,,,,,,,,,
1730,33918,landscape,long_axis_measured,18.28263819703164,,10.0,26.0,0.617443257030138,100.0,15.0,0.1853731548643949,1.682,0.999,0.364,0.931,0.364
1731,12901,unknown,unresolved,11.010618481640073,both pitches match a module short axis; ambiguous,110.0,13.0,0.8008810589999222,20.0,13.0,0.3154643919765605,0.838,0.834,0.837,0.548,
1732,14908,unknown,unresolved,9.804565145517564,both pitches match a module short axis; ambiguous,110.0,13.0,0.7340409826255379,20.0,13.0,0.4869612986871123,0.836,0.832,0.822,0.569,
1733,0,unknown,no_plane_fit,7.331083965620151,no usable lidar plane fit,,,,,,,,,,,
1734,11308,unknown,unresolved,11.191568266727112,both pitches match a module short axis; ambiguous,110.0,13.0,0.7182243590446049,20.0,13.0,0.4348496288851401,0.841,0.829,0.977,0.212,
1735,0,unknown,no_plane_fit,27.23366606385668,no usable lidar plane fit,,,,,,,,,,,
1736,17759,landscape,long_axis_measured,10.12253231426841,,100.0,15.0,0.5845343190211948,10.0,26.0,0.5707062729180653,0.966,1.661,0.926,0.377,0.377
1737,19172,unknown,unresolved,10.080106677958948,both pitches match a module short axis; ambiguous,100.0,12.0,0.6225173309032966,10.0,15.0,0.4285722221127535,0.773,0.958,0.933,0.36,
1738,0,unknown,no_plane_fit,9.615949722875111,no usable lidar plane fit,,,,,,,,,,,
1739,11310,unknown,unresolved,11.606814578707198,both pitches match a module short axis; ambiguous,110.0,16.0,0.6543655238266682,20.0,13.0,0.5474643999185921,1.036,0.832,0.926,0.379,
1740,10658,unknown,unresolved,6.8379518946372855,both pitches match a module short axis; ambiguous,110.0,13.0,0.7448449309812727,20.0,13.0,0.4087504118099153,0.831,0.827,0.982,0.19,
1741,5737,unknown,unresolved,5.432392306778272,both pitches match a module long axis; ambiguous,110.0,19.0,0.9468419081875736,20.0,27.0,0.1194241635054581,1.211,1.719,0.848,0.53,
1742,18366,unknown,unresolved,5.603171843436478,both pitches match a module short axis; ambiguous,110.0,16.0,0.6996344393745408,20.0,13.0,0.4595621131580891,1.02,0.828,0.808,0.589,
1743,0,unknown,no_plane_fit,11.11943320142607,no usable lidar plane fit,,,,,,,,,,,
1744,8294,unknown,unresolved,6.119383009540677,both pitches match a module short axis; ambiguous,110.0,13.0,0.8497940077239378,20.0,13.0,0.307397856624734,0.83,0.826,0.997,0.071,
1745,10378,portrait,long_axis_measured,6.758322296372527,,110.0,16.0,0.7046287916758966,20.0,27.0,0.4234445167190361,1.022,1.721,0.852,0.523,0.523
1746,5251,landscape,long_axis_measured,20.647601081853097,,20.0,13.0,0.7024413216728655,110.0,24.0,0.1650832229154319,0.878,1.561,0.93,0.369,0.369
1747,15414,unknown,unresolved,6.574759977184179,both pitches match a module short axis; ambiguous,110.0,12.0,0.6888228560015867,20.0,13.0,0.3228300313542769,0.766,0.829,0.813,0.582,
1748,29230,unknown,unresolved,5.320644070293455,both pitches match a module long axis; ambiguous,110.0,21.0,0.638995943207014,20.0,27.0,0.611772925822455,1.338,1.719,0.815,0.58,
1749,10823,unknown,unresolved,8.596213737217772,both pitches match a module long axis; ambiguous,110.0,24.0,0.6951069060363212,20.0,27.0,0.1859795026349186,1.541,1.718,0.978,0.206,
1750,15996,portrait,long_axis_measured,6.098230650907878,,110.0,19.0,0.6777555975537294,20.0,13.0,0.5178647496900536,1.213,0.826,0.981,0.194,0.981
1751,13602,portrait,long_axis_measured,6.030866423796313,,110.0,19.0,0.7240720168475712,20.0,13.0,0.5250286808236613,1.212,0.828,0.884,0.467,0.884
1752,16330,unknown,unresolved,6.590997556919986,both pitches match a module short axis; ambiguous,110.0,13.0,0.5999727187100642,20.0,16.0,0.5112777366845805,0.83,1.02,0.819,0.573,
1753,31365,portrait,long_axis_measured,5.774153525886269,,20.0,13.0,0.6776895879626968,110.0,24.0,0.5128973786272244,0.828,1.53,0.575,0.818,0.818
1754,6137,portrait,long_axis_measured,20.600804485413324,,20.0,17.0,0.7060600829969249,110.0,27.0,0.6241129883887404,1.123,1.807,0.603,0.798,0.798
1755,0,unknown,insufficient_pixels,25.395563905337063,only 1330 image pixels; need 2500 for a reliable grid,,,,,,,,,,,
1756,0,unknown,no_plane_fit,21.59189236506014,no usable lidar plane fit,,,,,,,,,,,
1757,0,unknown,insufficient_pixels,25.89771953067059,only 1686 image pixels; need 2500 for a reliable grid,,,,,,,,,,,
1758,0,unknown,flat_or_low_tilt,4.1391714860039714,tilt 4.1 deg < 5: no defined slope direction,,,,,,,,,,,
1759,0,unknown,insufficient_pixels,25.76677956748825,only 1770 image pixels; need 2500 for a reliable grid,,,,,,,,,,,
1760,2802,portrait,long_axis_measured,28.1484329017567,,110.0,30.0,0.6376282024118064,20.0,16.0,0.4616406305786872,2.103,1.094,0.798,0.603,0.798
1761,4223,unknown,unresolved,18.101917961544387,no periodic peak in one or both directions,90.0,34.0,0.8135805306731954,0.0,,,,,,,
1762,8224,portrait,long_axis_measured,11.738136465218258,,20.0,16.0,0.6309957235413558,110.0,28.0,0.5129877604499185,1.029,1.809,0.581,0.814,0.814
1763,5430,portrait,long_axis_measured,20.556812695256166,,20.0,16.0,0.7244435775472228,110.0,30.0,0.2320233272983206,1.056,2.008,0.597,0.803,0.803
1764,2724,portrait,long_axis_measured,15.841566364394422,,110.0,30.0,0.8373316953163217,20.0,16.0,0.4065651200816565,1.965,1.039,0.808,0.589,0.808
1765,7082,portrait,long_axis_measured,13.038217441511364,,110.0,30.0,0.5240682405557889,20.0,12.0,0.3311662883773249,1.946,0.773,0.821,0.571,0.821
1766,2539,unknown,unresolved,31.738295567459204,both pitches match a module long axis; ambiguous,50.0,28.0,0.29534083302417197,140.0,27.0,-0.43559835898587973,1.963,1.94,0.63,0.777,
1767,3443,unknown,unresolved,19.027311260441937,both pitches match a module long axis; ambiguous,110.0,21.0,0.5196468496687039,20.0,32.0,-0.09725171804778183,1.369,2.134,0.48,0.877,
1768,6486,portrait,long_axis_measured,16.93940819989502,,110.0,13.0,0.6388843929983582,20.0,21.0,-0.1617903352255516,0.849,1.38,0.64,0.769,0.769
1769,0,unknown,insufficient_pixels,18.798979151232658,only 2347 image pixels; need 2500 for a reliable grid,,,,,,,,,,,
1770,5702,portrait,long_axis_measured,18.52454689026068,,120.0,32.0,0.5759015118820978,30.0,36.0,0.030758042546453,2.134,2.333,0.921,0.389,0.921
1771,0,unknown,insufficient_pixels,18.6261508674646,only 2002 image pixels; need 2500 for a reliable grid,,,,,,,,,,,
1772,3914,portrait,long_axis_measured,31.47563993156936,,80.0,14.0,0.6486432718085671,170.0,24.0,0.49696304541314273,0.926,1.775,0.274,0.962,0.962
1773,0,unknown,insufficient_pixels,17.616097793105453,only 1458 image pixels; need 2500 for a reliable grid,,,,,,,,,,,
1774,0,unknown,insufficient_pixels,21.55455836373664,only 1190 image pixels; need 2500 for a reliable grid,,,,,,,,,,,
1775,0,unknown,insufficient_pixels,31.35071593156715,only 1138 image pixels; need 2500 for a reliable grid,,,,,,,,,,,
1776,2970,unknown,unresolved,26.311142827622177,no periodic peak in one or both directions,140.0,29.0,0.6158980704781796,50.0,,,,,,,
1777,3952,unknown,unresolved,26.502473294766855,no periodic peak in one or both directions,40.0,39.0,0.6209186729077357,130.0,,,,,,,
1778,0,unknown,insufficient_pixels,26.831076369096973,only 1742 image pixels; need 2500 for a reliable grid,,,,,,,,,,,
1779,5572,unknown,unresolved,31.77015648278681,"no pitch within 30% of 1.65 m or 0.99 m; likely row pitch, not module pitch",130.0,37.0,0.3532341947643532,40.0,36.0,-0.1275273831339032,2.548,2.621,0.521,0.854,
1780,0,unknown,insufficient_pixels,26.92085552459604,only 1845 image pixels; need 2500 for a reliable grid,,,,,,,,,,,
1781,0,unknown,insufficient_pixels,24.938020462366183,only 2025 image pixels; need 2500 for a reliable grid,,,,,,,,,,,
1782,6240,unknown,unresolved,10.578674395923288,both pitches match a module short axis; ambiguous,170.0,18.0,0.2556913434535797,80.0,17.0,0.14889528824277,1.148,1.097,0.276,0.961,
1783,0,unknown,insufficient_pixels,18.65530892532046,only 1363 image pixels; need 2500 for a reliable grid,,,,,,,,,,,
1784,9384,unknown,unresolved,18.316919046494384,both pitches match a module short axis; ambiguous,170.0,14.0,0.459141505975818,80.0,14.0,0.4388742955621166,0.902,0.934,0.282,0.959,
1785,5490,portrait,long_axis_measured,23.388593623996066,,40.0,11.0,0.2269868421087705,130.0,31.0,0.1483979300886366,0.731,2.115,0.542,0.841,0.841
1786,8170,portrait,long_axis_measured,17.505464804167605,,0.0,15.0,0.5167926942108252,90.0,21.0,0.4246766137506729,0.955,1.398,0.053,0.999,0.999
1787,2604,portrait,long_axis_measured,16.132689689613393,,110.0,20.0,0.4390314430286176,20.0,37.0,0.16824710917501626,1.321,2.368,0.98,0.201,0.98
1788,0,unknown,insufficient_pixels,22.406138625230177,only 1885 image pixels; need 2500 for a reliable grid,,,,,,,,,,,
1789,0,unknown,insufficient_pixels,22.94571473410046,only 1665 image pixels; need 2500 for a reliable grid,,,,,,,,,,,
1790,0,unknown,insufficient_pixels,45.023296542524456,only 2493 image pixels; need 2500 for a reliable grid,,,,,,,,,,,
1791,0,unknown,insufficient_pixels,34.26027293505644,only 1344 image pixels; need 2500 for a reliable grid,,,,,,,,,,,
1792,5648,unknown,unresolved,20.884969907012547,both pitches match a module long axis; ambiguous,50.0,31.0,0.2624786634161996,140.0,22.0,-0.2004976382808039,2.061,1.467,0.684,0.73,
1793,5265,portrait,long_axis_measured,13.270675673408755,,80.0,24.0,0.4565185717386047,170.0,17.0,0.2916945066600946,1.563,1.09,0.936,0.352,0.936
1794,0,unknown,insufficient_pixels,16.467541529165572,only 1972 image pixels; need 2500 for a reliable grid,,,,,,,,,,,
1795,6693,unknown,unresolved,17.198083547530803,no periodic peak in one or both directions,60.0,19.0,0.1979814273178395,150.0,,,,,,,
1796,0,unknown,insufficient_pixels,21.68326324871197,only 1222 image pixels; need 2500 for a reliable grid,,,,,,,,,,,
1797,7236,portrait,long_axis_measured,26.04657934600904,,0.0,17.0,0.2496008169178778,90.0,26.0,0.0710728045645137,1.091,1.836,0.108,0.994,0.994
1798,4132,portrait,long_axis_measured,19.53444318343083,,140.0,36.0,0.2066233992331567,50.0,20.0,-0.2292276622852246,2.389,1.32,0.75,0.661,0.661
1799,6449,unknown,unresolved,15.921202817724769,"no pitch within 30% of 1.65 m or 0.99 m; likely row pitch, not module pitch",120.0,34.0,0.7409514149513438,30.0,40.0,-0.2451025785496163,2.235,2.585,0.891,0.455,
1800,0,unknown,insufficient_pixels,19.85728803326369,only 1903 image pixels; need 2500 for a reliable grid,,,,,,,,,,,
1801,0,unknown,insufficient_pixels,26.93900503837852,only 1144 image pixels; need 2500 for a reliable grid,,,,,,,,,,,
1802,0,unknown,insufficient_pixels,28.421015880248284,only 1202 image pixels; need 2500 for a reliable grid,,,,,,,,,,,
1803,2728,portrait,long_axis_measured,16.385284026967962,,170.0,14.0,0.8261170353601575,80.0,22.0,-0.10798126682303678,0.9,1.453,0.296,0.955,0.955
1804,0,unknown,insufficient_pixels,22.37207138117706,only 725 image pixels; need 2500 for a reliable grid,,,,,,,,,,,
1805,0,unknown,no_plane_fit,46.35839287156044,no usable lidar plane fit,,,,,,,,,,,
1806,0,unknown,no_plane_fit,,no usable lidar plane fit,,,,,,,,,,,
1807,0,unknown,no_plane_fit,4.814917871422595,no usable lidar plane fit,,,,,,,,,,,
1808,0,unknown,no_plane_fit,,no usable lidar plane fit,,,,,,,,,,,
1809,3130,portrait,long_axis_measured,21.928443027025747,,170.0,11.0,0.6524249223322185,80.0,30.0,0.2906369149564116,0.713,2.047,0.284,0.959,0.959
1810,4100,portrait,short_axis_inferred,40.53320151699508,,80.0,14.0,0.9398327700400328,170.0,39.0,0.5725826225195417,0.949,3.223,0.262,0.965,0.965
1811,0,unknown,no_plane_fit,20.307425275002537,no usable lidar plane fit,,,,,,,,,,,
1812,0,unknown,flat_or_low_tilt,0.3637234323291181,tilt 0.4 deg < 5: no defined slope direction,,,,,,,,,,,
1813,0,unknown,insufficient_pixels,26.72479748241089,only 1216 image pixels; need 2500 for a reliable grid,,,,,,,,,,,
1814,0,unknown,insufficient_pixels,21.36881879847621,only 1248 image pixels; need 2500 for a reliable grid,,,,,,,,,,,
1815,0,unknown,no_plane_fit,30.524459064071856,no usable lidar plane fit,,,,,,,,,,,
1816,0,unknown,insufficient_pixels,16.408667187277842,only 1827 image pixels; need 2500 for a reliable grid,,,,,,,,,,,
1817,3237,unknown,unresolved,17.51722893553226,both pitches match a module long axis; ambiguous,90.0,27.0,0.5251611714725415,0.0,18.0,0.028406833198254093,1.725,1.198,0.135,0.991,
1818,0,unknown,insufficient_pixels,12.84674334668609,only 1081 image pixels; need 2500 for a reliable grid,,,,,,,,,,,
1819,6408,landscape,long_axis_measured,19.93354828819976,,110.0,32.0,0.4566577283347585,20.0,25.0,0.0347062560114905,2.158,1.609,0.974,0.225,0.225
1820,3624,unknown,unresolved,17.709063878935016,"no pitch within 30% of 1.65 m or 0.99 m; likely row pitch, not module pitch",130.0,39.0,0.7789847157159051,40.0,37.0,0.11759520852547145,2.57,2.424,0.764,0.645,
1821,0,unknown,flat_or_low_tilt,1.9599982487695853,tilt 2.0 deg < 5: no defined slope direction,,,,,,,,,,,
1822,0,unknown,flat_or_low_tilt,1.3291372222057638,tilt 1.3 deg < 5: no defined slope direction,,,,,,,,,,,
1823,0,unknown,no_plane_fit,58.67887043933665,no usable lidar plane fit,,,,,,,,,,,
1824,5203,portrait,long_axis_measured,30.43953302816768,,110.0,13.0,0.5857672322108441,20.0,28.0,0.0958468730359698,0.875,2.034,0.409,0.913,0.913
1825,2940,portrait,short_axis_inferred,12.54613017339518,,90.0,13.0,0.4135869911803753,0.0,39.0,0.35171653148679105,0.828,2.536,0.142,0.99,0.99
1826,0,unknown,insufficient_pixels,40.91205698134161,only 2370 image pixels; need 2500 for a reliable grid,,,,,,,,,,,
1827,3228,unknown,unresolved,26.395987159643465,both pitches match a module short axis; ambiguous,10.0,16.0,0.6522986920310171,100.0,11.0,0.25456030516401573,1.044,0.777,0.254,0.967,
1828,10584,unknown,unresolved,26.58087744204341,both pitches match a module short axis; ambiguous,50.0,13.0,0.1900726777764114,140.0,15.0,0.008612402853061,0.899,1.021,0.772,0.635,
1829,0,unknown,insufficient_pixels,30.305268896596864,only 1012 image pixels; need 2500 for a reliable grid,,,,,,,,,,,
1830,7452,unknown,unresolved,18.572799489923483,both pitches match a module short axis; ambiguous,10.0,13.0,0.4162076768028618,100.0,14.0,0.2138149650559686,0.869,0.901,0.968,0.253,
1831,2736,unknown,unresolved,17.986742746867954,both pitches match a module short axis; ambiguous,100.0,13.0,0.6147989494703255,10.0,14.0,0.3225350339583644,0.866,0.9,0.968,0.253,
1832,5078,portrait,long_axis_measured,19.60335842683412,,10.0,14.0,0.8088666165883627,100.0,27.0,0.0462992718354386,0.903,1.816,0.262,0.965,0.965
1833,3831,portrait,long_axis_measured,13.927646573865871,,0.0,16.0,0.5367990902530045,90.0,28.0,-0.15974861558701728,1.018,1.832,0.068,0.998,0.998
1834,4956,portrait,long_axis_measured,26.22531340625722,,100.0,23.0,0.5946883400297441,10.0,14.0,0.3788266426656069,1.622,0.913,0.968,0.251,0.968
1835,0,unknown,insufficient_pixels,50.4815133862032,only 1012 image pixels; need 2500 for a reliable grid,,,,,,,,,,,
1836,0,unknown,insufficient_pixels,14.502811354428438,only 1222 image pixels; need 2500 for a reliable grid,,,,,,,,,,,
1837,0,unknown,insufficient_pixels,25.958547377758947,only 2444 image pixels; need 2500 for a reliable grid,,,,,,,,,,,
1838,4050,portrait,long_axis_measured,25.504121557387588,,90.0,26.0,0.7123956267190268,0.0,34.0,0.0393783648008545,1.829,2.171,0.998,0.058,0.998
1839,4674,portrait,long_axis_measured,7.245206663454317,,90.0,28.0,0.5877178602344586,0.0,17.0,0.3056276908748647,1.792,1.082,0.971,0.24,0.971
1840,7673,portrait,long_axis_measured,15.718207774461664,,0.0,11.0,0.5368017716386287,90.0,24.0,0.2773634823444884,0.7,1.583,0.049,0.999,0.999
1841,2745,portrait,long_axis_measured,14.585008305854425,,100.0,24.0,0.6946898609813681,10.0,14.0,0.20075207845590198,1.569,0.903,0.885,0.465,0.885
1842,6904,unknown,unresolved,18.89023381472488,weak periodicity (max ac 0.06),30.0,33.0,0.0603949452056234,120.0,38.0,-0.0775558383486897,,,,,
1843,0,unknown,insufficient_pixels,7.44938648802079,only 906 image pixels; need 2500 for a reliable grid,,,,,,,,,,,
1844,4786,unknown,unresolved,28.79916102466776,both pitches match a module long axis; ambiguous,10.0,20.0,0.4816703003546215,100.0,17.0,0.4730682044769143,1.31,1.227,0.244,0.97,
1845,7139,portrait,short_axis_inferred,18.84708198006657,,100.0,11.0,0.7076698487387365,10.0,37.0,0.055495818584473,0.708,2.478,0.244,0.97,0.97
1846,9326,portrait,long_axis_measured,14.14067084811434,,10.0,11.0,0.3530074616603145,100.0,25.0,0.1311860389027946,0.704,1.636,0.24,0.971,0.971
1847,3196,portrait,long_axis_measured,12.014282485089208,,90.0,27.0,0.5370635587504522,0.0,17.0,0.43548726650748953,1.753,1.081,0.997,0.077,0.997
1848,3839,unknown,unresolved,16.425997891905254,both pitches match a module long axis; ambiguous,140.0,20.0,0.5937790623076922,50.0,19.0,0.5275215632183686,1.298,1.25,0.529,0.848,
1849,6510,landscape,long_axis_measured,19.347315897964023,,10.0,26.0,0.4898457389477185,100.0,14.0,0.3463291399568644,1.675,0.94,0.255,0.967,0.255
1850,0,unknown,insufficient_pixels,33.634663574394395,only 1716 image pixels; need 2500 for a reliable grid,,,,,,,,,,,
1851,0,unknown,insufficient_pixels,33.48162781088738,only 1833 image pixels; need 2500 for a reliable grid,,,,,,,,,,,
1852,6980,portrait,long_axis_measured,17.888561615278974,,90.0,11.0,0.6503802610169072,0.0,31.0,0.177013614141203,0.701,2.068,0.08,0.997,0.997
1853,5627,unknown,unresolved,36.92275677563591,both pitches match a module short axis; ambiguous,10.0,14.0,0.5022272295983277,100.0,13.0,0.1779442484358577,0.936,1.024,0.252,0.968,
1854,6550,landscape,long_axis_measured,9.881335245334045,,60.0,32.0,0.5845256112702679,150.0,39.0,0.0386132697222834,2.044,2.511,0.383,0.924,0.383
1855,6216,unknown,unresolved,10.889053876890436,both pitches match a module long axis; ambiguous,100.0,26.0,0.2818220679279745,10.0,23.0,-0.0547460601069551,1.659,1.486,0.255,0.967,
1856,0,unknown,insufficient_pixels,13.760177914993598,only 1360 image pixels; need 2500 for a reliable grid,,,,,,,,,,,
1857,0,unknown,insufficient_pixels,13.177311710683895,only 1435 image pixels; need 2500 for a reliable grid,,,,,,,,,,,
1858,4264,portrait,long_axis_measured,18.349016567044654,,100.0,14.0,0.8270804676711272,10.0,30.0,0.4754576448564451,0.901,2.003,0.263,0.965,0.965
1859,0,unknown,insufficient_pixels,13.678228432489352,only 1720 image pixels; need 2500 for a reliable grid,,,,,,,,,,,
1860,2566,landscape,long_axis_measured,17.853213666826218,,100.0,30.0,0.5503078187789865,10.0,14.0,0.0866685165245586,1.925,0.933,0.212,0.977,0.212
1861,0,unknown,insufficient_pixels,10.576774620741226,only 896 image pixels; need 2500 for a reliable grid,,,,,,,,,,,
1862,0,unknown,insufficient_pixels,11.584580469245733,only 1300 image pixels; need 2500 for a reliable grid,,,,,,,,,,,
1863,2929,unknown,unresolved,12.092022732308124,both pitches match a module short axis; ambiguous,100.0,14.0,0.6940018807727671,10.0,13.0,0.10520503535961839,0.894,0.844,0.247,0.969,
1864,4816,portrait,long_axis_measured,26.045304908200062,,100.0,30.0,0.6432730727648597,10.0,14.0,0.5322053765722246,2.111,0.915,0.96,0.279,0.96
1865,4964,portrait,long_axis_measured,26.358462334290213,,100.0,26.0,0.7155183429238994,10.0,14.0,0.5877229316087781,1.834,0.916,0.959,0.283,0.959
1866,7626,unknown,unresolved,17.90183732824323,"no pitch within 30% of 1.65 m or 0.99 m; likely row pitch, not module pitch",140.0,34.0,0.4318541181724299,50.0,35.0,0.4033726106848633,2.219,2.315,0.559,0.829,
1867,0,unknown,insufficient_pixels,13.262967942974768,only 1833 image pixels; need 2500 for a reliable grid,,,,,,,,,,,
1868,6868,unknown,unresolved,14.053037556780223,weak periodicity (max ac 0.12),70.0,38.0,0.117603693859216,160.0,36.0,-0.161332603155946,,,,,
1869,4544,portrait,long_axis_measured,18.917107613298107,,10.0,14.0,0.651683040022836,100.0,31.0,0.5110128566034758,0.901,2.077,0.245,0.969,0.969
1870,7268,unknown,unresolved,19.88479728226457,both pitches match a module short axis; ambiguous,10.0,13.0,0.6714828172205755,100.0,12.0,0.2595783215362183,0.837,0.809,0.227,0.974,
1871,0,unknown,insufficient_pixels,39.97540405466763,only 1976 image pixels; need 2500 for a reliable grid,,,,,,,,,,,
1872,0,unknown,insufficient_pixels,26.485588465256075,only 1184 image pixels; need 2500 for a reliable grid,,,,,,,,,,,
1873,0,unknown,insufficient_pixels,16.203477479725294,only 2204 image pixels; need 2500 for a reliable grid,,,,,,,,,,,
1874,0,unknown,insufficient_pixels,18.17879900332264,only 1800 image pixels; need 2500 for a reliable grid,,,,,,,,,,,
1875,10974,unknown,unresolved,19.89046238887021,both pitches match a module long axis; ambiguous,140.0,31.0,0.7263413467064785,50.0,30.0,0.3097253387458781,2.036,2.004,0.557,0.831,
1876,6954,portrait,long_axis_measured,17.07112549104104,,10.0,14.0,0.3584216674751477,100.0,29.0,0.1848217764422086,0.898,1.924,0.232,0.973,0.973
1877,0,unknown,insufficient_pixels,9.092089830297729,only 1288 image pixels; need 2500 for a reliable grid,,,,,,,,,,,
1878,7566,portrait,long_axis_measured,20.614641067045863,,60.0,30.0,0.5377917558803427,150.0,40.0,0.1453203014905178,2.022,2.612,0.904,0.428,0.904
1879,7074,portrait,long_axis_measured,13.18836840692401,,10.0,14.0,0.5724704295939159,100.0,29.0,0.2386717416603574,0.895,1.89,0.244,0.97,0.97
1880,8528,portrait,long_axis_measured,16.086780831394456,,100.0,25.0,0.2532571299724874,10.0,16.0,0.2153376597693753,1.651,1.024,0.98,0.2,0.98
1881,7260,portrait,long_axis_measured,18.424659344468605,,100.0,25.0,0.5858450395471682,10.0,14.0,0.3589046885795597,1.67,0.901,0.968,0.25,0.968
1882,0,unknown,insufficient_pixels,24.0788994017701,only 2400 image pixels; need 2500 for a reliable grid,,,,,,,,,,,
1883,4702,unknown,unresolved,13.139692417090547,both pitches match a module long axis; ambiguous,70.0,20.0,0.4862837363511199,160.0,19.0,-0.1419557128991138,1.303,1.215,0.962,0.274,
1884,0,unknown,insufficient_pixels,23.97132357217153,only 704 image pixels; need 2500 for a reliable grid,,,,,,,,,,,
1885,2923,unknown,unresolved,26.960128272961708,both pitches match a module long axis; ambiguous,100.0,30.0,0.3361029782182353,10.0,25.0,0.1584154682948523,2.131,1.625,0.978,0.211,
1886,9271,landscape,long_axis_measured,7.752767941442729,,100.0,20.0,0.8096877404587499,10.0,36.0,0.5837310213879788,1.272,2.307,0.19,0.982,0.19
1887,0,unknown,flat_or_low_tilt,0.7368559234564206,tilt 0.7 deg < 5: no defined slope direction,,,,,,,,,,,
1888,2817,unknown,unresolved,26.10498911338143,no periodic peak in one or both directions,100.0,14.0,0.8858158185157189,10.0,,,,,,,
1889,0,unknown,no_plane_fit,,no usable lidar plane fit,,,,,,,,,,,
1890,5891,portrait,long_axis_measured,17.11209785928006,,160.0,31.0,0.1671247666607941,70.0,17.0,-0.02332917044229,2.056,1.092,0.966,0.259,0.966
1891,5822,landscape,long_axis_measured,23.50586296127021,,10.0,11.0,0.2240541936343151,100.0,25.0,0.0502086862789054,0.761,1.612,0.983,0.183,0.183
1892,0,unknown,no_plane_fit,,no usable lidar plane fit,,,,,,,,,,,
1893,5280,landscape,long_axis_measured,19.759059886461475,,10.0,14.0,0.3498971148914493,100.0,25.0,0.2688821365708552,0.943,1.612,0.966,0.258,0.258
1894,2814,unknown,unresolved,17.78540610399443,both pitches match a module long axis; ambiguous,60.0,30.0,0.4322379126686922,150.0,23.0,0.2091333541146571,1.941,1.528,0.393,0.919,
1895,0,unknown,insufficient_pixels,19.39211465641418,only 800 image pixels; need 2500 for a reliable grid,,,,,,,,,,,
1896,0,unknown,insufficient_pixels,19.79688879495096,only 2256 image pixels; need 2500 for a reliable grid,,,,,,,,,,,
1897,9444,unknown,unresolved,19.61604087423015,both pitches match a module long axis; ambiguous,40.0,21.0,0.7151087453783496,130.0,21.0,0.5214260218753836,1.413,1.352,0.972,0.234,
1898,9113,unknown,unresolved,19.654273352272668,both pitches match a module long axis; ambiguous,40.0,21.0,0.6731049320080963,130.0,21.0,0.5589790134807682,1.414,1.352,0.972,0.236,
1899,4676,landscape,long_axis_measured,20.54970107799265,,130.0,21.0,0.6305116022011737,40.0,13.0,0.5529151309181216,1.351,0.88,0.205,0.979,0.205
1900,9350,unknown,unresolved,19.58698958706081,both pitches match a module long axis; ambiguous,40.0,21.0,0.7078828088258754,130.0,21.0,0.5448620837909907,1.413,1.352,0.972,0.235,
1901,4682,landscape,long_axis_measured,20.14962826926805,,130.0,21.0,0.5951243142651494,40.0,13.0,0.586591334219609,1.349,0.878,0.194,0.981,0.194
1902,9354,unknown,unresolved,19.435878319134176,both pitches match a module long axis; ambiguous,40.0,21.0,0.7023878479574849,130.0,21.0,0.4637049685342651,1.412,1.351,0.972,0.233,
1903,4844,landscape,long_axis_measured,19.81408510538855,,130.0,21.0,0.620397893748953,40.0,13.0,0.5840926799455791,1.348,0.876,0.186,0.983,0.186
1904,19052,unknown,unresolved,14.473971312612104,both pitches match a module long axis; ambiguous,40.0,22.0,0.6937699437127632,130.0,21.0,0.3939239939953037,1.441,1.344,0.971,0.239,
1905,9320,unknown,unresolved,19.319922980837813,both pitches match a module long axis; ambiguous,40.0,21.0,0.7098041934962973,130.0,21.0,0.4043379047895574,1.411,1.351,0.972,0.235,
1906,23686,unknown,unresolved,30.05274074045375,both pitches match a module long axis; ambiguous,40.0,22.0,0.6913233399542507,130.0,19.0,0.5384485384373486,1.607,1.246,0.971,0.238,
1907,4765,landscape,long_axis_measured,19.859269877681754,,40.0,13.0,0.6233041878798866,130.0,21.0,0.4826243984618018,0.877,1.35,0.98,0.199,0.199
1908,4804,unknown,unresolved,26.574112493994978,both pitches match a module long axis; ambiguous,60.0,21.0,0.7265418696097352,150.0,25.0,0.6315092679278962,1.473,1.665,0.899,0.438,
1909,3866,portrait,long_axis_measured,21.992323387489407,,100.0,29.0,0.710356115311412,10.0,15.0,0.3493069744734241,1.975,0.979,0.926,0.377,0.926
1910,0,unknown,insufficient_pixels,14.229630055081076,only 1451 image pixels; need 2500 for a reliable grid,,,,,,,,,,,
1911,0,unknown,insufficient_pixels,14.034886033640086,only 1524 image pixels; need 2500 for a reliable grid,,,,,,,,,,,
1912,0,unknown,insufficient_pixels,13.84194346172333,only 899 image pixels; need 2500 for a reliable grid,,,,,,,,,,,
1913,19846,unknown,unresolved,19.232850127990933,both pitches match a module short axis; ambiguous,70.0,13.0,0.3787986479029366,160.0,15.0,0.0651713177751219,0.854,0.997,0.599,0.801,
1914,7331,unknown,unresolved,22.35158402574373,both pitches match a module short axis; ambiguous,140.0,12.0,0.251027786862556,50.0,13.0,0.0545928250040004,0.813,0.861,0.834,0.552,
1915,0,unknown,insufficient_pixels,22.71904149056832,only 1906 image pixels; need 2500 for a reliable grid,,,,,,,,,,,
1916,3258,portrait,long_axis_measured,22.760737190130826,,50.0,29.0,0.26628399872855074,140.0,34.0,0.16358969434174495,1.969,2.256,0.834,0.551,0.834
1917,4441,portrait,long_axis_measured,29.600226577825,,70.0,15.0,0.6940526571826008,160.0,29.0,0.2015393596020509,1.029,2.063,0.569,0.822,0.822
1918,3067,portrait,short_axis_inferred,32.88400238679799,,70.0,32.0,0.7118859194864263,160.0,14.0,0.3459073176717639,2.274,1.01,0.663,0.748,0.663
1919,4251,unknown,unresolved,33.01028803724091,both pitches match a module long axis; ambiguous,70.0,17.0,0.7034244217878522,160.0,23.0,0.3903450986550601,1.208,1.663,0.658,0.753,
1920,2777,portrait,short_axis_inferred,33.940944797153456,,70.0,32.0,0.6631615371898402,160.0,14.0,0.43479350502343084,2.292,1.018,0.667,0.745,0.667
1921,2838,portrait,long_axis_measured,34.09704741229415,,70.0,14.0,0.6756243908392331,160.0,22.0,-0.21108063101381563,1.002,1.605,0.657,0.754,0.754
1922,0,unknown,insufficient_pixels,32.85895070796676,only 675 image pixels; need 2500 for a reliable grid,,,,,,,,,,,
1923,0,unknown,insufficient_pixels,33.84137505176578,only 1300 image pixels; need 2500 for a reliable grid,,,,,,,,,,,
1924,6722,unknown,unresolved,25.18976889906837,both pitches match a module short axis; ambiguous,80.0,15.0,0.6470784063834801,170.0,16.0,0.1872025419729803,1.047,1.048,0.946,0.325,
1925,3058,portrait,long_axis_measured,23.23849549103468,,160.0,13.0,0.8481228572628353,70.0,22.0,0.010196269833703676,0.867,1.495,0.591,0.807,0.807
1926,7038,portrait,long_axis_measured,19.374759938707005,,160.0,12.0,0.5283636731479087,70.0,27.0,0.1911104184348164,0.787,1.799,0.565,0.825,0.825
1927,0,unknown,no_plane_fit,40.32004422545701,no usable lidar plane fit,,,,,,,,,,,
1928,9290,portrait,long_axis_measured,24.12795313669356,,160.0,13.0,0.7613332635545874,70.0,27.0,0.4067200924370962,0.871,1.844,0.592,0.806,0.806
1929,0,unknown,no_plane_fit,68.42982100396173,no usable lidar plane fit,,,,,,,,,,,
1930,5950,portrait,short_axis_inferred,15.06996217135491,,70.0,16.0,0.5631275243800568,160.0,33.0,0.4256075276877394,1.037,2.155,0.591,0.807,0.807
1931,3804,portrait,long_axis_measured,22.97262636996337,,170.0,23.0,0.5789307247570786,80.0,15.0,0.1447840485066909,1.571,0.988,0.89,0.456,0.89
1932,0,unknown,insufficient_pixels,33.35024949383096,only 1476 image pixels; need 2500 for a reliable grid,,,,,,,,,,,
1933,0,unknown,flat_or_low_tilt,3.371070932115247,tilt 3.4 deg < 5: no defined slope direction,,,,,,,,,,,
1934,4602,unknown,unresolved,13.054204757455404,no periodic peak in one or both directions,140.0,21.0,0.4956045522706491,50.0,,,,,,,
1935,4034,portrait,long_axis_measured,13.973142515376168,,170.0,14.0,0.4465442346453959,80.0,26.0,-0.248620745230511,0.898,1.698,0.339,0.941,0.941
1936,0,unknown,insufficient_pixels,25.93869778944953,only 1645 image pixels; need 2500 for a reliable grid,,,,,,,,,,,
1937,0,unknown,insufficient_pixels,28.765063390327946,only 1312 image pixels; need 2500 for a reliable grid,,,,,,,,,,,
1938,2521,unknown,unresolved,30.823953891519174,both pitches match a module long axis; ambiguous,120.0,24.0,0.7147730617802939,30.0,25.0,0.08387099287457764,1.772,1.618,0.991,0.134,
1939,2725,unknown,unresolved,31.4805820210321,no periodic peak in one or both directions,70.0,12.0,0.7824346289475737,160.0,,,,,,,
1940,0,unknown,insufficient_pixels,29.723565255067644,only 1878 image pixels; need 2500 for a reliable grid,,,,,,,,,,,
1941,0,unknown,insufficient_pixels,25.9015447681101,only 1656 image pixels; need 2500 for a reliable grid,,,,,,,,,,,
1942,3324,portrait,long_axis_measured,30.90526542255332,,120.0,20.0,0.5273556052375845,30.0,16.0,0.41219165922682843,1.475,1.046,0.979,0.204,0.979
1943,2838,unknown,unresolved,13.585704114525551,both pitches match a module long axis; ambiguous,100.0,28.0,0.45743970976234505,10.0,25.0,-0.04706870733630123,1.781,1.633,0.059,0.998,
1944,3672,portrait,short_axis_inferred,34.15033306196961,,160.0,13.0,0.4024767198332282,70.0,29.0,-0.19114718887551657,0.905,2.163,0.509,0.861,0.861
1945,7316,unknown,unresolved,31.10418881895477,both pitches match a module short axis; ambiguous,80.0,15.0,0.7373490232805152,170.0,12.0,0.1962183216717616,1.011,0.878,0.402,0.916,
1946,0,unknown,no_plane_fit,74.27934481997352,no usable lidar plane fit,,,,,,,,,,,
1947,0,unknown,no_plane_fit,78.35037352859217,no usable lidar plane fit,,,,,,,,,,,
1948,9258,portrait,short_axis_inferred,33.2821660263328,,80.0,15.0,0.5053482394635039,170.0,31.0,0.3326539565490405,1.018,2.318,0.394,0.919,0.919
1949,4558,portrait,short_axis_inferred,33.11705935212384,,130.0,11.0,0.4019244287643705,40.0,35.0,0.1223400184958103,0.755,2.597,0.46,0.888,0.888
1950,0,unknown,flat_or_low_tilt,0.2235258995411498,tilt 0.2 deg < 5: no defined slope direction,,,,,,,,,,,
1951,4758,portrait,long_axis_measured,26.350085567136063,,80.0,15.0,0.7442189029735138,170.0,23.0,0.2218282270708303,0.993,1.615,0.392,0.92,0.92
1952,3374,portrait,long_axis_measured,44.432918062763214,,50.0,37.0,0.4113361493465328,140.0,20.0,0.013907578741707649,3.083,1.51,0.832,0.555,0.555
1953,8580,unknown,unresolved,17.725623694445268,"no pitch within 30% of 1.65 m or 0.99 m; likely row pitch, not module pitch",130.0,38.0,0.5837579908570236,40.0,38.0,0.3046073154328192,2.512,2.479,0.828,0.56,
1954,14600,portrait,long_axis_measured,18.14943622734787,,80.0,14.0,0.5461314960805852,170.0,31.0,-0.0060057790000175,0.901,2.067,0.276,0.961,0.961
1955,5712,unknown,unresolved,33.74650664067898,"no pitch within 30% of 1.65 m or 0.99 m; likely row pitch, not module pitch",90.0,37.0,0.6628738944484783,0.0,30.0,0.2664349690559944,2.35,2.291,0.002,1.0,
1956,5684,portrait,long_axis_measured,22.480990775373403,,70.0,31.0,0.6524785940041673,160.0,16.0,0.2833696983501326,2.113,1.051,0.902,0.432,0.902
1957,6162,unknown,unresolved,25.2395317169619,"no pitch within 30% of 1.65 m or 0.99 m; likely row pitch, not module pitch",30.0,41.0,0.3827578636302804,120.0,40.0,0.0093264427480195,2.712,2.781,0.421,0.907,
1958,0,unknown,no_plane_fit,71.88114083473764,no usable lidar plane fit,,,,,,,,,,,
1959,5084,portrait,long_axis_measured,23.845523897681907,,170.0,11.0,0.4656932721270654,80.0,28.0,0.263591765607075,0.716,1.937,0.281,0.96,0.96
1960,0,unknown,flat_or_low_tilt,3.753470936864258,tilt 3.8 deg < 5: no defined slope direction,,,,,,,,,,,
1961,0,unknown,flat_or_low_tilt,2.323911705103559,tilt 2.3 deg < 5: no defined slope direction,,,,,,,,,,,
1962,0,unknown,flat_or_low_tilt,0.5176966607603548,tilt 0.5 deg < 5: no defined slope direction,,,,,,,,,,,
1963,0,unknown,flat_or_low_tilt,0.643367466800986,tilt 0.6 deg < 5: no defined slope direction,,,,,,,,,,,
1964,0,unknown,flat_or_low_tilt,0.0841686324545501,tilt 0.1 deg < 5: no defined slope direction,,,,,,,,,,,
1965,0,unknown,flat_or_low_tilt,0.4565631327792097,tilt 0.5 deg < 5: no defined slope direction,,,,,,,,,,,
1966,2869,portrait,long_axis_measured,14.130111962960974,,170.0,14.0,0.7978824728421614,80.0,23.0,0.03512137841283274,0.898,1.503,0.326,0.945,0.945
1967,4814,unknown,unresolved,27.715354696772664,"no pitch within 30% of 1.65 m or 0.99 m; likely row pitch, not module pitch",60.0,37.0,0.3750412684512222,150.0,40.0,0.0135841942072322,2.622,2.669,0.907,0.422,
1968,3219,unknown,unresolved,18.40946621396387,both pitches match a module short axis; ambiguous,0.0,15.0,0.7868569930099673,90.0,16.0,0.6597356017030049,0.954,1.071,0.041,0.999,
1969,0,unknown,insufficient_pixels,18.61781023613968,only 1740 image pixels; need 2500 for a reliable grid,,,,,,,,,,,
1970,0,unknown,insufficient_pixels,10.505188267403556,only 1092 image pixels; need 2500 for a reliable grid,,,,,,,,,,,
1971,2750,portrait,short_axis_inferred,17.004279217082903,,70.0,16.0,0.2835973666101551,160.0,38.0,0.2445823234932722,1.028,2.519,0.262,0.965,0.965
1972,0,unknown,insufficient_pixels,22.825618527229345,only 1248 image pixels; need 2500 for a reliable grid,,,,,,,,,,,
1973,0,unknown,no_plane_fit,35.908474822521114,no usable lidar plane fit,,,,,,,,,,,
1974,4264,portrait,short_axis_inferred,9.06995293047439,,120.0,36.0,0.4867874177006668,30.0,15.0,0.1061162036314492,2.306,0.961,0.685,0.729,0.685
1975,0,unknown,insufficient_pixels,16.95573847193451,only 656 image pixels; need 2500 for a reliable grid,,,,,,,,,,,
1976,0,unknown,insufficient_pixels,18.43963644457466,only 1665 image pixels; need 2500 for a reliable grid,,,,,,,,,,,
1977,0,unknown,no_plane_fit,64.21887359031686,no usable lidar plane fit,,,,,,,,,,,
1978,3332,portrait,long_axis_measured,10.895350580354444,,130.0,18.0,0.9090710660351441,40.0,14.0,-0.007696139534322254,1.164,0.892,0.987,0.159,0.987
1979,0,unknown,no_plane_fit,41.11494810537467,no usable lidar plane fit,,,,,,,,,,,
1980,7000,landscape,long_axis_measured,19.72227269269471,,90.0,28.0,0.4006342949483352,0.0,33.0,0.1066932024522874,1.781,2.226,0.032,0.999,0.032
1981,0,unknown,flat_or_low_tilt,1.4698086726550954,tilt 1.5 deg < 5: no defined slope direction,,,,,,,,,,,
1982,0,unknown,flat_or_low_tilt,4.685276143211565,tilt 4.7 deg < 5: no defined slope direction,,,,,,,,,,,
1983,9980,unknown,unresolved,22.51869316573144,both pitches match a module long axis; ambiguous,30.0,24.0,0.4165903637575445,120.0,22.0,0.4102522498945241,1.58,1.498,0.467,0.884,
1984,4590,unknown,unresolved,22.057652889859607,no periodic peak in one or both directions,60.0,35.0,0.2728611379405827,150.0,,,,,,,
1985,6800,unknown,unresolved,18.04645435044257,"no pitch within 30% of 1.65 m or 0.99 m; likely row pitch, not module pitch",100.0,34.0,0.3567321089763851,10.0,34.0,0.166016775295017,2.263,2.198,0.931,0.365,
1986,0,unknown,insufficient_pixels,20.77997783131423,only 1360 image pixels; need 2500 for a reliable grid,,,,,,,,,,,
1987,2970,portrait,long_axis_measured,22.92576746503413,,90.0,25.0,0.6989297909269467,0.0,13.0,0.43475156497329254,1.723,0.833,0.994,0.113,0.994
1988,9713,landscape,long_axis_measured,17.91005583640198,,10.0,26.0,0.5973778352275095,100.0,12.0,0.3943194935856093,1.671,0.8,0.249,0.968,0.249
1989,3736,unknown,unresolved,18.45698822355871,both pitches match a module long axis; ambiguous,40.0,31.0,0.6277737372899169,130.0,22.0,-0.05373572506659821,2.046,1.448,0.734,0.679,
1990,0,unknown,no_plane_fit,51.00712530082627,no usable lidar plane fit,,,,,,,,,,,
1991,6646,portrait,short_axis_inferred,22.352615628915192,,110.0,12.0,0.5884197812780397,20.0,35.0,-0.1453527751086153,0.785,2.388,0.39,0.921,0.921
1992,11136,unknown,unresolved,18.57540831308352,both pitches match a module short axis; ambiguous,100.0,14.0,0.4735303216252259,10.0,14.0,0.4143422913805726,0.936,0.901,0.966,0.258,
1993,5025,portrait,short_axis_inferred,6.658253011424503,,100.0,16.0,0.6039853923647688,10.0,34.0,0.2205449226618382,1.017,2.173,0.191,0.982,0.982
1994,0,unknown,insufficient_pixels,19.38830428794181,only 1012 image pixels; need 2500 for a reliable grid,,,,,,,,,,,
1995,6542,unknown,unresolved,9.007675274300494,both pitches match a module long axis; ambiguous,40.0,31.0,0.4859441466212577,130.0,22.0,0.3093524706716536,1.986,1.409,0.705,0.709,
1996,4370,portrait,long_axis_measured,40.99362247999066,,40.0,31.0,0.3884481286648884,130.0,22.0,0.0548697896613705,2.372,1.697,0.694,0.72,0.72
1997,0,unknown,insufficient_pixels,42.23383961710612,only 1868 image pixels; need 2500 for a reliable grid,,,,,,,,,,,
1998,2585,portrait,long_axis_measured,43.81433895998015,,100.0,13.0,0.5512260096697176,10.0,20.0,0.12066454690882912,0.886,1.739,0.247,0.969,0.969
1999,0,unknown,insufficient_pixels,7.081455094987889,only 1776 image pixels; need 2500 for a reliable grid,,,,,,,,,,,
2000,3136,unknown,unresolved,11.08551639182182,both pitches match a module short axis; ambiguous,10.0,14.0,0.677788715276427,100.0,17.0,0.4445770131825209,0.893,1.099,0.245,0.969,
2001,0,unknown,flat_or_low_tilt,2.633653812379204,tilt 2.6 deg < 5: no defined slope direction,,,,,,,,,,,
2002,7611,landscape,long_axis_measured,17.84361362230657,,100.0,16.0,0.4614049557718037,10.0,31.0,-0.0702478467529591,1.066,1.99,0.974,0.228,0.228
2003,6562,portrait,long_axis_measured,14.656130016206909,,10.0,14.0,0.4405078180925098,100.0,25.0,0.4205536508786905,0.895,1.64,0.2,0.98,0.98
2004,0,unknown,no_plane_fit,53.783375563262624,no usable lidar plane fit,,,,,,,,,,,
2005,3257,unknown,unresolved,19.309486328091648,both pitches match a module short axis; ambiguous,100.0,14.0,0.4349518522157018,10.0,15.0,-0.0853022695993078,0.902,1.007,0.251,0.968,
2006,0,unknown,no_plane_fit,7.662811846621394,no usable lidar plane fit,,,,,,,,,,,
2007,0,unknown,flat_or_low_tilt,0.0538776618485651,tilt 0.1 deg < 5: no defined slope direction,,,,,,,,,,,
2008,8084,landscape,long_axis_measured,20.018346181551923,,70.0,31.0,0.4585287288741507,160.0,16.0,0.0354272132679695,2.001,1.079,0.268,0.964,0.268
2009,4901,portrait,long_axis_measured,16.10701308951325,,0.0,16.0,0.4897518361251877,90.0,23.0,0.1022246615174735,1.019,1.52,0.074,0.997,0.997
2010,5348,landscape,long_axis_measured,25.54616026659283,,10.0,23.0,0.674995761398578,100.0,14.0,0.4210117257337412,1.496,0.982,0.245,0.97,0.245
2011,2552,unknown,unresolved,25.598544869166165,no periodic peak in one or both directions,90.0,24.0,0.544881631395721,0.0,,,,,,,
2012,0,unknown,insufficient_pixels,7.590454503053954,only 964 image pixels; need 2500 for a reliable grid,,,,,,,,,,,
2013,0,unknown,insufficient_pixels,9.362592525275304,only 1189 image pixels; need 2500 for a reliable grid,,,,,,,,,,,
2014,3608,unknown,unresolved,7.414360469530865,both pitches match a module short axis; ambiguous,10.0,13.0,0.6133871197016041,100.0,11.0,0.10363206564373331,0.828,0.704,0.298,0.955,
2015,3978,portrait,long_axis_measured,39.86514759848631,,90.0,16.0,0.844461942666069,0.0,11.0,0.3578434020215969,1.323,0.709,0.998,0.067,0.998
2016,4032,portrait,long_axis_measured,17.308307147345754,,0.0,13.0,0.4258785581375113,90.0,24.0,0.2987409417465016,0.829,1.596,0.083,0.997,0.997
2017,5064,unknown,unresolved,21.48482399322588,no periodic peak in one or both directions,10.0,14.0,0.7831521548314702,100.0,,,,,,,
2018,3736,portrait,long_axis_measured,8.057643664413524,,10.0,15.0,0.4164528053633996,100.0,20.0,0.21738243641538013,0.956,1.282,0.376,0.927,0.927
2019,0,unknown,insufficient_pixels,5.072279926367544,only 2166 image pixels; need 2500 for a reliable grid,,,,,,,,,,,
2020,0,unknown,flat_or_low_tilt,0.92585001721938,tilt 0.9 deg < 5: no defined slope direction,,,,,,,,,,,
2021,0,unknown,flat_or_low_tilt,3.527516150055773,tilt 3.5 deg < 5: no defined slope direction,,,,,,,,,,,
2022,0,unknown,flat_or_low_tilt,4.599668981027292,tilt 4.6 deg < 5: no defined slope direction,,,,,,,,,,,
2023,0,unknown,flat_or_low_tilt,0.612489480371031,tilt 0.6 deg < 5: no defined slope direction,,,,,,,,,,,
2024,0,unknown,no_plane_fit,2.554805320711612,no usable lidar plane fit,,,,,,,,,,,
2025,4448,portrait,long_axis_measured,21.58424281310186,,130.0,11.0,0.7234100137951468,40.0,21.0,0.5588545488020562,0.701,1.434,0.049,0.999,0.999
2026,6314,landscape,long_axis_measured,26.660232373661948,,150.0,12.0,0.7678512872811525,60.0,22.0,0.4767977757619725,0.841,1.471,0.882,0.472,0.472
2027,6849,portrait,long_axis_measured,25.751120265329043,,70.0,11.0,0.7378860613306573,160.0,24.0,0.21607297934434,0.752,1.638,0.716,0.699,0.699
2028,0,unknown,insufficient_pixels,25.09342437120777,only 1789 image pixels; need 2500 for a reliable grid,,,,,,,,,,,
2029,6566,portrait,long_axis_measured,25.801364696584383,,70.0,14.0,0.5878975303597862,160.0,25.0,0.1536898956190875,0.958,1.704,0.726,0.688,0.688
2030,0,unknown,flat_or_low_tilt,1.1265473983484693,tilt 1.1 deg < 5: no defined slope direction,,,,,,,,,,,
2031,0,unknown,flat_or_low_tilt,1.0920474928166417,tilt 1.1 deg < 5: no defined slope direction,,,,,,,,,,,
2032,0,unknown,no_plane_fit,64.75673248881387,no usable lidar plane fit,,,,,,,,,,,
2033,0,unknown,insufficient_pixels,38.60527955887011,only 1654 image pixels; need 2500 for a reliable grid,,,,,,,,,,,
2034,2620,portrait,long_axis_measured,17.262895499001065,,160.0,14.0,0.7524014437500468,70.0,32.0,0.23733425918731907,0.92,2.095,0.742,0.671,0.671
2035,0,unknown,insufficient_pixels,29.21370879970461,only 1765 image pixels; need 2500 for a reliable grid,,,,,,,,,,,
2036,0,unknown,insufficient_pixels,40.65819335836717,only 1488 image pixels; need 2500 for a reliable grid,,,,,,,,,,,
2037,6153,unknown,unresolved,21.147921144785634,both pitches match a module short axis; ambiguous,130.0,12.0,0.6072580606608003,40.0,11.0,0.4630636455572056,0.817,0.705,0.991,0.132,
2038,0,unknown,flat_or_low_tilt,1.535472431733597,tilt 1.5 deg < 5: no defined slope direction,,,,,,,,,,,
2039,2572,unknown,unresolved,45.284595086112056,both pitches match a module long axis; ambiguous,140.0,16.0,0.31552846299924214,50.0,19.0,-0.03407187246693577,1.417,1.323,0.954,0.298,
2040,3744,portrait,short_axis_inferred,24.92323918661106,,70.0,17.0,0.9327812539087508,160.0,32.0,0.5040039184260536,1.149,2.187,0.651,0.759,0.759
2041,4984,unknown,unresolved,6.434330848830169,both pitches match a module short axis; ambiguous,70.0,14.0,0.3376412220499407,160.0,14.0,0.2461792479469285,0.89,0.895,0.159,0.987,
2042,21351,unknown,unresolved,26.58612810190115,"no pitch within 30% of 1.65 m or 0.99 m; likely row pitch, not module pitch",80.0,34.0,0.8014727596020995,170.0,31.0,0.6624721850045124,2.245,2.184,0.363,0.932,
2043,18447,portrait,long_axis_measured,26.446787379694825,,80.0,34.0,0.7677098364800552,170.0,29.0,0.46775122119795,2.244,2.041,0.363,0.932,0.932
2044,8869,unknown,unresolved,35.151604042398574,both pitches match a module short axis; ambiguous,30.0,12.0,0.6527596847925101,120.0,12.0,0.4837802006839846,0.912,0.828,0.901,0.435,
2045,7609,unknown,unresolved,33.70537757318641,no periodic peak in one or both directions,130.0,28.0,0.6473107458261537,40.0,,,,,,,
2046,19602,unknown,unresolved,26.680516620480788,"no pitch within 30% of 1.65 m or 0.99 m; likely row pitch, not module pitch",80.0,34.0,0.7728990860912063,170.0,31.0,0.6806380887679054,2.245,2.185,0.361,0.932,
2047,0,unknown,insufficient_pixels,35.091251409017914,only 1538 image pixels; need 2500 for a reliable grid,,,,,,,,,,,
2048,7290,portrait,long_axis_measured,24.76562265844166,,70.0,17.0,0.8449497424086355,160.0,24.0,0.6115163592987829,1.147,1.64,0.642,0.766,0.766
2049,18205,landscape,short_axis_inferred,26.32260721673611,,80.0,34.0,0.73025642661853,170.0,15.0,0.4933891904296963,2.243,1.054,0.361,0.933,0.361
2050,17795,unknown,unresolved,28.58219280706752,no periodic peak in one or both directions,40.0,11.0,0.4539743791193383,130.0,,,,,,,
2051,8488,unknown,unresolved,34.16459717187203,both pitches match a module short axis; ambiguous,120.0,12.0,0.8673942955737306,30.0,12.0,0.3785642735301869,0.901,0.826,0.893,0.45,
2052,0,unknown,insufficient_pixels,36.09639598194849,only 1338 image pixels; need 2500 for a reliable grid,,,,,,,,,,,
2053,0,unknown,insufficient_pixels,39.36343862183615,only 1190 image pixels; need 2500 for a reliable grid,,,,,,,,,,,
2054,0,unknown,insufficient_pixels,39.74351533905836,only 1746 image pixels; need 2500 for a reliable grid,,,,,,,,,,,
2055,0,unknown,no_plane_fit,39.06706001122113,no usable lidar plane fit,,,,,,,,,,,
2056,0,unknown,insufficient_pixels,41.93676821655063,only 1415 image pixels; need 2500 for a reliable grid,,,,,,,,,,,
2057,13005,landscape,long_axis_measured,30.18426275868251,,80.0,18.0,0.7644876639617981,170.0,35.0,0.0199545502397684,1.192,2.552,0.303,0.953,0.303
2058,0,unknown,no_plane_fit,71.78974392712225,no usable lidar plane fit,,,,,,,,,,,
2059,18520,unknown,unresolved,35.06177062995196,no periodic peak in one or both directions,60.0,18.0,0.4563556366084111,150.0,,,,,,,
2060,17658,landscape,long_axis_measured,35.298946140696366,,80.0,20.0,0.7176003760220794,170.0,28.0,0.0815260384470015,1.344,2.156,0.301,0.954,0.301
2061,0,unknown,insufficient_pixels,29.653708470321675,only 1391 image pixels; need 2500 for a reliable grid,,,,,,,,,,,
2062,11482,unknown,unresolved,40.34066117885118,"no pitch within 30% of 1.65 m or 0.99 m; likely row pitch, not module pitch",40.0,37.0,0.2881049878128959,130.0,34.0,0.2319306755439591,2.938,2.476,0.842,0.539,
2063,154653,portrait,long_axis_measured,10.298597783058693,,80.0,16.0,0.7539298276641433,170.0,26.0,0.705150708841972,1.022,1.676,0.364,0.932,0.932
2064,0,unknown,no_plane_fit,69.46920926172484,no usable lidar plane fit,,,,,,,,,,,
2065,155089,portrait,long_axis_measured,10.113695094294126,,120.0,41.0,0.7706726771021734,30.0,25.0,0.4296586608532453,2.613,1.612,0.244,0.97,0.97
2066,8946,portrait,long_axis_measured,33.42409241669049,,160.0,16.0,0.6049553046711393,70.0,24.0,0.4237610821010523,1.137,1.744,0.645,0.764,0.764
2067,11941,portrait,short_axis_inferred,29.69856791891977,,80.0,11.0,0.7852882896006379,170.0,37.0,0.0393416820280394,0.728,2.686,0.304,0.953,0.953
2068,0,unknown,insufficient_pixels,30.00642892954873,only 800 image pixels; need 2500 for a reliable grid,,,,,,,,,,,
2069,72441,unknown,unresolved,10.797517627241568,both pitches match a module short axis; ambiguous,80.0,16.0,0.6750511665297387,170.0,14.0,0.3645858003805524,1.022,0.904,0.358,0.934,
2070,33463,portrait,long_axis_measured,9.818397162876655,,80.0,16.0,0.7223874103202702,170.0,26.0,0.6557865940663977,1.021,1.674,0.352,0.936,0.936
2071,12822,portrait,long_axis_measured,30.12991859778096,,130.0,30.0,0.2798320614332588,40.0,37.0,0.2270544354830243,2.054,2.652,0.537,0.843,0.537
2072,2726,portrait,long_axis_measured,22.47293259363444,,80.0,25.0,0.5281232685600643,170.0,16.0,0.3768890724642367,1.712,1.039,0.957,0.289,0.957
2073,0,unknown,insufficient_pixels,21.42576913384991,only 1645 image pixels; need 2500 for a reliable grid,,,,,,,,,,,
2074,0,unknown,insufficient_pixels,21.403798987114325,only 2112 image pixels; need 2500 for a reliable grid,,,,,,,,,,,
2075,0,unknown,insufficient_pixels,22.259718432220712,only 1558 image pixels; need 2500 for a reliable grid,,,,,,,,,,,
2076,0,unknown,insufficient_pixels,21.011575171814183,only 1504 image pixels; need 2500 for a reliable grid,,,,,,,,,,,
2077,2624,portrait,long_axis_measured,21.10844926866253,,80.0,25.0,0.6376114279077444,170.0,16.0,0.4329778758911816,1.695,1.038,0.948,0.318,0.948
2078,8706,portrait,long_axis_measured,23.72210928276913,,170.0,17.0,0.7733123847377161,80.0,30.0,0.0866486593590928,1.107,2.072,0.297,0.955,0.955
2079,0,unknown,insufficient_pixels,24.67327559947395,only 1260 image pixels; need 2500 for a reliable grid,,,,,,,,,,,
2080,0,unknown,insufficient_pixels,24.925461866616462,only 1240 image pixels; need 2500 for a reliable grid,,,,,,,,,,,
2081,0,unknown,insufficient_pixels,33.60181680505522,only 1530 image pixels; need 2500 for a reliable grid,,,,,,,,,,,
2082,0,unknown,insufficient_pixels,29.799863224623813,only 1920 image pixels; need 2500 for a reliable grid,,,,,,,,,,,
2083,0,unknown,insufficient_pixels,23.69424172767905,only 1599 image pixels; need 2500 for a reliable grid,,,,,,,,,,,
2084,11512,unknown,unresolved,20.85175061817011,no periodic peak in one or both directions,170.0,31.0,0.1218218637275219,80.0,,,,,,,
2085,3671,unknown,unresolved,9.28114406832377,both pitches match a module short axis; ambiguous,170.0,14.0,0.6948394049441843,80.0,13.0,0.26027225167332546,0.892,0.836,0.291,0.957,
2086,5462,portrait,long_axis_measured,13.800971323186095,,170.0,17.0,0.5384404156947923,80.0,19.0,0.332895904252866,1.087,1.241,0.241,0.971,0.971
2087,4920,portrait,long_axis_measured,7.521194954486796,,170.0,17.0,0.8587694139981396,80.0,20.0,-0.0080951329943011,1.083,1.28,0.337,0.941,0.941
2088,0,unknown,no_plane_fit,31.83831346502084,no usable lidar plane fit,,,,,,,,,,,
2089,0,unknown,no_plane_fit,28.862901050748416,no usable lidar plane fit,,,,,,,,,,,
2090,0,unknown,no_plane_fit,37.985254310218274,no usable lidar plane fit,,,,,,,,,,,
2091,0,unknown,flat_or_low_tilt,2.4131005809334347,tilt 2.4 deg < 5: no defined slope direction,,,,,,,,,,,
2092,7028,unknown,unresolved,18.227364381616205,no periodic peak in one or both directions,90.0,23.0,0.3989662656022084,0.0,,,,,,,
2093,0,unknown,flat_or_low_tilt,0.8578188811087092,tilt 0.9 deg < 5: no defined slope direction,,,,,,,,,,,
2094,0,unknown,flat_or_low_tilt,0.2428551298866046,tilt 0.2 deg < 5: no defined slope direction,,,,,,,,,,,
2095,0,unknown,no_plane_fit,16.222280016177557,no usable lidar plane fit,,,,,,,,,,,
2096,0,unknown,flat_or_low_tilt,0.5368676881185847,tilt 0.5 deg < 5: no defined slope direction,,,,,,,,,,,
2097,0,unknown,no_plane_fit,34.730590363540415,no usable lidar plane fit,,,,,,,,,,,
2098,0,unknown,no_plane_fit,26.8590847552853,no usable lidar plane fit,,,,,,,,,,,
2099,2600,landscape,long_axis_measured,22.82825684386221,,170.0,12.0,0.6139736672390329,80.0,24.0,0.31042611625239647,0.821,1.575,0.912,0.411,0.411
2100,2600,landscape,short_axis_inferred,24.039513913266536,,100.0,36.0,0.7536362183958377,10.0,13.0,0.23212447909779796,2.301,0.904,0.078,0.997,0.078
2101,4745,unknown,unresolved,29.58553317377229,both pitches match a module long axis; ambiguous,80.0,26.0,0.3309404965087569,170.0,25.0,0.328749610387855,1.709,1.816,0.26,0.966,
2102,2653,landscape,long_axis_measured,24.489200731436583,,170.0,12.0,0.7560988790955394,80.0,24.0,0.3295296548412661,0.829,1.586,0.901,0.434,0.434
2103,0,unknown,insufficient_pixels,24.684509254516176,only 2394 image pixels; need 2500 for a reliable grid,,,,,,,,,,,
2104,0,unknown,insufficient_pixels,24.071175866800303,only 1473 image pixels; need 2500 for a reliable grid,,,,,,,,,,,
2105,4234,portrait,long_axis_measured,36.408375627732006,,80.0,15.0,0.5099783126995849,170.0,21.0,0.3637323661931305,1.027,1.628,0.373,0.928,0.928
2106,3308,landscape,long_axis_measured,43.75749005693445,,20.0,22.0,0.32928922304432007,110.0,33.0,-0.12646006281911779,1.482,2.877,0.206,0.978,0.206
2107,12648,portrait,long_axis_measured,18.69772520225476,,150.0,15.0,0.7101939426454543,60.0,21.0,0.2094478351828753,0.997,1.371,0.854,0.52,0.52
2108,0,unknown,flat_or_low_tilt,0.5139742873365971,tilt 0.5 deg < 5: no defined slope direction,,,,,,,,,,,
2109,3394,unknown,unresolved,39.81549766790504,both pitches match a module long axis; ambiguous,150.0,16.0,0.8662647853942546,60.0,22.0,-0.06907233552775258,1.274,1.574,0.874,0.486,
2110,3020,unknown,unresolved,45.50298942557463,both pitches match a module long axis; ambiguous,150.0,16.0,0.8236183894606204,60.0,21.0,-0.16898161475614912,1.375,1.561,0.874,0.487,
2111,0,unknown,flat_or_low_tilt,2.292882974428374,tilt 2.3 deg < 5: no defined slope direction,,,,,,,,,,,
2112,0,unknown,flat_or_low_tilt,0.3480263700562338,tilt 0.3 deg < 5: no defined slope direction,,,,,,,,,,,
2113,0,unknown,flat_or_low_tilt,0.6562205351211635,tilt 0.7 deg < 5: no defined slope direction,,,,,,,,,,,
2114,0,unknown,flat_or_low_tilt,0.5708755297044791,tilt 0.6 deg < 5: no defined slope direction,,,,,,,,,,,
2115,0,unknown,flat_or_low_tilt,2.4536170516651223,tilt 2.5 deg < 5: no defined slope direction,,,,,,,,,,,
2116,0,unknown,flat_or_low_tilt,0.5463369865504533,tilt 0.5 deg < 5: no defined slope direction,,,,,,,,,,,
2117,0,unknown,flat_or_low_tilt,0.1883347292069933,tilt 0.2 deg < 5: no defined slope direction,,,,,,,,,,,
2118,0,unknown,flat_or_low_tilt,0.9703273041596672,tilt 1.0 deg < 5: no defined slope direction,,,,,,,,,,,
2119,20452,portrait,long_axis_measured,7.883485100085044,,170.0,19.0,0.7153069299169432,80.0,17.0,0.5858823264537582,1.212,1.088,0.52,0.854,0.52
2120,0,unknown,no_plane_fit,18.21337808684636,no usable lidar plane fit,,,,,,,,,,,
2121,0,unknown,flat_or_low_tilt,0.414798891210575,tilt 0.4 deg < 5: no defined slope direction,,,,,,,,,,,
2122,53490,unknown,unresolved,15.572964114226032,both pitches match a module long axis; ambiguous,170.0,31.0,0.654431488886301,80.0,30.0,0.5394572034819849,1.996,1.972,0.374,0.928,
2123,7516,portrait,short_axis_inferred,31.101497750067896,,80.0,15.0,0.8057460174228099,170.0,30.0,0.5885538792244652,1.014,2.19,0.423,0.906,0.906
2124,3954,portrait,short_axis_inferred,44.40852916903074,,80.0,35.0,0.6402646519109196,170.0,15.0,0.34442153712726914,3.004,1.08,0.911,0.412,0.911
2125,14224,portrait,long_axis_measured,33.405626410611724,,80.0,15.0,0.666122534426591,170.0,26.0,0.3539584156769356,1.022,1.944,0.41,0.912,0.912
2126,0,unknown,flat_or_low_tilt,1.956879259313598,tilt 2.0 deg < 5: no defined slope direction,,,,,,,,,,,
2127,0,unknown,insufficient_pixels,18.98547255380559,only 1555 image pixels; need 2500 for a reliable grid,,,,,,,,,,,
2128,0,unknown,insufficient_pixels,19.88250410749439,only 986 image pixels; need 2500 for a reliable grid,,,,,,,,,,,
2129,0,unknown,insufficient_pixels,6.324422966068058,only 2483 image pixels; need 2500 for a reliable grid,,,,,,,,,,,
2130,0,unknown,insufficient_pixels,19.35154291998508,only 1786 image pixels; need 2500 for a reliable grid,,,,,,,,,,,
2131,5816,unknown,unresolved,37.49260063289312,both pitches match a module long axis; ambiguous,20.0,19.0,0.4406067945712077,110.0,21.0,0.4252956521363498,1.38,1.595,0.608,0.794,
2132,4882,portrait,long_axis_measured,31.0465065569165,,110.0,26.0,0.7093874553150167,20.0,13.0,0.468145538785592,1.871,0.899,0.82,0.572,0.82
2133,53356,landscape,long_axis_measured,7.05218964051666,,80.0,20.0,0.8058874876006052,170.0,37.0,0.300469326100853,1.273,2.366,0.326,0.945,0.326
2134,0,unknown,no_plane_fit,27.774737398532537,no usable lidar plane fit,,,,,,,,,,,
2135,0,unknown,no_plane_fit,34.74094141350896,no usable lidar plane fit,,,,,,,,,,,
2136,3478,unknown,unresolved,12.12830402871576,no periodic peak in one or both directions,0.0,11.0,0.7601588260436897,90.0,,,,,,,
2137,5122,portrait,long_axis_measured,18.310201611617096,,90.0,30.0,0.7620301395624529,0.0,13.0,0.6179213424205695,2.006,0.828,0.999,0.052,0.999
2138,5355,portrait,long_axis_measured,43.71213889003729,,160.0,13.0,0.4262716594380123,70.0,19.0,0.1522076559653041,0.964,1.582,0.517,0.856,0.856
2139,2689,landscape,long_axis_measured,30.78772456113915,,80.0,18.0,0.738153037117472,170.0,15.0,0.16900316799535914,1.206,1.096,0.368,0.93,0.368
2140,0,unknown,flat_or_low_tilt,0.5457273488435846,tilt 0.5 deg < 5: no defined slope direction,,,,,,,,,,,
2141,0,unknown,no_plane_fit,9.79973336252444,no usable lidar plane fit,,,,,,,,,,,
2142,4462,portrait,long_axis_measured,15.393969725068548,,80.0,16.0,0.5514036738050944,170.0,31.0,0.3681573319899275,1.024,2.04,0.205,0.979,0.979
2143,0,unknown,flat_or_low_tilt,0.4846030068593259,tilt 0.5 deg < 5: no defined slope direction,,,,,,,,,,,
2144,0,unknown,flat_or_low_tilt,0.7463289013162627,tilt 0.7 deg < 5: no defined slope direction,,,,,,,,,,,
2145,7344,portrait,long_axis_measured,35.754705266627994,,80.0,12.0,0.5695078580442225,170.0,22.0,0.3904092551823024,0.822,1.691,0.388,0.922,0.922
2146,0,unknown,flat_or_low_tilt,1.2340266496413668,tilt 1.2 deg < 5: no defined slope direction,,,,,,,,,,,
2147,6028,landscape,long_axis_measured,24.280338459093244,,80.0,21.0,0.3955932006061061,170.0,36.0,0.1968891335094415,1.385,2.486,0.42,0.908,0.42
2148,8988,unknown,unresolved,17.739296537624163,both pitches match a module short axis; ambiguous,170.0,15.0,0.8068224020967273,80.0,15.0,-0.0235221319037979,0.972,0.996,0.416,0.909,
2149,0,unknown,no_plane_fit,58.11430794458934,no usable lidar plane fit,,,,,,,,,,,
2150,3570,portrait,long_axis_measured,37.37576263066898,,90.0,21.0,0.5163642667029542,0.0,40.0,0.26617950684161623,1.677,2.569,0.999,0.054,0.999
2151,4737,landscape,long_axis_measured,11.05982239734829,,130.0,37.0,0.4290312055895054,40.0,20.0,-0.124946367034989,2.391,1.278,0.939,0.344,0.344
2152,8466,unknown,unresolved,16.844197655944242,both pitches match a module short axis; ambiguous,170.0,15.0,0.7976649449820674,80.0,15.0,-0.0168371269731444,0.97,0.991,0.415,0.91,
2153,0,unknown,insufficient_pixels,24.64919864055011,only 1344 image pixels; need 2500 for a reliable grid,,,,,,,,,,,
2154,5505,portrait,short_axis_inferred,27.57885014383344,,70.0,13.0,0.6956383687597182,160.0,31.0,0.1895012695024311,0.884,2.169,0.58,0.814,0.814
2155,0,unknown,insufficient_pixels,8.177294862545956,only 1950 image pixels; need 2500 for a reliable grid,,,,,,,,,,,
2156,6366,portrait,long_axis_measured,18.55624841862744,,160.0,24.0,0.5628108465607636,70.0,12.0,0.4167830518831723,1.591,0.786,0.815,0.579,0.815
2157,6224,unknown,unresolved,16.90895168648779,both pitches match a module long axis; ambiguous,170.0,26.0,0.701529950602627,80.0,21.0,0.5398523582855203,1.718,1.358,0.908,0.419,
2158,3094,portrait,long_axis_measured,11.790815512137296,,170.0,15.0,0.6460555871116486,80.0,21.0,-0.07796703802975562,0.96,1.36,0.385,0.923,0.923
2159,4638,portrait,long_axis_measured,26.05136977016116,,170.0,11.0,0.8812587187291298,80.0,25.0,0.1408659077205792,0.725,1.753,0.363,0.932,0.932
2160,4579,portrait,long_axis_measured,24.64888114964561,,170.0,15.0,0.8701435172525773,80.0,25.0,0.3586445585643042,0.985,1.735,0.36,0.933,0.933
2161,2548,portrait,long_axis_measured,33.17757533973595,,0.0,38.0,0.7478432419055435,90.0,19.0,0.16298250723051952,2.433,1.441,0.051,0.999,0.999
2162,4619,unknown,unresolved,26.88466368047045,both pitches match a module long axis; ambiguous,170.0,26.0,0.8336477772378026,80.0,24.0,0.0623138146971233,1.717,1.695,0.354,0.935,
2163,36456,unknown,unresolved,18.874024595596524,both pitches match a module long axis; ambiguous,160.0,32.0,0.8039814492632968,70.0,25.0,0.5753869362332348,2.106,1.655,0.651,0.759,
2164,2661,unknown,unresolved,28.24714047778373,no periodic peak in one or both directions,170.0,21.0,0.7462873314121499,80.0,,,,,,,
2165,0,unknown,insufficient_pixels,35.36153511720924,only 1248 image pixels; need 2500 for a reliable grid,,,,,,,,,,,
2166,0,unknown,insufficient_pixels,23.297274671795503,only 810 image pixels; need 2500 for a reliable grid,,,,,,,,,,,
2167,0,unknown,no_plane_fit,57.737623356501565,no usable lidar plane fit,,,,,,,,,,,
2168,14449,portrait,long_axis_measured,25.17549161091451,,170.0,16.0,0.3768831632556756,80.0,26.0,0.2004169469788359,1.058,1.807,0.416,0.909,0.909
2169,3468,portrait,long_axis_measured,25.066990351043227,,160.0,13.0,0.634680977559574,70.0,26.0,0.6340751014265175,0.888,1.76,0.753,0.658,0.658
2170,3755,portrait,long_axis_measured,24.113847089098133,,70.0,17.0,0.6786631812104245,160.0,21.0,0.20077247552608635,1.147,1.426,0.671,0.741,0.741
2171,10530,portrait,long_axis_measured,24.057760272099927,,80.0,15.0,0.8612107232578622,170.0,28.0,0.5272887458330727,0.988,1.931,0.409,0.913,0.913
2172,0,unknown,insufficient_pixels,35.49489400497963,only 1886 image pixels; need 2500 for a reliable grid,,,,,,,,,,,
2173,5200,portrait,short_axis_inferred,18.600505357162845,,170.0,35.0,0.4938721676179089,80.0,15.0,0.4271658531892319,2.332,0.975,0.896,0.443,0.896
2174,0,unknown,insufficient_pixels,26.09745114039486,only 2066 image pixels; need 2500 for a reliable grid,,,,,,,,,,,
2175,4482,portrait,long_axis_measured,25.2537856671788,,80.0,15.0,0.6229402551019276,170.0,24.0,0.3509523269893138,0.993,1.668,0.428,0.904,0.904
2176,4379,portrait,long_axis_measured,22.77634930899765,,80.0,15.0,0.5200213384130584,170.0,24.0,0.083153964324984,0.984,1.641,0.408,0.913,0.913
2177,8002,unknown,unresolved,24.33270600079684,both pitches match a module short axis; ambiguous,80.0,15.0,0.6106873589623905,170.0,15.0,0.2934629928120755,0.99,1.036,0.43,0.903,
2178,5409,unknown,unresolved,10.34787849516467,both pitches match a module short axis; ambiguous,160.0,13.0,0.7538564277786266,70.0,16.0,0.2114003006900803,0.834,1.029,0.617,0.787,
2179,0,unknown,insufficient_pixels,26.37572648912282,only 1409 image pixels; need 2500 for a reliable grid,,,,,,,,,,,
2180,3792,landscape,long_axis_measured,18.371489352937903,,90.0,17.0,0.5586899864149365,0.0,27.0,0.511130693815668,1.137,1.715,1.0,0.01,0.01
2181,0,unknown,insufficient_pixels,21.883109444938587,only 1930 image pixels; need 2500 for a reliable grid,,,,,,,,,,,
2182,3515,unknown,unresolved,26.198877830242232,"no pitch within 30% of 1.65 m or 0.99 m; likely row pitch, not module pitch",100.0,31.0,0.2749042899191352,10.0,38.0,-0.1290420875237808,2.19,2.46,0.983,0.184,
2183,0,unknown,no_plane_fit,54.397141994731214,no usable lidar plane fit,,,,,,,,,,,
2184,0,unknown,insufficient_pixels,26.585969110604264,only 1449 image pixels; need 2500 for a reliable grid,,,,,,,,,,,
2185,3645,portrait,long_axis_measured,22.03967313368791,,0.0,18.0,0.7587259734630045,90.0,27.0,0.5220963373291935,1.148,1.849,0.055,0.998,0.998
2186,7949,landscape,long_axis_measured,15.728614956772702,,0.0,15.0,0.6309092439561959,90.0,26.0,0.5139227120326161,0.989,1.656,0.997,0.076,0.076
2187,8847,landscape,long_axis_measured,13.290458766665266,,0.0,15.0,0.6077298077356307,90.0,27.0,0.5764406590531178,0.979,1.717,0.999,0.053,0.053
2188,10603,portrait,long_axis_measured,22.42704913278721,,160.0,16.0,0.4929927502773698,70.0,31.0,-0.139147128706763,1.058,2.104,0.523,0.853,0.853
2189,4120,portrait,long_axis_measured,33.83689000387523,,160.0,13.0,0.7227501043530801,70.0,16.0,0.4892453708366675,0.92,1.174,0.607,0.795,0.795
2190,0,unknown,flat_or_low_tilt,4.789256393232868,tilt 4.8 deg < 5: no defined slope direction,,,,,,,,,,,
2191,4050,unknown,unresolved,23.93843361961676,both pitches match a module short axis; ambiguous,90.0,16.0,0.5780803667406781,0.0,14.0,0.5531511645118566,1.112,0.892,0.999,0.034,
2192,3139,portrait,long_axis_measured,19.041199123143954,,100.0,36.0,0.9218635395401009,10.0,18.0,-0.015710538133329816,2.326,1.206,0.317,0.948,0.948
2193,2526,portrait,long_axis_measured,17.33880989782695,,100.0,12.0,0.9055374952243204,10.0,20.0,-0.03840390507533146,0.775,1.326,0.362,0.932,0.932
2194,17984,unknown,unresolved,18.725372026614536,both pitches match a module short axis; ambiguous,120.0,12.0,0.6523814522351008,30.0,12.0,0.6166447649540787,0.782,0.799,0.486,0.874,
2195,0,unknown,flat_or_low_tilt,1.903182162945413,tilt 1.9 deg < 5: no defined slope direction,,,,,,,,,,,
2196,2915,unknown,unresolved,22.53204720902226,both pitches match a module long axis; ambiguous,90.0,27.0,0.7272431459475484,0.0,21.0,0.27597687136937277,1.855,1.344,0.995,0.102,
2197,0,unknown,insufficient_pixels,22.12367717476797,only 1554 image pixels; need 2500 for a reliable grid,,,,,,,,,,,
2198,0,unknown,insufficient_pixels,29.958197379696568,only 2444 image pixels; need 2500 for a reliable grid,,,,,,,,,,,
2199,3120,landscape,short_axis_inferred,24.74831421355458,,100.0,14.0,0.6207631940920688,10.0,36.0,0.15753653422998792,0.974,2.355,0.948,0.32,0.32
2200,0,unknown,no_plane_fit,73.53155715155913,no usable lidar plane fit,,,,,,,,,,,
2201,6016,portrait,long_axis_measured,15.992140952321924,,0.0,11.0,0.5337165495540697,90.0,23.0,0.4093559076279616,0.7,1.519,0.058,0.998,0.998
2202,3858,portrait,long_axis_measured,30.945916786982977,,70.0,13.0,0.5976496922469031,160.0,25.0,0.28100320315711114,0.907,1.785,0.631,0.776,0.776
2203,5880,portrait,short_axis_inferred,12.086500083586031,,100.0,15.0,0.5620246490329516,10.0,38.0,-0.0034841355334091,0.959,2.465,0.293,0.956,0.956
2204,8460,landscape,long_axis_measured,18.27854467788106,,30.0,12.0,0.7145933918308568,120.0,23.0,0.2429573581018341,0.797,1.498,0.869,0.495,0.495
2205,3763,unknown,unresolved,45.845828285881375,"no pitch within 30% of 1.65 m or 0.99 m; likely row pitch, not module pitch",0.0,30.0,0.46126040331172724,90.0,38.0,-0.5475271207622913,2.734,2.443,0.999,0.041,
2206,5148,landscape,long_axis_measured,5.3383990727283726,,0.0,27.0,0.7875057489339969,90.0,17.0,0.622455304486233,1.715,1.084,0.043,0.999,0.043
2207,0,unknown,insufficient_pixels,53.51482792386394,only 1280 image pixels; need 2500 for a reliable grid,,,,,,,,,,,
2208,2940,portrait,long_axis_measured,26.23190321622883,,90.0,26.0,0.3457839612253816,0.0,18.0,0.12214022179777746,1.84,1.147,0.999,0.034,0.999
2209,5103,portrait,long_axis_measured,26.63447053485921,,0.0,17.0,0.4229727004243134,90.0,27.0,0.3078309794378117,1.085,1.918,0.047,0.999,0.999
2210,0,unknown,insufficient_pixels,45.11247738625157,only 1991 image pixels; need 2500 for a reliable grid,,,,,,,,,,,
2211,5330,unknown,unresolved,12.930040486929938,both pitches match a module short axis; ambiguous,110.0,13.0,0.4870340381763821,20.0,13.0,0.4666041553784384,0.844,0.837,0.85,0.527,
2212,4618,portrait,long_axis_measured,13.283326545044575,,10.0,15.0,0.7111172815189598,100.0,20.0,0.5917063152374787,0.962,1.302,0.381,0.925,0.925
2213,0,unknown,insufficient_pixels,22.04256932077062,only 2315 image pixels; need 2500 for a reliable grid,,,,,,,,,,,
2214,0,unknown,insufficient_pixels,22.137867859743277,only 1732 image pixels; need 2500 for a reliable grid,,,,,,,,,,,
2215,5902,portrait,long_axis_measured,26.43298386565156,,160.0,32.0,0.681459612186909,70.0,21.0,0.3519802786161967,2.177,1.45,0.638,0.77,0.77
2216,6075,portrait,long_axis_measured,20.23661716032789,,20.0,13.0,0.6917094821839819,110.0,18.0,0.3286425703998077,0.853,1.207,0.514,0.858,0.858
2217,0,unknown,no_plane_fit,42.23685757938895,no usable lidar plane fit,,,,,,,,,,,
2218,0,unknown,insufficient_pixels,9.312586197233246,only 1431 image pixels; need 2500 for a reliable grid,,,,,,,,,,,
2219,0,unknown,no_plane_fit,47.77599185796605,no usable lidar plane fit,,,,,,,,,,,
2220,4730,portrait,long_axis_measured,22.24111630630318,,110.0,12.0,0.544513032024725,20.0,18.0,0.1029803970857769,0.793,1.22,0.526,0.851,0.851
2221,8459,landscape,long_axis_measured,27.52061239831324,,100.0,25.0,0.3353767852839709,10.0,40.0,0.1146473901705317,1.655,2.84,0.362,0.932,0.362
2222,0,unknown,no_plane_fit,70.34194075479154,no usable lidar plane fit,,,,,,,,,,,
2223,0,unknown,flat_or_low_tilt,0.9852968739784524,tilt 1.0 deg < 5: no defined slope direction,,,,,,,,,,,
2224,0,unknown,insufficient_pixels,54.69129184544404,only 1471 image pixels; need 2500 for a reliable grid,,,,,,,,,,,
2225,0,unknown,no_plane_fit,39.56023852178778,no usable lidar plane fit,,,,,,,,,,,
2226,11776,unknown,unresolved,13.540320245174268,both pitches match a module short axis; ambiguous,10.0,15.0,0.5814936020174575,100.0,15.0,0.2576392172605874,0.963,0.978,0.387,0.922,
2227,2604,unknown,unresolved,20.33483968367128,both pitches match a module short axis; ambiguous,170.0,16.0,0.6203116712431528,80.0,11.0,0.18459270632395783,1.038,0.742,0.333,0.943,
2228,2920,portrait,long_axis_measured,32.90043772342083,,70.0,13.0,0.8442520479076817,160.0,22.0,0.21668502760233838,0.905,1.614,0.546,0.838,0.838
2229,0,unknown,insufficient_pixels,22.18769882118301,only 1960 image pixels; need 2500 for a reliable grid,,,,,,,,,,,
2230,0,unknown,insufficient_pixels,16.232883884362494,only 1860 image pixels; need 2500 for a reliable grid,,,,,,,,,,,
2231,6180,portrait,short_axis_inferred,22.93609031289603,,100.0,15.0,0.5382140854975658,10.0,40.0,0.1863573831960775,0.985,2.737,0.415,0.91,0.91
2232,3151,portrait,long_axis_measured,26.194383795853017,,160.0,13.0,0.5979313496342882,70.0,25.0,0.08126439360408891,0.879,1.731,0.592,0.806,0.806
2233,0,unknown,insufficient_pixels,18.22122762614715,only 2400 image pixels; need 2500 for a reliable grid,,,,,,,,,,,
2234,5798,landscape,long_axis_measured,19.250812471030567,,110.0,13.0,0.3917655069829003,20.0,27.0,0.3591965222924919,0.868,1.762,0.875,0.484,0.484
2235,3970,unknown,unresolved,29.13373242708237,both pitches match a module long axis; ambiguous,160.0,24.0,0.585478554476758,70.0,21.0,0.23515022344574857,1.665,1.472,0.669,0.743,
2236,0,unknown,no_plane_fit,47.078581528986064,no usable lidar plane fit,,,,,,,,,,,
2237,3713,portrait,long_axis_measured,15.469956358925986,,150.0,11.0,0.6162970109861331,60.0,26.0,0.17067042775986843,0.72,1.685,0.825,0.565,0.565
2238,0,unknown,insufficient_pixels,29.43932437151755,only 1029 image pixels; need 2500 for a reliable grid,,,,,,,,,,,
2239,0,unknown,insufficient_pixels,27.899304914686127,only 1742 image pixels; need 2500 for a reliable grid,,,,,,,,,,,
2240,0,unknown,insufficient_pixels,27.99119516809136,only 992 image pixels; need 2500 for a reliable grid,,,,,,,,,,,
2241,0,unknown,insufficient_pixels,29.813741203961573,only 2228 image pixels; need 2500 for a reliable grid,,,,,,,,,,,
2242,0,unknown,insufficient_pixels,29.73544527744641,only 1865 image pixels; need 2500 for a reliable grid,,,,,,,,,,,
2243,5670,unknown,unresolved,12.287482144958354,both pitches match a module long axis; ambiguous,70.0,32.0,0.5258020426054512,160.0,26.0,0.4489744357224782,2.069,1.675,0.787,0.617,
2244,3420,portrait,short_axis_inferred,29.218022542185377,,160.0,13.0,0.741896376419362,70.0,40.0,0.22543877208410598,0.897,2.819,0.629,0.778,0.778
2245,0,unknown,insufficient_pixels,13.182404244004616,only 2265 image pixels; need 2500 for a reliable grid,,,,,,,,,,,
2246,3346,unknown,unresolved,16.999124375156736,both pitches match a module short axis; ambiguous,110.0,13.0,0.738076328031914,20.0,13.0,0.2528023871794266,0.857,0.846,0.829,0.56,
2247,2858,unknown,unresolved,17.18788945305325,"no pitch within 30% of 1.65 m or 0.99 m; likely row pitch, not module pitch",70.0,35.0,0.37140955085956584,160.0,36.0,-0.154411449268277,2.325,2.3,0.99,0.139,
2248,6121,unknown,unresolved,9.293638076567008,both pitches match a module long axis; ambiguous,160.0,19.0,0.88460401049079,70.0,28.0,0.5429610829828404,1.217,1.796,0.63,0.777,
2249,5733,portrait,short_axis_inferred,17.934876587755564,,160.0,11.0,0.3297611578243202,70.0,36.0,0.1537951685101523,0.723,2.367,0.708,0.706,0.706
2250,9969,portrait,long_axis_measured,5.649203569162637,,120.0,13.0,0.4186785544067961,30.0,33.0,-0.1556513911558379,0.828,2.104,0.538,0.843,0.843
2251,6450,unknown,unresolved,33.58287130864772,both pitches match a module short axis; ambiguous,150.0,11.0,0.6348367603512931,60.0,14.0,0.4494365849559181,0.798,0.999,0.749,0.662,
2252,4316,portrait,short_axis_inferred,40.1678368288406,,10.0,16.0,0.5892274728618585,100.0,38.0,0.4181785586708775,1.109,3.095,0.357,0.934,0.934
2253,5126,portrait,long_axis_measured,18.76894660687936,,100.0,28.0,0.4273865910609178,10.0,14.0,0.3477206961054769,1.875,0.899,0.976,0.217,0.976
2254,3655,unknown,unresolved,33.87088216786504,both pitches match a module long axis; ambiguous,70.0,27.0,0.4834851486856274,160.0,16.0,0.2260235022073243,1.921,1.169,0.634,0.773,
2255,5081,portrait,short_axis_inferred,16.318017430696738,,100.0,15.0,0.654554391856551,10.0,40.0,0.19856575872136,0.968,2.638,0.397,0.918,0.918
2256,3324,portrait,long_axis_measured,35.27141954698276,,70.0,12.0,0.7218457869142246,160.0,22.0,0.019678764973559925,0.866,1.622,0.656,0.755,0.755
2257,7244,portrait,short_axis_inferred,16.011879585983017,,20.0,13.0,0.6187033094565653,110.0,39.0,0.1999363649522568,0.854,2.528,0.85,0.527,0.527
2258,0,unknown,insufficient_pixels,14.374059298210833,only 1375 image pixels; need 2500 for a reliable grid,,,,,,,,,,,
2259,0,unknown,insufficient_pixels,36.98715231451762,only 1102 image pixels; need 2500 for a reliable grid,,,,,,,,,,,
2260,0,unknown,insufficient_pixels,34.60911644887567,only 1435 image pixels; need 2500 for a reliable grid,,,,,,,,,,,
2261,0,unknown,insufficient_pixels,43.00422082449124,only 736 image pixels; need 2500 for a reliable grid,,,,,,,,,,,
2262,0,unknown,no_plane_fit,80.95299427202626,no usable lidar plane fit,,,,,,,,,,,
2263,5902,unknown,unresolved,14.858870668886675,both pitches match a module long axis; ambiguous,130.0,31.0,0.4367261918056549,40.0,19.0,0.0691406957555342,2.016,1.236,0.71,0.704,
2264,0,unknown,insufficient_pixels,23.832691440368706,only 2244 image pixels; need 2500 for a reliable grid,,,,,,,,,,,
2265,5514,portrait,long_axis_measured,26.50774375038317,,70.0,27.0,0.6199502942854688,160.0,15.0,0.5891468134692777,1.84,1.035,0.649,0.76,0.649
2266,0,unknown,insufficient_pixels,33.54708845930747,only 1522 image pixels; need 2500 for a reliable grid,,,,,,,,,,,
2267,0,unknown,insufficient_pixels,33.481670019687414,only 1517 image pixels; need 2500 for a reliable grid,,,,,,,,,,,
2268,0,unknown,insufficient_pixels,33.425465034970664,only 1502 image pixels; need 2500 for a reliable grid,,,,,,,,,,,
2269,0,unknown,no_plane_fit,76.50208864059478,no usable lidar plane fit,,,,,,,,,,,
2270,2632,unknown,unresolved,20.512472078099297,both pitches match a module short axis; ambiguous,100.0,15.0,0.5917587972734064,10.0,17.0,0.3351195403343239,0.978,1.146,0.404,0.915,
2271,0,unknown,flat_or_low_tilt,3.7546462562021232,tilt 3.8 deg < 5: no defined slope direction,,,,,,,,,,,
2272,2801,portrait,long_axis_measured,39.36774993411766,,100.0,15.0,0.8358790318518824,10.0,21.0,0.3020636220487571,1.04,1.689,0.373,0.928,0.928
2273,5314,portrait,long_axis_measured,29.93334502306726,,100.0,25.0,0.3839110897761116,10.0,35.0,-0.0391405106016887,1.832,2.227,1.0,0.016,1.0
2274,0,unknown,no_plane_fit,16.64969831980512,no usable lidar plane fit,,,,,,,,,,,
2275,0,unknown,no_plane_fit,13.650879581304943,no usable lidar plane fit,,,,,,,,,,,
2276,0,unknown,flat_or_low_tilt,4.810045008196727,tilt 4.8 deg < 5: no defined slope direction,,,,,,,,,,,
2277,4078,portrait,long_axis_measured,19.30731986967232,,150.0,31.0,0.5544168010330349,60.0,35.0,0.3063826881313746,2.059,2.303,0.782,0.623,0.782
2278,8150,portrait,long_axis_measured,27.230770552917505,,0.0,16.0,0.4983233856605993,90.0,22.0,0.3733034857272801,1.02,1.571,0.034,0.999,0.999
2279,0,unknown,insufficient_pixels,21.83658156466933,only 2429 image pixels; need 2500 for a reliable grid,,,,,,,,,,,
2280,6690,landscape,long_axis_measured,34.40193256610495,,140.0,13.0,0.6262011416106994,50.0,25.0,0.3121854962401918,0.989,1.684,0.945,0.328,0.328
2281,0,unknown,no_plane_fit,51.49760794372664,no usable lidar plane fit,,,,,,,,,,,
2282,5476,landscape,short_axis_inferred,33.31793700618656,,140.0,13.0,0.6218299622907041,50.0,36.0,0.1160864431300078,0.979,2.405,0.953,0.302,0.302
2283,7436,portrait,long_axis_measured,8.795162598082097,,70.0,15.0,0.579355864662692,160.0,32.0,0.2108039248696147,0.961,2.048,0.741,0.671,0.671
2284,4271,unknown,unresolved,44.79041532475095,"no pitch within 30% of 1.65 m or 0.99 m; likely row pitch, not module pitch",20.0,39.0,0.1786045220180896,110.0,38.0,-0.1040144142083292,2.614,3.377,0.182,0.983,
2285,7696,portrait,long_axis_measured,23.14083933791766,,160.0,23.0,0.3633472708094041,70.0,15.0,0.2590074822225706,1.534,1.018,0.598,0.801,0.598
2286,0,unknown,insufficient_pixels,34.35416384911527,only 1481 image pixels; need 2500 for a reliable grid,,,,,,,,,,,
2287,0,unknown,no_plane_fit,8.244346927131458,no usable lidar plane fit,,,,,,,,,,,
2288,2760,portrait,long_axis_measured,33.18094859303337,,110.0,21.0,0.33998052884422264,20.0,37.0,0.1016175011754732,1.593,2.351,1.0,0.003,1.0
2289,3973,portrait,long_axis_measured,7.408657361007121,,160.0,18.0,0.7592459998583015,70.0,21.0,0.44703412685762517,1.149,1.343,0.591,0.807,0.807
2290,2862,unknown,unresolved,5.113150688244318,both pitches match a module long axis; ambiguous,160.0,19.0,0.6399378611139459,70.0,20.0,0.42207834064240374,1.21,1.273,0.728,0.686,
2291,0,unknown,insufficient_pixels,41.71688207802443,only 2105 image pixels; need 2500 for a reliable grid,,,,,,,,,,,
2292,3047,unknown,unresolved,28.57631486690325,both pitches match a module long axis; ambiguous,160.0,19.0,0.8451650791863182,70.0,24.0,-0.09603560920324761,1.305,1.685,0.621,0.784,
2293,0,unknown,insufficient_pixels,40.98297433871296,only 1999 image pixels; need 2500 for a reliable grid,,,,,,,,,,,
2294,4029,portrait,short_axis_inferred,18.554086868787376,,160.0,16.0,0.4371853973786371,70.0,33.0,0.2190920749973206,1.051,2.183,0.638,0.77,0.77
2295,3990,portrait,long_axis_measured,7.124321469025405,,60.0,31.0,0.37595099901889456,150.0,14.0,0.14500953787655047,1.983,0.891,0.975,0.221,0.975
2296,6542,portrait,short_axis_inferred,26.38916986159156,,70.0,11.0,0.7628648449734562,160.0,34.0,0.3242672533450521,0.752,2.336,0.686,0.727,0.727
2297,0,unknown,no_plane_fit,21.68619275187689,no usable lidar plane fit,,,,,,,,,,,
2298,0,unknown,no_plane_fit,3.660677352406143,no usable lidar plane fit,,,,,,,,,,,
2299,4009,portrait,long_axis_measured,21.920258130669342,,160.0,11.0,0.6459443126258885,70.0,22.0,0.2978221270159417,0.733,1.478,0.657,0.754,0.754
2300,0,unknown,no_plane_fit,9.016761602392846,no usable lidar plane fit,,,,,,,,,,,
2301,5605,landscape,long_axis_measured,32.52389244986176,,150.0,13.0,0.619152525785277,60.0,31.0,0.1305758561510794,0.956,2.134,0.869,0.495,0.495
2302,0,unknown,insufficient_pixels,33.099047236862106,only 1411 image pixels; need 2500 for a reliable grid,,,,,,,,,,,
2303,4044,portrait,long_axis_measured,10.978609882586795,,160.0,19.0,0.6340686500495353,70.0,14.0,0.4360288545677173,1.221,0.902,0.631,0.776,0.631
2304,0,unknown,insufficient_pixels,30.0927784030067,only 1445 image pixels; need 2500 for a reliable grid,,,,,,,,,,,
2305,0,unknown,flat_or_low_tilt,0.6444931382762865,tilt 0.6 deg < 5: no defined slope direction,,,,,,,,,,,
2306,0,unknown,flat_or_low_tilt,0.5398215112954522,tilt 0.5 deg < 5: no defined slope direction,,,,,,,,,,,
2307,0,unknown,no_plane_fit,64.66648298072843,no usable lidar plane fit,,,,,,,,,,,
2308,0,unknown,insufficient_pixels,24.37671395498636,only 2330 image pixels; need 2500 for a reliable grid,,,,,,,,,,,
2309,0,unknown,insufficient_pixels,26.03217016210035,only 2138 image pixels; need 2500 for a reliable grid,,,,,,,,,,,
2310,0,unknown,insufficient_pixels,24.17369232259848,only 2358 image pixels; need 2500 for a reliable grid,,,,,,,,,,,
2311,0,unknown,insufficient_pixels,26.614461470151348,only 1961 image pixels; need 2500 for a reliable grid,,,,,,,,,,,
2312,0,unknown,insufficient_pixels,25.69447500469993,only 2140 image pixels; need 2500 for a reliable grid,,,,,,,,,,,
2313,0,unknown,no_plane_fit,70.58766667774411,no usable lidar plane fit,,,,,,,,,,,
2314,0,unknown,flat_or_low_tilt,4.37092200554726,tilt 4.4 deg < 5: no defined slope direction,,,,,,,,,,,
2315,0,unknown,insufficient_pixels,15.376912880961058,only 1842 image pixels; need 2500 for a reliable grid,,,,,,,,,,,
2316,0,unknown,no_plane_fit,4.863681252149918,no usable lidar plane fit,,,,,,,,,,,
2317,3836,unknown,unresolved,24.881805592487908,no periodic peak in one or both directions,70.0,37.0,0.4436323640892755,160.0,,,,,,,
2318,3906,portrait,short_axis_inferred,22.648829785136808,,120.0,13.0,0.47915578255395536,30.0,40.0,-0.06128140420302198,0.883,2.648,0.848,0.53,0.53
2319,4878,landscape,long_axis_measured,18.118304634211523,,100.0,14.0,0.5665758204666443,10.0,29.0,0.398367449347499,0.933,1.869,0.953,0.302,0.302
2320,5215,portrait,long_axis_measured,16.434179645883574,,100.0,14.0,0.668470366744779,10.0,31.0,0.5104353289939773,0.9,2.048,0.298,0.955,0.955
2321,4058,portrait,long_axis_measured,18.45044439016509,,120.0,11.0,0.5044744112866666,30.0,22.0,0.0177655908279699,0.73,1.437,0.841,0.542,0.542
2322,4779,unknown,unresolved,27.77634653029577,both pitches match a module short axis; ambiguous,30.0,13.0,0.5568553800120448,120.0,17.0,0.3358616028572786,0.922,1.134,0.91,0.414,
2323,6918,unknown,unresolved,13.635207095529202,both pitches match a module short axis; ambiguous,100.0,15.0,0.4409228697888201,10.0,14.0,0.2823688690808176,0.965,0.912,0.476,0.879,
2324,11786,unknown,unresolved,22.392100598609545,both pitches match a module short axis; ambiguous,10.0,16.0,0.657516341146787,100.0,14.0,0.2516454149265668,1.04,0.958,0.312,0.95,
2325,5250,portrait,long_axis_measured,33.37690569322166,,30.0,13.0,0.7922973468422554,120.0,22.0,0.5277405663008028,0.957,1.537,0.834,0.552,0.552
2326,0,unknown,no_plane_fit,24.88323946021352,no usable lidar plane fit,,,,,,,,,,,
2327,0,unknown,flat_or_low_tilt,0.4821256045102673,tilt 0.5 deg < 5: no defined slope direction,,,,,,,,,,,
2328,0,unknown,flat_or_low_tilt,0.6018256781769125,tilt 0.6 deg < 5: no defined slope direction,,,,,,,,,,,
2329,0,unknown,flat_or_low_tilt,0.4120207540674043,tilt 0.4 deg < 5: no defined slope direction,,,,,,,,,,,
2330,0,unknown,flat_or_low_tilt,0.679777102143148,tilt 0.7 deg < 5: no defined slope direction,,,,,,,,,,,
2331,0,unknown,flat_or_low_tilt,0.3647363003865074,tilt 0.4 deg < 5: no defined slope direction,,,,,,,,,,,
2332,4851,portrait,long_axis_measured,19.87065389614702,,90.0,13.0,0.8242125250779065,0.0,31.0,0.4721435976548204,0.827,2.093,0.039,0.999,0.999
2333,0,unknown,flat_or_low_tilt,0.3813698314944512,tilt 0.4 deg < 5: no defined slope direction,,,,,,,,,,,
2334,0,unknown,flat_or_low_tilt,0.4280444417960625,tilt 0.4 deg < 5: no defined slope direction,,,,,,,,,,,
2335,0,unknown,flat_or_low_tilt,0.4727566398495527,tilt 0.5 deg < 5: no defined slope direction,,,,,,,,,,,
2336,0,unknown,no_plane_fit,55.09504447224311,no usable lidar plane fit,,,,,,,,,,,
2337,0,unknown,flat_or_low_tilt,0.7728290037611523,tilt 0.8 deg < 5: no defined slope direction,,,,,,,,,,,
2338,0,unknown,flat_or_low_tilt,0.6199021386806881,tilt 0.6 deg < 5: no defined slope direction,,,,,,,,,,,
2339,0,unknown,flat_or_low_tilt,0.6682954474675799,tilt 0.7 deg < 5: no defined slope direction,,,,,,,,,,,
2340,0,unknown,insufficient_pixels,30.142938670185508,only 1909 image pixels; need 2500 for a reliable grid,,,,,,,,,,,
2341,0,unknown,no_plane_fit,33.120283548387015,no usable lidar plane fit,,,,,,,,,,,
2342,3649,unknown,unresolved,44.776610635776365,both pitches match a module long axis; ambiguous,170.0,18.0,0.7067202183304064,80.0,18.0,0.47093252072179054,1.598,1.211,0.981,0.194,
2343,0,unknown,flat_or_low_tilt,2.126338035677763,tilt 2.1 deg < 5: no defined slope direction,,,,,,,,,,,
2344,5096,portrait,short_axis_inferred,7.357112193630853,,0.0,14.0,0.4428693971994336,90.0,38.0,0.351305830494394,0.892,2.432,0.371,0.929,0.929
2345,3544,portrait,long_axis_measured,21.406908760581118,,110.0,38.0,0.315569946620061,20.0,19.0,0.16360786387855253,2.546,1.263,0.759,0.651,0.651
2346,9461,portrait,long_axis_measured,14.738636239171589,,90.0,27.0,0.2962666264115342,0.0,39.0,0.2706244090676422,1.773,2.481,0.998,0.056,0.998
2347,0,unknown,insufficient_pixels,26.899163708907626,only 2256 image pixels; need 2500 for a reliable grid,,,,,,,,,,,
2348,4416,portrait,long_axis_measured,22.14440186258773,,0.0,13.0,0.7737150794177956,90.0,23.0,0.6417365826916276,0.829,1.577,0.06,0.998,0.998
2349,0,unknown,no_plane_fit,54.81122262290884,no usable lidar plane fit,,,,,,,,,,,
2350,0,unknown,no_plane_fit,27.15229009199519,no usable lidar plane fit,,,,,,,,,,,
2351,5354,unknown,unresolved,17.01699328759061,"no pitch within 30% of 1.65 m or 0.99 m; likely row pitch, not module pitch",40.0,37.0,0.3208576823234523,130.0,39.0,-0.0460105352317309,2.414,2.565,0.611,0.791,
2352,6510,portrait,long_axis_measured,6.752606150163628,,0.0,17.0,0.4057477685543051,90.0,25.0,0.2121189743596702,1.08,1.599,0.001,1.0,1.0
2353,10058,portrait,long_axis_measured,6.54711717616392,,0.0,16.0,0.2423657202323735,90.0,24.0,0.219524480779457,1.017,1.534,0.159,0.987,0.987
2354,5544,portrait,long_axis_measured,18.997922258897933,,10.0,14.0,0.8473603789251098,100.0,27.0,0.3788171246136772,0.903,1.809,0.275,0.961,0.961
2355,7475,landscape,long_axis_measured,13.500645248965576,,100.0,20.0,0.7306522617057563,10.0,35.0,0.2494831044446414,1.28,2.283,0.281,0.96,0.281
2356,0,unknown,no_plane_fit,66.21547174183057,no usable lidar plane fit,,,,,,,,,,,
2357,7248,portrait,long_axis_measured,13.181803756863696,,10.0,16.0,0.4370021655712791,100.0,27.0,0.1751596330135951,1.026,1.758,0.36,0.933,0.933
2358,0,unknown,insufficient_pixels,18.24738182178597,only 1716 image pixels; need 2500 for a reliable grid,,,,,,,,,,,
2359,4212,portrait,long_axis_measured,17.987371967743144,,40.0,37.0,0.3400349158237493,130.0,29.0,-0.0284097149536255,2.43,1.91,0.678,0.735,0.735
2360,0,unknown,flat_or_low_tilt,0.1331529728778778,tilt 0.1 deg < 5: no defined slope direction,,,,,,,,,,,
2361,0,unknown,flat_or_low_tilt,0.1001189759906061,tilt 0.1 deg < 5: no defined slope direction,,,,,,,,,,,
2362,0,unknown,insufficient_pixels,6.5359865659604965,only 2204 image pixels; need 2500 for a reliable grid,,,,,,,,,,,
2363,6549,unknown,unresolved,33.85031855740901,"no pitch within 30% of 1.65 m or 0.99 m; likely row pitch, not module pitch",90.0,38.0,0.3629064737686112,0.0,30.0,0.260920756300518,2.43,2.293,0.041,0.999,
2364,0,unknown,insufficient_pixels,34.70624152801467,only 1170 image pixels; need 2500 for a reliable grid,,,,,,,,,,,
2365,0,unknown,insufficient_pixels,34.86317320641163,only 1378 image pixels; need 2500 for a reliable grid,,,,,,,,,,,
2366,0,unknown,insufficient_pixels,21.916198630104347,only 2115 image pixels; need 2500 for a reliable grid,,,,,,,,,,,
2367,3192,unknown,unresolved,30.49129148810032,both pitches match a module long axis; ambiguous,90.0,25.0,0.632043237205676,0.0,19.0,0.28526554310586266,1.606,1.399,0.085,0.996,
2368,0,unknown,no_plane_fit,6.146584183673853,no usable lidar plane fit,,,,,,,,,,,
2369,0,unknown,no_plane_fit,0.8353341786212242,no usable lidar plane fit,,,,,,,,,,,
2370,8394,unknown,unresolved,12.468797905399011,both pitches match a module short axis; ambiguous,170.0,15.0,0.7547342938039872,80.0,16.0,0.6721966979834544,0.962,1.038,0.405,0.914,
2371,2940,unknown,unresolved,9.90057406787004,both pitches match a module short axis; ambiguous,10.0,14.0,0.6535395500127263,100.0,16.0,0.28300797532027683,0.899,1.026,0.769,0.639,
2372,0,unknown,insufficient_pixels,8.657748766152649,only 1222 image pixels; need 2500 for a reliable grid,,,,,,,,,,,
2373,2939,portrait,long_axis_measured,10.50008021280182,,170.0,14.0,0.6499638284709826,80.0,20.0,0.22826056601343167,0.897,1.288,0.557,0.83,0.83
2374,3339,unknown,unresolved,45.94088778285456,both pitches match a module long axis; ambiguous,150.0,24.0,0.7754005490544084,60.0,28.0,0.23360714995315787,2.045,2.135,0.836,0.548,
2375,0,unknown,no_plane_fit,46.75194379211751,no usable lidar plane fit,,,,,,,,,,,
2376,5016,landscape,long_axis_measured,16.157098124696404,,90.0,17.0,0.661180446384045,0.0,29.0,0.16496577468821,1.124,1.851,0.992,0.129,0.129
2377,0,unknown,insufficient_pixels,14.47026782015132,only 806 image pixels; need 2500 for a reliable grid,,,,,,,,,,,
2378,0,unknown,flat_or_low_tilt,4.69670583057816,tilt 4.7 deg < 5: no defined slope direction,,,,,,,,,,,
2379,9532,portrait,long_axis_measured,20.48016445297906,,100.0,26.0,0.4077423896650902,10.0,37.0,0.3453415467665892,1.757,2.394,0.955,0.295,0.955
2380,0,unknown,insufficient_pixels,15.325727230889576,only 884 image pixels; need 2500 for a reliable grid,,,,,,,,,,,
2381,4508,portrait,short_axis_inferred,50.94991445363079,,10.0,14.0,0.3526104398913738,100.0,23.0,0.2276865862925976,0.984,2.272,0.26,0.966,0.966
2382,3834,landscape,long_axis_measured,10.899207267367505,,0.0,29.0,0.6710954141826626,90.0,39.0,0.35723759052784104,1.844,2.522,0.067,0.998,0.067
2383,4403,unknown,unresolved,18.30348240307239,both pitches match a module long axis; ambiguous,10.0,29.0,0.3770119694750806,100.0,29.0,0.1144103317236951,1.936,1.866,0.966,0.259,
2384,4484,landscape,long_axis_measured,22.818101153201628,,90.0,16.0,0.6886554021604032,0.0,29.0,0.1229108670635277,1.102,1.86,0.992,0.126,0.126
2385,3555,unknown,unresolved,23.977345689426794,"no pitch within 30% of 1.65 m or 0.99 m; likely row pitch, not module pitch",60.0,36.0,0.5703266119525638,150.0,40.0,-0.026750009779311145,2.473,2.651,0.875,0.483,
2386,0,unknown,flat_or_low_tilt,4.049846428214629,tilt 4.0 deg < 5: no defined slope direction,,,,,,,,,,,
2387,5486,portrait,long_axis_measured,12.702436492799167,,10.0,16.0,0.6374328370810576,100.0,25.0,0.432557083629341,1.024,1.625,0.306,0.952,0.952
2388,0,unknown,insufficient_pixels,34.213460481026026,only 1085 image pixels; need 2500 for a reliable grid,,,,,,,,,,,
2389,0,unknown,insufficient_pixels,33.63534276717581,only 1716 image pixels; need 2500 for a reliable grid,,,,,,,,,,,
2390,0,unknown,insufficient_pixels,33.839796227970524,only 736 image pixels; need 2500 for a reliable grid,,,,,,,,,,,
2391,0,unknown,insufficient_pixels,33.55084279097464,only 2272 image pixels; need 2500 for a reliable grid,,,,,,,,,,,
2392,0,unknown,insufficient_pixels,26.55619815337324,only 1344 image pixels; need 2500 for a reliable grid,,,,,,,,,,,
2393,3888,portrait,long_axis_measured,26.254414841125424,,0.0,16.0,0.747855310381321,90.0,23.0,0.7270676248056602,1.018,1.628,0.023,1.0,1.0
2394,0,unknown,insufficient_pixels,33.7795264937058,only 1260 image pixels; need 2500 for a reliable grid,,,,,,,,,,,
2395,3250,portrait,long_axis_measured,19.996171584270225,,90.0,29.0,0.8124019683474218,0.0,15.0,0.686337694686478,1.96,0.955,0.999,0.041,0.999
2396,6636,portrait,short_axis_inferred,19.95735612896208,,20.0,13.0,0.4104572837938173,110.0,39.0,0.0064756117861499,0.84,2.628,0.287,0.958,0.958
2397,7304,unknown,unresolved,11.64228233159859,"no pitch within 30% of 1.65 m or 0.99 m; likely row pitch, not module pitch",130.0,39.0,0.4449777190724728,40.0,38.0,-0.1231206510474062,2.498,2.459,0.424,0.906,
2398,0,unknown,insufficient_pixels,30.468443503582986,only 1248 image pixels; need 2500 for a reliable grid,,,,,,,,,,,
2399,0,unknown,insufficient_pixels,29.841038855479948,only 800 image pixels; need 2500 for a reliable grid,,,,,,,,,,,
2400,0,unknown,no_plane_fit,54.90211714392317,no usable lidar plane fit,,,,,,,,,,,
2401,0,unknown,no_plane_fit,43.56499199559149,no usable lidar plane fit,,,,,,,,,,,
2402,5273,unknown,unresolved,22.589995298308423,"no pitch within 30% of 1.65 m or 0.99 m; likely row pitch, not module pitch",50.0,39.0,0.4768955879461434,140.0,36.0,0.2372455844980916,2.645,2.388,0.831,0.556,
2403,0,unknown,insufficient_pixels,26.915103719322275,only 2029 image pixels; need 2500 for a reliable grid,,,,,,,,,,,
2404,5202,unknown,unresolved,50.76290200291032,"no pitch within 30% of 1.65 m or 0.99 m; likely row pitch, not module pitch",60.0,24.0,0.3156043950957216,150.0,41.0,-0.0751677290686682,2.295,3.058,0.914,0.405,
2405,0,unknown,no_plane_fit,66.99449764642529,no usable lidar plane fit,,,,,,,,,,,
2406,0,unknown,insufficient_pixels,26.28653074527328,only 1382 image pixels; need 2500 for a reliable grid,,,,,,,,,,,
2407,0,unknown,insufficient_pixels,24.43400095763902,only 1121 image pixels; need 2500 for a reliable grid,,,,,,,,,,,
2408,2969,portrait,long_axis_measured,25.764507144634788,,40.0,36.0,0.475675062447168,130.0,22.0,0.22691967576970393,2.468,1.497,0.74,0.672,0.672
2409,0,unknown,insufficient_pixels,21.899536378699235,only 2200 image pixels; need 2500 for a reliable grid,,,,,,,,,,,
2410,0,unknown,insufficient_pixels,24.9456641482214,only 899 image pixels; need 2500 for a reliable grid,,,,,,,,,,,
2411,9458,portrait,long_axis_measured,18.509322604229222,,10.0,16.0,0.4506306423280766,100.0,24.0,0.1250824050454885,1.031,1.604,0.284,0.959,0.959
2412,5117,unknown,unresolved,23.9778517658831,both pitches match a module short axis; ambiguous,170.0,15.0,0.7967454799781446,80.0,15.0,0.3489987769577257,0.988,1.034,0.416,0.909,
2413,3880,unknown,unresolved,5.904072368692974,no periodic peak in one or both directions,10.0,14.0,0.6987945092911209,100.0,,,,,,,
2414,0,unknown,insufficient_pixels,23.05408843623629,only 1716 image pixels; need 2500 for a reliable grid,,,,,,,,,,,
2415,0,unknown,insufficient_pixels,24.38804775142593,only 1833 image pixels; need 2500 for a reliable grid,,,,,,,,,,,
2416,0,unknown,insufficient_pixels,24.57819792009602,only 1976 image pixels; need 2500 for a reliable grid,,,,,,,,,,,
2417,3742,portrait,long_axis_measured,13.02460460532476,,100.0,16.0,0.8102494744091012,10.0,18.0,0.027874598947271203,1.023,1.172,0.263,0.965,0.965
2418,0,unknown,insufficient_pixels,27.41775014378036,only 806 image pixels; need 2500 for a reliable grid,,,,,,,,,,,
2419,0,unknown,insufficient_pixels,22.520686240378343,only 813 image pixels; need 2500 for a reliable grid,,,,,,,,,,,
2420,0,unknown,insufficient_pixels,18.453093630109457,only 800 image pixels; need 2500 for a reliable grid,,,,,,,,,,,
2421,3578,landscape,short_axis_inferred,12.502218085167758,,100.0,17.0,0.402869156866036,10.0,37.0,0.19982167881252114,1.104,2.371,0.925,0.379,0.379
2422,3465,portrait,long_axis_measured,18.43694427003732,,100.0,14.0,0.794885837965942,10.0,24.0,0.6201069029616939,0.899,1.604,0.213,0.977,0.977
2423,2730,landscape,long_axis_measured,33.21365577525792,,100.0,20.0,0.6552911154990239,10.0,31.0,0.05800060357429219,1.334,2.333,0.292,0.956,0.292
2424,2687,portrait,long_axis_measured,34.53366969312602,,100.0,13.0,0.8329582962344511,10.0,21.0,0.5167630503617959,0.882,1.595,0.365,0.931,0.931
2425,3066,unknown,unresolved,16.94776721912253,no periodic peak in one or both directions,100.0,14.0,0.8016352291409626,10.0,,,,,,,
2426,3422,portrait,long_axis_measured,36.56998088312769,,10.0,12.0,0.5124041755671546,100.0,20.0,0.06980793169447708,0.8,1.57,0.243,0.97,0.97
2427,3719,unknown,unresolved,33.78292697148893,both pitches match a module short axis; ambiguous,10.0,14.0,0.5750452262798602,100.0,11.0,0.30855993792074116,0.929,0.835,0.256,0.967,
2428,8308,unknown,unresolved,9.809038623026751,both pitches match a module long axis; ambiguous,0.0,19.0,0.6329487310657341,90.0,30.0,0.3030673794278247,1.207,1.933,0.049,0.999,
2429,0,unknown,insufficient_pixels,16.94923671845717,only 2106 image pixels; need 2500 for a reliable grid,,,,,,,,,,,
2430,62441,portrait,short_axis_inferred,11.86056487001737,,90.0,16.0,0.7497160311639958,0.0,38.0,0.4339397811577554,1.017,2.466,0.057,0.998,0.998
2431,0,unknown,insufficient_pixels,17.527839212471626,only 2492 image pixels; need 2500 for a reliable grid,,,,,,,,,,,
2432,45352,portrait,short_axis_inferred,21.90464299108975,,90.0,16.0,0.8265365754455978,0.0,37.0,0.7243330830654179,1.02,2.532,0.051,0.999,0.999
2433,37255,portrait,short_axis_inferred,18.711829829651045,,90.0,16.0,0.7682162845001691,0.0,38.0,0.2412060032466899,1.018,2.548,0.041,0.999,0.999
2434,66189,portrait,short_axis_inferred,6.113863553055436,,90.0,16.0,0.7542176661001055,0.0,39.0,0.5731055720328825,1.016,2.491,0.049,0.999,0.999
2435,58008,portrait,short_axis_inferred,13.044556072458317,,90.0,16.0,0.8089533769636525,0.0,39.0,0.5436084138576205,1.018,2.542,0.059,0.998,0.998
2436,20595,portrait,short_axis_inferred,15.928722892449716,,90.0,16.0,0.925167955383927,0.0,36.0,0.1062164500932683,1.018,2.377,0.054,0.999,0.999
2437,18823,portrait,short_axis_inferred,16.62400090612489,,90.0,16.0,0.8034663724079909,0.0,38.0,0.6446385641931972,1.018,2.518,0.049,0.999,0.999
2438,17715,portrait,short_axis_inferred,17.857870090233984,,90.0,16.0,0.7979641419229874,0.0,36.0,0.7277797897803758,1.019,2.402,0.058,0.998,0.998
2439,13941,unknown,unresolved,25.0818274904282,both pitches match a module short axis; ambiguous,90.0,16.0,0.8342915869599307,0.0,14.0,0.4321946282939203,1.021,0.981,0.047,0.999,
2440,23929,portrait,short_axis_inferred,14.41586000919892,,90.0,16.0,0.7898503545569827,0.0,39.0,0.5541878283861215,1.017,2.557,0.045,0.999,0.999
2441,2782,portrait,long_axis_measured,21.550269078987277,,10.0,11.0,0.5514077072176783,100.0,31.0,0.23123624637306892,0.702,2.116,0.08,0.997,0.997
2442,0,unknown,flat_or_low_tilt,4.515102316584479,tilt 4.5 deg < 5: no defined slope direction,,,,,,,,,,,
2443,39613,portrait,long_axis_measured,20.72710907652651,,90.0,16.0,0.9265256584551284,0.0,30.0,0.5271872503216943,1.02,2.037,0.061,0.998,0.998
2444,0,unknown,insufficient_pixels,18.29046000651351,only 2120 image pixels; need 2500 for a reliable grid,,,,,,,,,,,
2445,59724,unknown,unresolved,26.81594168498106,both pitches match a module short axis; ambiguous,90.0,16.0,0.684011672666796,0.0,14.0,0.5307841429710736,1.021,0.996,0.048,0.999,
2446,27292,unknown,unresolved,25.267116929861373,both pitches match a module short axis; ambiguous,90.0,16.0,0.8689088909666125,0.0,14.0,0.2735343301684008,1.022,0.983,0.06,0.998,
2447,55331,unknown,unresolved,20.287059452200733,both pitches match a module short axis; ambiguous,90.0,16.0,0.8106439320453842,0.0,14.0,0.4666445057217465,1.02,0.948,0.057,0.998,
2448,0,unknown,flat_or_low_tilt,0.4832045699311414,tilt 0.5 deg < 5: no defined slope direction,,,,,,,,,,,
2449,0,unknown,flat_or_low_tilt,1.379323026392815,tilt 1.4 deg < 5: no defined slope direction,,,,,,,,,,,
2450,27773,portrait,long_axis_measured,22.86314021749076,,90.0,16.0,0.7685107750487729,0.0,30.0,0.2359464197131899,1.022,2.067,0.07,0.998,0.998
2451,13382,unknown,unresolved,25.42754773038876,both pitches match a module short axis; ambiguous,90.0,16.0,0.7773490913024,0.0,14.0,0.3654820195835805,1.019,0.984,0.03,1.0,
2452,0,unknown,flat_or_low_tilt,1.657161196479781,tilt 1.7 deg < 5: no defined slope direction,,,,,,,,,,,
2453,5860,portrait,long_axis_measured,14.955892145194255,,100.0,14.0,0.6457839426768109,10.0,24.0,0.1157667874989235,0.897,1.576,0.253,0.967,0.967
2454,0,unknown,no_plane_fit,70.60955332735547,no usable lidar plane fit,,,,,,,,,,,
2455,7726,portrait,long_axis_measured,31.94912802205566,,70.0,29.0,0.2818026865381441,160.0,40.0,-0.1871781996327318,2.139,2.702,0.918,0.396,0.918
2456,0,unknown,insufficient_pixels,28.592130106662164,only 1920 image pixels; need 2500 for a reliable grid,,,,,,,,,,,
2457,0,unknown,insufficient_pixels,28.808033526479964,only 983 image pixels; need 2500 for a reliable grid,,,,,,,,,,,
2458,0,unknown,insufficient_pixels,30.48905651640828,only 968 image pixels; need 2500 for a reliable grid,,,,,,,,,,,
2459,5311,portrait,long_axis_measured,22.857273871597688,,80.0,14.0,0.7741630494849915,170.0,31.0,0.4623241005581286,0.905,2.131,0.229,0.973,0.973
2460,4312,unknown,unresolved,32.735404621410105,"no pitch within 30% of 1.65 m or 0.99 m; likely row pitch, not module pitch",130.0,35.0,0.2942283330942707,40.0,36.0,-0.2855931834741045,2.466,2.61,0.623,0.782,
2461,0,unknown,no_plane_fit,50.871132113690166,no usable lidar plane fit,,,,,,,,,,,
2462,2835,portrait,long_axis_measured,32.983232567081494,,90.0,18.0,0.6652584988562302,0.0,27.0,0.2017157707423085,1.146,2.044,0.018,1.0,1.0
2463,0,unknown,insufficient_pixels,30.356217832380725,only 1827 image pixels; need 2500 for a reliable grid,,,,,,,,,,,
2464,0,unknown,insufficient_pixels,38.50844261254395,only 779 image pixels; need 2500 for a reliable grid,,,,,,,,,,,
2465,4928,portrait,long_axis_measured,21.764571572818458,,10.0,13.0,0.6999133414815768,100.0,17.0,0.2063666688578354,0.844,1.158,0.304,0.953,0.953
2466,2788,portrait,long_axis_measured,39.97398634267896,,140.0,31.0,0.5103978047363796,50.0,25.0,0.047464443543001965,2.35,1.908,0.695,0.719,0.719
2467,0,unknown,flat_or_low_tilt,1.9677318503459635,tilt 2.0 deg < 5: no defined slope direction,,,,,,,,,,,
2468,0,unknown,flat_or_low_tilt,0.0828878651864025,tilt 0.1 deg < 5: no defined slope direction,,,,,,,,,,,
2469,0,unknown,insufficient_pixels,26.702038893103907,only 806 image pixels; need 2500 for a reliable grid,,,,,,,,,,,
2470,0,unknown,no_plane_fit,57.856817313687216,no usable lidar plane fit,,,,,,,,,,,
2471,0,unknown,no_plane_fit,49.49436858394519,no usable lidar plane fit,,,,,,,,,,,
2472,0,unknown,insufficient_pixels,26.627454189908786,only 864 image pixels; need 2500 for a reliable grid,,,,,,,,,,,
2473,3146,portrait,long_axis_measured,15.30984089879185,,100.0,17.0,0.903942335837664,10.0,26.0,0.0217154550894058,1.091,1.709,0.301,0.954,0.954
2474,4894,unknown,unresolved,22.46967544494118,no periodic peak in one or both directions,90.0,30.0,0.312215515189995,0.0,,,,,,,
2475,0,unknown,insufficient_pixels,27.39580603498348,only 1428 image pixels; need 2500 for a reliable grid,,,,,,,,,,,
2476,5355,portrait,long_axis_measured,11.86724030004861,,170.0,14.0,0.8792033121950059,80.0,25.0,0.2397841369810341,0.896,1.62,0.34,0.94,0.94
2477,3282,unknown,unresolved,26.74017929066368,no periodic peak in one or both directions,10.0,14.0,0.7146573629284524,100.0,,,,,,,
2478,0,unknown,insufficient_pixels,29.09346493383168,only 1288 image pixels; need 2500 for a reliable grid,,,,,,,,,,,
2479,3266,landscape,long_axis_measured,7.605125194509798,,150.0,33.0,0.48797486440757776,60.0,15.0,0.04358368533871675,2.098,0.961,0.13,0.992,0.13
2480,0,unknown,insufficient_pixels,11.463858768818485,only 2120 image pixels; need 2500 for a reliable grid,,,,,,,,,,,
2481,0,unknown,insufficient_pixels,9.232608918467209,only 1954 image pixels; need 2500 for a reliable grid,,,,,,,,,,,
2482,7644,landscape,long_axis_measured,14.771388764162658,,10.0,26.0,0.5686898589634795,100.0,14.0,0.4166632438250674,1.667,0.918,0.292,0.956,0.292
2483,3093,unknown,unresolved,19.270952887891,both pitches match a module short axis; ambiguous,120.0,13.0,0.6513712880034176,30.0,11.0,0.4871240809779366,0.853,0.732,0.581,0.814,
2484,0,unknown,no_plane_fit,70.53946130609111,no usable lidar plane fit,,,,,,,,,,,
2485,0,unknown,flat_or_low_tilt,1.2917034275562482,tilt 1.3 deg < 5: no defined slope direction,,,,,,,,,,,
2486,0,unknown,flat_or_low_tilt,1.3368332044803837,tilt 1.3 deg < 5: no defined slope direction,,,,,,,,,,,
2487,0,unknown,flat_or_low_tilt,0.5352153795948803,tilt 0.5 deg < 5: no defined slope direction,,,,,,,,,,,
2488,5195,unknown,unresolved,10.461038838469165,both pitches match a module short axis; ambiguous,30.0,11.0,0.4653303976238186,120.0,11.0,0.0458880649425024,0.706,0.708,0.623,0.782,
2489,0,unknown,no_plane_fit,65.42940931449758,no usable lidar plane fit,,,,,,,,,,,
2490,0,unknown,flat_or_low_tilt,0.8790218646285979,tilt 0.9 deg < 5: no defined slope direction,,,,,,,,,,,
2491,2754,portrait,long_axis_measured,18.642449564561165,,120.0,13.0,0.8289248366307731,30.0,22.0,0.2583461881848919,0.851,1.46,0.565,0.825,0.825
2492,15668,portrait,long_axis_measured,10.354452821339628,,110.0,27.0,0.3461735747610318,20.0,13.0,0.2635133905806435,1.738,0.833,0.83,0.557,0.83
2493,0,unknown,no_plane_fit,10.090709960589477,no usable lidar plane fit,,,,,,,,,,,
2494,0,unknown,insufficient_pixels,24.170713740271434,only 1974 image pixels; need 2500 for a reliable grid,,,,,,,,,,,
2495,0,unknown,no_plane_fit,57.56680763322363,no usable lidar plane fit,,,,,,,,,,,
2496,3513,portrait,long_axis_measured,23.561349110511024,,110.0,13.0,0.7255839878288606,20.0,23.0,0.3106702601062532,0.855,1.58,0.415,0.91,0.91
2497,5154,portrait,long_axis_measured,9.826281540217373,,120.0,25.0,0.8645247804393932,30.0,11.0,0.5609082346359046,1.607,0.704,0.827,0.562,0.827
2498,0,unknown,insufficient_pixels,17.91302117796236,only 1974 image pixels; need 2500 for a reliable grid,,,,,,,,,,,
2499,0,unknown,insufficient_pixels,17.763305158197415,only 2256 image pixels; need 2500 for a reliable grid,,,,,,,,,,,
2500,0,unknown,flat_or_low_tilt,2.1590488402251844,tilt 2.2 deg < 5: no defined slope direction,,,,,,,,,,,
2501,8892,portrait,long_axis_measured,12.92896089987735,,100.0,15.0,0.7639424327369463,10.0,26.0,0.2423784717993554,0.962,1.69,0.406,0.914,0.914
2502,8172,portrait,long_axis_measured,17.58608066393459,,100.0,15.0,0.5983604796742347,10.0,25.0,0.2682650404489448,0.968,1.66,0.347,0.938,0.938
2503,18093,landscape,short_axis_inferred,7.818235775280027,,120.0,11.0,0.7266513736754665,30.0,37.0,0.2873730769233416,0.704,2.358,0.914,0.405,0.405
2504,0,unknown,no_plane_fit,37.813937841991056,no usable lidar plane fit,,,,,,,,,,,
2505,0,unknown,no_plane_fit,51.62898215352619,no usable lidar plane fit,,,,,,,,,,,
2506,0,unknown,insufficient_pixels,30.61981176641929,only 1530 image pixels; need 2500 for a reliable grid,,,,,,,,,,,
2507,5286,portrait,long_axis_measured,14.369850642376122,,30.0,13.0,0.5108472725876767,120.0,30.0,0.2861489170609519,0.847,1.939,0.827,0.562,0.562
2508,0,unknown,no_plane_fit,30.588715211097767,no usable lidar plane fit,,,,,,,,,,,
2509,2822,portrait,long_axis_measured,9.375508473808647,,10.0,16.0,0.4623468580498839,100.0,21.0,-0.10073320990981033,1.021,1.35,0.357,0.934,0.934
2510,0,unknown,no_plane_fit,43.62161135902021,no usable lidar plane fit,,,,,,,,,,,
2511,0,unknown,no_plane_fit,64.72923166513334,no usable lidar plane fit,,,,,,,,,,,
2512,0,unknown,insufficient_pixels,18.582085854938427,only 1093 image pixels; need 2500 for a reliable grid,,,,,,,,,,,
2513,0,unknown,no_plane_fit,24.10721554599697,no usable lidar plane fit,,,,,,,,,,,
2514,0,unknown,insufficient_pixels,17.227009894752978,only 2117 image pixels; need 2500 for a reliable grid,,,,,,,,,,,
2515,0,unknown,no_plane_fit,44.9863455883724,no usable lidar plane fit,,,,,,,,,,,
2516,0,unknown,no_plane_fit,67.10119071466887,no usable lidar plane fit,,,,,,,,,,,
2517,0,unknown,insufficient_pixels,14.8138471826702,only 1320 image pixels; need 2500 for a reliable grid,,,,,,,,,,,
2518,6210,portrait,short_axis_inferred,9.904784561764412,,120.0,11.0,0.929547278446389,30.0,41.0,0.170313178739322,0.707,2.625,0.83,0.558,0.558
2519,0,unknown,insufficient_pixels,16.90101792184328,only 756 image pixels; need 2500 for a reliable grid,,,,,,,,,,,
2520,0,unknown,no_plane_fit,31.70324212830273,no usable lidar plane fit,,,,,,,,,,,
2521,0,unknown,insufficient_pixels,24.3201607398358,only 1740 image pixels; need 2500 for a reliable grid,,,,,,,,,,,
2522,4440,landscape,long_axis_measured,23.82195507347572,,80.0,34.0,0.3761031528739224,170.0,28.0,0.102572987530753,2.359,1.795,0.993,0.114,0.114
2523,4271,landscape,long_axis_measured,28.60380557122041,,100.0,26.0,0.6800121907962262,10.0,35.0,0.3628675242473173,1.729,2.507,0.372,0.928,0.372
2524,3604,portrait,long_axis_measured,20.23515159144149,,110.0,15.0,0.427681727697903,20.0,26.0,0.35511738121455677,1.001,1.717,0.783,0.621,0.621
2525,6726,unknown,unresolved,20.21624143618582,no periodic peak in one or both directions,80.0,38.0,0.2293448429943834,170.0,,,,,,,
2526,5427,portrait,long_axis_measured,18.67241123213305,,110.0,29.0,0.5862112288213343,20.0,11.0,0.3524999893514388,1.912,0.726,0.701,0.713,0.701
2527,10768,unknown,unresolved,25.55697973907385,both pitches match a module long axis; ambiguous,110.0,27.0,0.5990588208812198,20.0,31.0,-0.0047599918607438,1.813,2.143,0.553,0.833,
2528,0,unknown,insufficient_pixels,9.814535260842266,only 2372 image pixels; need 2500 for a reliable grid,,,,,,,,,,,
2529,5619,landscape,long_axis_measured,7.893105415583044,,120.0,11.0,0.7158023637608942,30.0,28.0,0.5695221088838813,0.705,1.785,0.908,0.419,0.419
2530,6636,portrait,long_axis_measured,18.831635678362588,,100.0,15.0,0.8540228032577151,10.0,19.0,0.4369995636389705,0.972,1.27,0.369,0.93,0.93
2531,0,unknown,no_plane_fit,58.21483368507753,no usable lidar plane fit,,,,,,,,,,,
2532,8416,portrait,long_axis_measured,18.63053016918767,,30.0,17.0,0.7262635935611433,120.0,25.0,0.5032469006892315,1.128,1.636,0.825,0.566,0.566
2533,2847,portrait,short_axis_inferred,16.751574542764114,,100.0,15.0,0.5691730508532666,10.0,41.0,0.19523242347712078,0.968,2.71,0.378,0.926,0.926
2534,0,unknown,insufficient_pixels,23.15663842166685,only 1498 image pixels; need 2500 for a reliable grid,,,,,,,,,,,
2535,0,unknown,insufficient_pixels,21.816595386238163,only 1216 image pixels; need 2500 for a reliable grid,,,,,,,,,,,
2536,0,unknown,flat_or_low_tilt,0.160856447278798,tilt 0.2 deg < 5: no defined slope direction,,,,,,,,,,,
2537,0,unknown,flat_or_low_tilt,3.2937994647020066,tilt 3.3 deg < 5: no defined slope direction,,,,,,,,,,,
2538,4080,portrait,long_axis_measured,18.81513274667848,,120.0,25.0,0.4757444596236614,30.0,17.0,0.2151513754527645,1.66,1.114,0.82,0.572,0.82
2539,0,unknown,insufficient_pixels,16.54746279741012,only 2336 image pixels; need 2500 for a reliable grid,,,,,,,,,,,
2540,0,unknown,insufficient_pixels,34.15423850818285,only 1266 image pixels; need 2500 for a reliable grid,,,,,,,,,,,
2541,7552,portrait,long_axis_measured,18.736464142889137,,10.0,16.0,0.4356491316280304,100.0,23.0,0.2321232406111896,1.038,1.535,0.403,0.915,0.915
2542,0,unknown,no_plane_fit,24.449907767834635,no usable lidar plane fit,,,,,,,,,,,
2543,8640,unknown,unresolved,13.339603564124896,both pitches match a module short axis; ambiguous,30.0,17.0,0.4889509528941857,120.0,13.0,0.4129014727493544,1.104,0.838,0.827,0.562,
2544,3769,landscape,long_axis_measured,21.870976408652844,,10.0,26.0,0.5806794296406267,100.0,16.0,0.4624175411003349,1.696,1.089,0.369,0.929,0.369
2545,3709,unknown,unresolved,22.497806363314652,both pitches match a module short axis; ambiguous,30.0,11.0,0.6532881047151793,120.0,17.0,0.5152610256795684,0.747,1.124,0.854,0.521,
2546,3374,portrait,long_axis_measured,14.2295669914124,,70.0,32.0,0.51175685188716,160.0,37.0,-0.02159107463924417,2.096,2.357,0.994,0.106,0.994
2547,0,unknown,insufficient_pixels,18.15044445972998,only 1383 image pixels; need 2500 for a reliable grid,,,,,,,,,,,
2548,4514,unknown,unresolved,12.846326726890378,both pitches match a module short axis; ambiguous,120.0,15.0,0.6699823891783039,30.0,13.0,0.1781245955082204,0.972,0.838,0.808,0.59,
2549,3386,unknown,unresolved,20.63405435198337,both pitches match a module short axis; ambiguous,30.0,17.0,0.5594746986905992,120.0,11.0,0.36522232111359715,1.141,0.724,0.836,0.548,
2550,4054,unknown,unresolved,19.914849010401063,both pitches match a module short axis; ambiguous,30.0,17.0,0.5931040920443282,120.0,11.0,0.3753471128901032,1.138,0.721,0.858,0.513,
2551,0,unknown,insufficient_pixels,5.332778866892249,only 1578 image pixels; need 2500 for a reliable grid,,,,,,,,,,,
2552,5822,portrait,short_axis_inferred,18.948976447280383,,50.0,35.0,0.341686565869282,140.0,12.0,0.043761598791816,2.346,0.772,0.973,0.232,0.973
2553,31004,portrait,long_axis_measured,5.948484941787799,,120.0,13.0,0.6385359526693137,30.0,23.0,0.2048600307266357,0.829,1.465,0.817,0.576,0.576
2554,0,unknown,insufficient_pixels,24.45502098991719,only 1936 image pixels; need 2500 for a reliable grid,,,,,,,,,,,
2555,4390,portrait,short_axis_inferred,18.22330129197581,,110.0,11.0,0.6052106099684282,20.0,37.0,0.1413058933083833,0.724,2.438,0.692,0.722,0.722
2556,4172,unknown,unresolved,18.00862612076078,both pitches match a module long axis; ambiguous,70.0,20.0,0.5070762980827923,160.0,25.0,-0.0770468336659797,1.282,1.668,0.198,0.98,
2557,5289,portrait,long_axis_measured,16.002102749499354,,120.0,13.0,0.411929936409338,30.0,25.0,0.0772917173456382,0.854,1.62,0.853,0.523,0.523
2558,0,unknown,insufficient_pixels,10.669105070467868,only 1869 image pixels; need 2500 for a reliable grid,,,,,,,,,,,
2559,0,unknown,insufficient_pixels,24.417316956452414,only 1254 image pixels; need 2500 for a reliable grid,,,,,,,,,,,
2560,2592,portrait,long_axis_measured,9.0687841351271,,110.0,17.0,0.8803492200820057,20.0,26.0,0.11035448015589518,1.089,1.666,0.675,0.738,0.738
2561,6830,portrait,long_axis_measured,29.87589990289032,,110.0,12.0,0.8816602958220778,20.0,24.0,0.0845327502909798,0.854,1.652,0.813,0.582,0.582
2562,5350,portrait,long_axis_measured,18.482792841753035,,110.0,28.0,0.3978252338416818,20.0,14.0,0.1701114648494659,1.843,0.924,0.689,0.725,0.689
2563,0,unknown,insufficient_pixels,23.57306049962025,only 2339 image pixels; need 2500 for a reliable grid,,,,,,,,,,,
2564,3862,portrait,long_axis_measured,5.24656013337758,,120.0,11.0,0.8081900321954006,30.0,20.0,0.07925606122946166,0.701,1.273,0.818,0.575,0.575
2565,3012,portrait,long_axis_measured,33.59895648512799,,10.0,19.0,0.22791729319745999,100.0,16.0,0.11069094587320671,1.399,1.122,0.825,0.565,0.825
2566,3592,portrait,long_axis_measured,17.95288676462849,,120.0,25.0,0.797679788324192,30.0,11.0,0.325235613353421,1.642,0.724,0.679,0.734,0.679
2567,0,unknown,no_plane_fit,30.32455755800203,no usable lidar plane fit,,,,,,,,,,,
2568,7268,landscape,long_axis_measured,20.91558997641067,,10.0,26.0,0.3329389914631293,100.0,15.0,0.3170903091426076,1.701,1.012,0.442,0.897,0.442
2569,5461,unknown,unresolved,17.496558346180798,both pitches match a module short axis; ambiguous,100.0,17.0,0.6583277089557688,10.0,15.0,0.3564868087850382,1.101,0.994,0.422,0.907,
2570,0,unknown,insufficient_pixels,22.845559910417144,only 2457 image pixels; need 2500 for a reliable grid,,,,,,,,,,,
2571,3250,portrait,long_axis_measured,22.873941293101883,,30.0,13.0,0.6186892922218117,120.0,23.0,0.1259315588647657,0.884,1.524,0.848,0.531,0.531
2572,8485,portrait,long_axis_measured,16.288935194293668,,20.0,13.0,0.3687998875330367,110.0,26.0,0.274619132402027,0.845,1.708,0.563,0.826,0.826
2573,5757,portrait,short_axis_inferred,17.4824130235278,,110.0,40.0,0.7072724501776273,20.0,14.0,0.1855634772237608,2.626,0.919,0.705,0.709,0.705
2574,0,unknown,flat_or_low_tilt,1.3352846422801914,tilt 1.3 deg < 5: no defined slope direction,,,,,,,,,,,
2575,4274,unknown,unresolved,20.35897900242614,no periodic peak in one or both directions,30.0,13.0,0.8362486716172094,120.0,,,,,,,
2576,2778,landscape,long_axis_measured,11.14292782412378,,160.0,39.0,0.7815252914982692,70.0,24.0,0.18789545774869487,2.52,1.536,0.911,0.411,0.411
2577,2835,unknown,unresolved,17.636094626221432,both pitches match a module long axis; ambiguous,140.0,30.0,0.5953989234920989,50.0,20.0,0.2110238992969579,1.948,1.325,0.466,0.885,
2578,0,unknown,no_plane_fit,34.654132653305666,no usable lidar plane fit,,,,,,,,,,,
2579,5950,portrait,long_axis_measured,20.89896055420094,,100.0,15.0,0.8280716475471773,10.0,18.0,0.3051879542955333,0.978,1.216,0.401,0.916,0.916
2580,8008,portrait,short_axis_inferred,17.759060830771993,,110.0,13.0,0.5812201933071918,20.0,33.0,0.1215729425379397,0.849,2.18,0.587,0.809,0.809
2581,0,unknown,flat_or_low_tilt,2.8645439177225502,tilt 2.9 deg < 5: no defined slope direction,,,,,,,,,,,
2582,0,unknown,insufficient_pixels,14.746982357983768,only 1818 image pixels; need 2500 for a reliable grid,,,,,,,,,,,
2583,0,unknown,insufficient_pixels,14.740106595243669,only 1507 image pixels; need 2500 for a reliable grid,,,,,,,,,,,
2584,0,unknown,insufficient_pixels,23.97097488438073,only 1028 image pixels; need 2500 for a reliable grid,,,,,,,,,,,
2585,0,unknown,insufficient_pixels,20.66362700958293,only 2422 image pixels; need 2500 for a reliable grid,,,,,,,,,,,
2586,0,unknown,insufficient_pixels,20.73576623145704,only 1858 image pixels; need 2500 for a reliable grid,,,,,,,,,,,
2587,4134,portrait,long_axis_measured,26.32557241679305,,100.0,26.0,0.7591794566377643,10.0,15.0,0.4300266595674266,1.817,1.002,0.88,0.474,0.88
2588,0,unknown,no_plane_fit,20.619168244113222,no usable lidar plane fit,,,,,,,,,,,
2589,4192,portrait,short_axis_inferred,17.636089186104964,,110.0,16.0,0.7483536490410213,20.0,33.0,0.4754810526481461,1.044,2.18,0.572,0.821,0.821
2590,3158,portrait,long_axis_measured,20.463657463036657,,120.0,11.0,0.5857948681918828,30.0,28.0,0.5012744132155553,0.719,1.884,0.455,0.891,0.891
2591,0,unknown,no_plane_fit,64.66112163120374,no usable lidar plane fit,,,,,,,,,,,
2592,5462,portrait,long_axis_measured,18.231905708407137,,110.0,27.0,0.6091098728453471,20.0,16.0,0.3820453552548605,1.765,1.06,0.569,0.822,0.569
2593,0,unknown,insufficient_pixels,21.113039470406196,only 1957 image pixels; need 2500 for a reliable grid,,,,,,,,,,,
2594,4150,portrait,long_axis_measured,26.347451413470697,,110.0,13.0,0.692384664300334,20.0,27.0,0.3257021041808044,0.874,1.879,0.538,0.843,0.843
2595,0,unknown,insufficient_pixels,27.61941100442634,only 2347 image pixels; need 2500 for a reliable grid,,,,,,,,,,,
2596,3938,portrait,long_axis_measured,18.287252902492323,,100.0,15.0,0.8189778159164766,10.0,29.0,0.21860917964253296,0.973,1.93,0.415,0.91,0.91
2597,0,unknown,insufficient_pixels,23.369999518087184,only 1110 image pixels; need 2500 for a reliable grid,,,,,,,,,,,
2598,3744,unknown,unresolved,16.75237391136119,no periodic peak in one or both directions,20.0,13.0,0.7559736537159867,110.0,,,,,,,
2599,3680,unknown,unresolved,17.950125426465743,both pitches match a module long axis; ambiguous,140.0,19.0,0.5825832812733603,50.0,19.0,0.18285406174522933,1.224,1.265,0.292,0.956,
2600,0,unknown,insufficient_pixels,28.15955517643413,only 2158 image pixels; need 2500 for a reliable grid,,,,,,,,,,,
2601,0,unknown,no_plane_fit,12.050502333925008,no usable lidar plane fit,,,,,,,,,,,
2602,3145,portrait,long_axis_measured,14.137790110531007,,110.0,13.0,0.8993239581803709,20.0,21.0,0.2952482934239885,0.839,1.368,0.537,0.844,0.844
2603,12660,unknown,unresolved,50.13256308042181,no periodic peak in one or both directions,0.0,40.0,0.3699114018417316,90.0,,,,,,,
2604,0,unknown,no_plane_fit,12.316581909648503,no usable lidar plane fit,,,,,,,,,,,
2605,8295,landscape,long_axis_measured,6.25322530015289,,120.0,15.0,0.7501894999107139,30.0,22.0,0.3658075551896578,0.958,1.399,0.969,0.246,0.246
2606,35584,unknown,unresolved,22.135425368057472,both pitches match a module short axis; ambiguous,100.0,16.0,0.5622690202865446,10.0,15.0,0.4595831606334034,1.046,1.022,0.385,0.923,
2607,5391,portrait,long_axis_measured,22.96384599809693,,100.0,15.0,0.8850001789149565,10.0,26.0,0.2476820022164109,0.982,1.782,0.382,0.924,0.924
2608,3828,portrait,long_axis_measured,27.951757656560517,,120.0,15.0,0.8051908255377523,30.0,30.0,0.4136885499540804,1.057,2.032,0.844,0.536,0.536
2609,6908,unknown,unresolved,21.99996522379824,both pitches match a module short axis; ambiguous,100.0,16.0,0.6793405059953793,10.0,15.0,0.514979369191506,1.045,1.021,0.378,0.926,
2610,7841,portrait,long_axis_measured,14.803507633908906,,10.0,16.0,0.651696492087831,100.0,25.0,0.550848014538894,1.029,1.638,0.386,0.923,0.923
2611,6908,unknown,unresolved,22.21486304722849,both pitches match a module short axis; ambiguous,10.0,15.0,0.6689694288101423,100.0,16.0,0.4134598632903857,1.023,1.046,0.923,0.384,
2612,6885,portrait,long_axis_measured,9.950198983245576,,100.0,14.0,0.6725212977958138,10.0,19.0,0.5139989055733438,0.896,1.222,0.537,0.844,0.844
2613,0,unknown,flat_or_low_tilt,3.8459517679356727,tilt 3.8 deg < 5: no defined slope direction,,,,,,,,,,,
2614,46018,unknown,unresolved,22.110817886403098,both pitches match a module short axis; ambiguous,100.0,16.0,0.5454002017797215,10.0,15.0,0.3634613597351365,1.046,1.022,0.384,0.923,
2615,0,unknown,no_plane_fit,70.56313910719763,no usable lidar plane fit,,,,,,,,,,,
2616,0,unknown,no_plane_fit,2.3352343768387094,no usable lidar plane fit,,,,,,,,,,,
2617,3571,unknown,unresolved,7.557458139577645,both pitches match a module short axis; ambiguous,10.0,15.0,0.5805991743340245,100.0,15.0,-0.03135719351617105,0.956,0.96,0.432,0.902,
2618,77840,unknown,unresolved,22.05894155851928,both pitches match a module short axis; ambiguous,100.0,16.0,0.622509571795537,10.0,15.0,0.4179730022531446,1.045,1.022,0.383,0.924,
2619,2966,unknown,unresolved,18.737363983167917,both pitches match a module short axis; ambiguous,100.0,17.0,0.7516077552147226,10.0,15.0,0.430171651056474,1.134,0.974,0.913,0.409,
2620,3576,unknown,unresolved,15.881009608003104,both pitches match a module short axis; ambiguous,20.0,13.0,0.5739679966240119,110.0,13.0,0.4089075971160576,0.843,0.853,0.55,0.835,
2621,0,unknown,flat_or_low_tilt,1.1466002173136485,tilt 1.1 deg < 5: no defined slope direction,,,,,,,,,,,
2622,6814,portrait,long_axis_measured,14.149633007867232,,10.0,17.0,0.4640705457887646,100.0,26.0,0.4597031913065195,1.092,1.699,0.388,0.922,0.922
2623,7154,unknown,unresolved,20.772801271010643,both pitches match a module short axis; ambiguous,110.0,13.0,0.4731719700103527,20.0,16.0,0.1566723644456951,0.857,1.073,0.573,0.82,
2624,5388,unknown,unresolved,24.693601913515582,both pitches match a module short axis; ambiguous,100.0,15.0,0.417395191432537,10.0,15.0,0.0741427004435529,0.991,1.038,0.428,0.904,
2625,6499,portrait,long_axis_measured,15.783964707748549,,100.0,16.0,0.4335857544137039,10.0,26.0,0.282912548249154,1.031,1.711,0.378,0.926,0.926
2626,0,unknown,flat_or_low_tilt,4.978713797573497,tilt 5.0 deg < 5: no defined slope direction,,,,,,,,,,,
2627,0,unknown,flat_or_low_tilt,4.921998116729039,tilt 4.9 deg < 5: no defined slope direction,,,,,,,,,,,
2628,6949,portrait,long_axis_measured,9.85742533115027,,100.0,28.0,0.7284889771297884,10.0,15.0,0.0826412219112543,1.799,0.961,0.807,0.591,0.807
2629,10223,unknown,unresolved,21.88081005331532,both pitches match a module long axis; ambiguous,120.0,30.0,0.3832651173701561,30.0,25.0,0.2782148025162118,1.982,1.69,0.537,0.843,
2630,3940,portrait,short_axis_inferred,25.488553067547457,,120.0,11.0,0.6570845373216939,30.0,35.0,-0.00013341499009897088,0.74,2.416,0.57,0.822,0.822
2631,6250,unknown,unresolved,26.238553013703807,both pitches match a module long axis; ambiguous,80.0,31.0,0.3252363420213944,170.0,20.0,0.0955249317257745,2.029,1.409,0.287,0.958,
2632,0,unknown,no_plane_fit,47.94614885519635,no usable lidar plane fit,,,,,,,,,,,
2633,0,unknown,insufficient_pixels,33.5586565257575,only 1060 image pixels; need 2500 for a reliable grid,,,,,,,,,,,
2634,0,unknown,insufficient_pixels,31.19221167481144,only 2470 image pixels; need 2500 for a reliable grid,,,,,,,,,,,
2635,0,unknown,no_plane_fit,,no usable lidar plane fit,,,,,,,,,,,
2636,54028,portrait,long_axis_measured,5.1256881670188505,,10.0,16.0,0.6550832054101619,100.0,26.0,0.4050859225323656,1.018,1.657,0.396,0.918,0.918
2637,0,unknown,no_plane_fit,5.017324909385989,no usable lidar plane fit,,,,,,,,,,,
2638,68975,landscape,long_axis_measured,9.753275494056451,,140.0,17.0,0.8242693263611058,50.0,19.0,0.5130779903932287,1.094,1.212,0.943,0.332,0.332
2639,34762,unknown,unresolved,9.880046617300575,both pitches match a module short axis; ambiguous,130.0,17.0,0.7206839041987713,40.0,11.0,0.4391259554469407,1.096,0.699,0.999,0.05,
2640,4864,portrait,long_axis_measured,21.535115917529684,,100.0,15.0,0.6958998412892531,10.0,25.0,0.4384440217875214,0.98,1.696,0.402,0.916,0.916
2641,5686,unknown,unresolved,15.013833601182666,"no pitch within 30% of 1.65 m or 0.99 m; likely row pitch, not module pitch",30.0,35.0,0.69386667472129,120.0,33.0,0.2117889767723815,2.278,2.147,0.711,0.703,
2642,5940,portrait,long_axis_measured,17.77437620786594,,0.0,38.0,0.5948077355195102,90.0,25.0,0.2042447445824563,2.413,1.667,0.003,1.0,1.0
2643,0,unknown,insufficient_pixels,17.936488201484014,only 2250 image pixels; need 2500 for a reliable grid,,,,,,,,,,,
2644,0,unknown,no_plane_fit,53.07922823105056,no usable lidar plane fit,,,,,,,,,,,
2645,0,unknown,no_plane_fit,55.92459585284693,no usable lidar plane fit,,,,,,,,,,,
2646,0,unknown,flat_or_low_tilt,1.8328969150442869,tilt 1.8 deg < 5: no defined slope direction,,,,,,,,,,,
2647,0,unknown,flat_or_low_tilt,3.080863574668542,tilt 3.1 deg < 5: no defined slope direction,,,,,,,,,,,
2648,0,unknown,flat_or_low_tilt,1.802287064477195,tilt 1.8 deg < 5: no defined slope direction,,,,,,,,,,,
2649,0,unknown,flat_or_low_tilt,0.4696504683341242,tilt 0.5 deg < 5: no defined slope direction,,,,,,,,,,,
2650,3300,landscape,long_axis_measured,17.738905902160333,,100.0,12.0,0.7857352258955771,10.0,25.0,0.0871579115481959,0.799,1.606,0.969,0.245,0.245
2651,0,unknown,flat_or_low_tilt,1.096625788572631,tilt 1.1 deg < 5: no defined slope direction,,,,,,,,,,,
2652,0,unknown,flat_or_low_tilt,0.1742833083830403,tilt 0.2 deg < 5: no defined slope direction,,,,,,,,,,,
2653,0,unknown,flat_or_low_tilt,0.6299590968042384,tilt 0.6 deg < 5: no defined slope direction,,,,,,,,,,,
2654,0,unknown,flat_or_low_tilt,0.696985638591437,tilt 0.7 deg < 5: no defined slope direction,,,,,,,,,,,
2655,5090,portrait,long_axis_measured,18.57180467350656,,100.0,15.0,0.835317997432245,10.0,23.0,0.3527635746979832,0.97,1.535,0.356,0.935,0.935
2656,0,unknown,insufficient_pixels,17.320086063423727,only 1274 image pixels; need 2500 for a reliable grid,,,,,,,,,,,
2657,0,unknown,insufficient_pixels,19.16588209668421,only 1634 image pixels; need 2500 for a reliable grid,,,,,,,,,,,
2658,8176,unknown,unresolved,6.56576653840385,no periodic peak in one or both directions,80.0,17.0,0.2127008841258824,170.0,,,,,,,
2659,0,unknown,flat_or_low_tilt,1.702649830992348,tilt 1.7 deg < 5: no defined slope direction,,,,,,,,,,,
2660,6497,unknown,unresolved,21.551437186565806,"no pitch within 30% of 1.65 m or 0.99 m; likely row pitch, not module pitch",0.0,38.0,0.5246234344832851,90.0,35.0,0.2786197863650995,2.529,2.346,0.657,0.754,
2661,4909,portrait,long_axis_measured,21.80895689974297,,130.0,26.0,0.812135776326695,40.0,15.0,0.2991297243628951,1.777,0.963,0.988,0.152,0.988
2662,3368,landscape,long_axis_measured,29.12077413236292,,130.0,25.0,0.8954738463974562,40.0,13.0,0.3869796703678569,1.647,0.939,0.286,0.958,0.286
2663,6256,unknown,unresolved,17.86728620949899,both pitches match a module short axis; ambiguous,120.0,14.0,0.5211066403284692,30.0,12.0,0.4713321501528514,0.908,0.797,0.438,0.899,
2664,8634,landscape,long_axis_measured,26.66739525823601,,30.0,12.0,0.6899362015565245,120.0,28.0,0.1948449314040097,0.843,1.861,0.907,0.421,0.421
2665,4580,unknown,unresolved,28.451477532899823,both pitches match a module long axis; ambiguous,130.0,27.0,0.7541803057247815,40.0,19.0,0.1711979526636905,1.763,1.367,0.228,0.974,
2666,13683,landscape,short_axis_inferred,15.847367280482086,,40.0,11.0,0.5238305759340802,130.0,37.0,0.1159173571966288,0.726,2.362,0.99,0.143,0.143
2667,5520,unknown,unresolved,25.16698873522081,both pitches match a module short axis; ambiguous,30.0,12.0,0.5237727751858986,120.0,12.0,0.4058951910989041,0.833,0.795,0.898,0.439,
2668,0,unknown,insufficient_pixels,29.611814813162404,only 1943 image pixels; need 2500 for a reliable grid,,,,,,,,,,,
2669,3272,landscape,long_axis_measured,16.423602778280078,,130.0,15.0,0.8897288180763588,40.0,27.0,0.6099352474720539,0.992,1.726,0.986,0.167,0.167
2670,12831,unknown,unresolved,10.00332470919228,both pitches match a module short axis; ambiguous,30.0,12.0,0.3517120245440722,120.0,14.0,0.1835210641209168,0.773,0.895,0.913,0.407,
2671,9889,unknown,unresolved,5.922567298803757,both pitches match a module short axis; ambiguous,40.0,17.0,0.6450319368186467,130.0,17.0,0.4243448492251291,1.085,1.081,0.962,0.274,
2672,0,unknown,insufficient_pixels,17.28671975436723,only 1773 image pixels; need 2500 for a reliable grid,,,,,,,,,,,
2673,0,unknown,insufficient_pixels,20.53136726624996,only 1367 image pixels; need 2500 for a reliable grid,,,,,,,,,,,
2674,0,unknown,insufficient_pixels,20.631098598382216,only 2050 image pixels; need 2500 for a reliable grid,,,,,,,,,,,
2675,0,unknown,insufficient_pixels,21.490322653754586,only 2306 image pixels; need 2500 for a reliable grid,,,,,,,,,,,
2676,9282,landscape,long_axis_measured,21.162697678728502,,40.0,11.0,0.6483794797703069,130.0,20.0,0.2904063567744249,0.748,1.282,0.99,0.144,0.144
2677,5538,unknown,unresolved,23.14056441924133,both pitches match a module short axis; ambiguous,140.0,11.0,0.6208155716982908,50.0,15.0,0.0355591725995456,0.7,1.036,0.022,1.0,
2678,2742,unknown,unresolved,22.45513152417294,both pitches match a module short axis; ambiguous,140.0,11.0,0.8893502370651548,50.0,11.0,0.39621446765412327,0.702,0.756,0.063,0.998,
2679,0,unknown,insufficient_pixels,23.917670384626,only 911 image pixels; need 2500 for a reliable grid,,,,,,,,,,,
2680,6328,unknown,unresolved,13.98332130810896,both pitches match a module short axis; ambiguous,130.0,11.0,0.6585513967679709,40.0,16.0,0.552917345983213,0.72,1.02,0.993,0.122,
2681,3253,portrait,long_axis_measured,14.031201776578245,,130.0,21.0,0.9096010640002481,40.0,11.0,0.4201987644993429,1.374,0.701,0.99,0.138,0.99
2682,3058,landscape,long_axis_measured,16.748878386380014,,130.0,11.0,0.8858635123216348,40.0,21.0,-0.055247034600730535,0.729,1.343,0.987,0.161,0.161
2683,3446,portrait,long_axis_measured,15.876834564108412,,130.0,11.0,0.7635760684994733,40.0,21.0,0.5370756181865495,0.702,1.386,0.135,0.991,0.991
2684,6312,landscape,long_axis_measured,5.293928925887919,,40.0,14.0,0.580331040396939,130.0,26.0,0.5354373789319269,0.893,1.652,0.989,0.15,0.15
2685,5029,landscape,long_axis_measured,11.746354802087511,,130.0,25.0,0.6096859623822404,40.0,15.0,0.4368422639191822,1.592,0.973,0.145,0.989,0.145
2686,0,unknown,flat_or_low_tilt,2.024358450018525,tilt 2.0 deg < 5: no defined slope direction,,,,,,,,,,,
2687,8788,landscape,short_axis_inferred,16.028121352883932,,130.0,11.0,0.6422104785612003,40.0,38.0,0.1614962018791837,0.726,2.427,0.989,0.146,0.146
2688,0,unknown,no_plane_fit,41.47191134325925,no usable lidar plane fit,,,,,,,,,,,
2689,0,unknown,insufficient_pixels,12.596007927405426,only 1230 image pixels; need 2500 for a reliable grid,,,,,,,,,,,
2690,7542,unknown,unresolved,12.97283277529373,both pitches match a module short axis; ambiguous,130.0,11.0,0.8758719808559026,40.0,17.0,0.4969029694622608,0.716,1.084,0.984,0.177,
2691,5278,landscape,short_axis_inferred,13.303586548783931,,130.0,11.0,0.9027887631434516,40.0,34.0,0.2469227902801527,0.718,2.166,0.993,0.114,0.114
2692,0,unknown,flat_or_low_tilt,0.4910178078036282,tilt 0.5 deg < 5: no defined slope direction,,,,,,,,,,,
2693,12593,landscape,long_axis_measured,15.632969594380116,,40.0,11.0,0.6998929709671117,130.0,26.0,0.4263333105775287,0.725,1.659,0.991,0.136,0.136
2694,3818,unknown,unresolved,25.291760187470175,"no pitch within 30% of 1.65 m or 0.99 m; likely row pitch, not module pitch",90.0,38.0,0.5990017002454472,0.0,41.0,0.22075511131364056,2.586,2.795,0.698,0.716,
2695,2742,unknown,unresolved,21.51138133385728,both pitches match a module short axis; ambiguous,130.0,17.0,0.76073786383926,40.0,11.0,0.43327590044290887,1.104,0.748,0.319,0.948,
2696,0,unknown,insufficient_pixels,11.327853217422218,only 1769 image pixels; need 2500 for a reliable grid,,,,,,,,,,,
2697,3233,landscape,short_axis_inferred,12.011518465935383,,130.0,11.0,0.7729646676385397,40.0,38.0,0.22141420740540965,0.714,2.415,0.999,0.034,0.034
2698,0,unknown,no_plane_fit,38.707106483056535,no usable lidar plane fit,,,,,,,,,,,
2699,0,unknown,insufficient_pixels,14.910555482811096,only 1937 image pixels; need 2500 for a reliable grid,,,,,,,,,,,
2700,3092,unknown,unresolved,20.91035371759711,no periodic peak in one or both directions,170.0,14.0,0.7510006165588589,80.0,,,,,,,
2701,3492,unknown,unresolved,30.80995412801701,both pitches match a module short axis; ambiguous,130.0,11.0,0.7113938298984941,40.0,11.0,0.37609069135976314,0.713,0.812,0.144,0.99,
2702,2702,unknown,unresolved,9.499568784532574,no periodic peak in one or both directions,100.0,30.0,0.9733274819664671,10.0,,,,,,,
2703,0,unknown,no_plane_fit,34.74147441651579,no usable lidar plane fit,,,,,,,,,,,
2704,0,unknown,insufficient_pixels,35.95098625312809,only 1222 image pixels; need 2500 for a reliable grid,,,,,,,,,,,
2705,0,unknown,no_plane_fit,61.05742249223904,no usable lidar plane fit,,,,,,,,,,,
2706,0,unknown,insufficient_pixels,19.75137026115488,only 1974 image pixels; need 2500 for a reliable grid,,,,,,,,,,,
2707,9269,portrait,short_axis_inferred,38.200034717080335,,80.0,11.0,0.8740936524420904,170.0,30.0,0.091103009866035,0.745,2.396,0.29,0.957,0.957
2708,5722,landscape,long_axis_measured,15.972816108872616,,130.0,17.0,0.6917149609003406,40.0,26.0,0.1534558542138954,1.122,1.664,0.98,0.201,0.201
2709,0,unknown,no_plane_fit,32.809927485261674,no usable lidar plane fit,,,,,,,,,,,
2710,3772,landscape,long_axis_measured,23.00872771408214,,40.0,12.0,0.7179288757618975,130.0,25.0,0.14410414072277225,0.827,1.604,0.992,0.127,0.127
2711,0,unknown,insufficient_pixels,13.28797197582642,only 2412 image pixels; need 2500 for a reliable grid,,,,,,,,,,,
2712,0,unknown,insufficient_pixels,16.717635257463687,only 1756 image pixels; need 2500 for a reliable grid,,,,,,,,,,,
2713,2893,portrait,long_axis_measured,28.77327833184565,,90.0,30.0,0.6045224951224101,0.0,39.0,0.17390001858104773,2.078,2.725,0.675,0.738,0.675
2714,0,unknown,insufficient_pixels,33.85203898739524,only 2465 image pixels; need 2500 for a reliable grid,,,,,,,,,,,
2715,4236,unknown,unresolved,23.197012713806053,both pitches match a module short axis; ambiguous,130.0,11.0,0.5903747388472533,40.0,17.0,0.2652914662526426,0.76,1.086,0.997,0.077,
2716,3339,portrait,long_axis_measured,32.250559721319206,,40.0,26.0,0.6634990639368056,130.0,11.0,0.3053625927596736,1.947,0.717,0.985,0.172,0.985
2717,3523,unknown,unresolved,19.352269891145664,both pitches match a module short axis; ambiguous,40.0,11.0,0.43217056797274217,130.0,12.0,0.22279214480641607,0.702,0.807,0.09,0.996,
2718,5294,landscape,long_axis_measured,20.435524070741177,,140.0,16.0,0.7446927963488756,50.0,25.0,0.6548246938968423,1.082,1.61,0.975,0.224,0.224
2719,7756,unknown,unresolved,5.806323121195769,"no pitch within 30% of 1.65 m or 0.99 m; likely row pitch, not module pitch",90.0,36.0,0.5737997029915668,0.0,35.0,0.3703554766043245,2.295,2.23,0.76,0.65,
2720,5094,unknown,unresolved,8.343608818853387,both pitches match a module short axis; ambiguous,110.0,13.0,0.8274286439097441,20.0,18.0,0.6932038011790056,0.833,1.15,0.834,0.551,
2721,7842,portrait,long_axis_measured,6.431586300568002,,110.0,13.0,0.7848834258537365,20.0,27.0,0.6852435712489499,0.83,1.721,0.806,0.591,0.591
2722,4636,portrait,long_axis_measured,15.531834855171311,,20.0,13.0,0.5650020027926358,110.0,22.0,0.4499430493416195,0.843,1.44,0.583,0.813,0.813
2723,5655,portrait,long_axis_measured,21.79409096120968,,20.0,17.0,0.5562220681838801,110.0,24.0,0.2628057014540074,1.134,1.61,0.669,0.744,0.744
2724,0,unknown,insufficient_pixels,18.425999587938872,only 1961 image pixels; need 2500 for a reliable grid,,,,,,,,,,,
2725,8365,unknown,unresolved,21.891164756543898,both pitches match a module long axis; ambiguous,20.0,19.0,0.6253191639665626,110.0,27.0,0.1243202828370294,1.262,1.819,0.608,0.794,
2726,8398,portrait,long_axis_measured,24.01311705179609,,100.0,24.0,0.7298659896169932,10.0,15.0,0.2520251260623181,1.65,0.993,0.88,0.475,0.88
2727,3233,unknown,unresolved,19.87838969894601,both pitches match a module short axis; ambiguous,110.0,15.0,0.7997878865590936,20.0,17.0,0.3451222806240122,0.988,1.134,0.6,0.8,
2728,2960,portrait,long_axis_measured,21.76970397952405,,110.0,13.0,0.8993569710318869,20.0,18.0,0.22281858107581304,0.864,1.21,0.625,0.78,0.78
2729,4080,unknown,unresolved,22.27019428532752,both pitches match a module short axis; ambiguous,110.0,13.0,0.7577548924001425,20.0,13.0,0.2026729878301172,0.859,0.881,0.527,0.85,
2730,3011,portrait,long_axis_measured,17.799644637656364,,10.0,15.0,0.7295204855308413,100.0,24.0,-0.38358078323976097,0.97,1.595,0.375,0.927,0.927
2731,0,unknown,no_plane_fit,33.28294252175425,no usable lidar plane fit,,,,,,,,,,,
2732,4050,unknown,unresolved,13.965549608244393,both pitches match a module short axis; ambiguous,110.0,13.0,0.5218382436960122,20.0,13.0,0.0381452584651104,0.839,0.847,0.53,0.848,
2733,3795,unknown,unresolved,18.51021157872521,both pitches match a module short axis; ambiguous,20.0,15.0,0.5711715541892406,110.0,16.0,0.23850057809854475,0.983,1.06,0.604,0.797,
2734,8034,unknown,unresolved,10.6275554956133,"no pitch within 30% of 1.65 m or 0.99 m; likely row pitch, not module pitch",60.0,39.0,0.392020973729414,150.0,37.0,0.0801197736479881,2.494,2.387,0.416,0.909,
2735,4658,portrait,long_axis_measured,22.90858065605896,,100.0,11.0,0.8664218003548538,10.0,26.0,0.2730110915911282,0.72,1.781,0.384,0.923,0.923
2736,7058,portrait,long_axis_measured,18.42291023875021,,110.0,19.0,0.6756435549836548,20.0,14.0,0.4069885035087376,1.245,0.927,0.606,0.795,0.606
2737,5966,landscape,long_axis_measured,18.82526008696403,,170.0,20.0,0.5969468849308986,80.0,14.0,0.4264727839278558,1.289,0.937,0.27,0.963,0.27
2738,13861,unknown,unresolved,17.75972652793927,"no pitch within 30% of 1.65 m or 0.99 m; likely row pitch, not module pitch",150.0,41.0,0.6104215289503782,60.0,37.0,0.1465087767363708,2.639,2.462,0.283,0.959,
2739,7296,portrait,long_axis_measured,14.86442976063284,,10.0,16.0,0.6543421926483316,100.0,28.0,-0.2986827161581291,1.031,1.834,0.422,0.906,0.906
2740,5552,portrait,long_axis_measured,19.495579819690832,,110.0,18.0,0.7374350131537427,20.0,12.0,0.4297745720433477,1.184,0.799,0.599,0.801,0.599
2741,0,unknown,no_plane_fit,51.64637546765284,no usable lidar plane fit,,,,,,,,,,,
2742,0,unknown,flat_or_low_tilt,4.885989895673683,tilt 4.9 deg < 5: no defined slope direction,,,,,,,,,,,
2743,0,unknown,insufficient_pixels,5.988442094793953,only 2202 image pixels; need 2500 for a reliable grid,,,,,,,,,,,
2744,5135,portrait,long_axis_measured,16.555411768470005,,100.0,31.0,0.8197226871165327,10.0,16.0,0.4896256738158333,2.047,1.032,0.929,0.37,0.929
2745,3602,portrait,long_axis_measured,17.921825720308387,,20.0,26.0,0.6630135546893933,110.0,13.0,0.6106025486625838,1.72,0.849,0.823,0.568,0.823
2746,2924,landscape,long_axis_measured,19.97475278190308,,100.0,26.0,0.4296854378392935,10.0,37.0,-0.015949355906381538,1.692,2.487,0.399,0.917,0.399
2747,3569,unknown,unresolved,21.92787731862005,both pitches match a module long axis; ambiguous,110.0,19.0,0.9058524703168758,20.0,23.0,0.09082370859346989,1.262,1.55,0.606,0.795,
2748,0,unknown,insufficient_pixels,25.793856746135283,only 1531 image pixels; need 2500 for a reliable grid,,,,,,,,,,,
2749,0,unknown,insufficient_pixels,25.18916143792776,only 1696 image pixels; need 2500 for a reliable grid,,,,,,,,,,,
2750,0,unknown,flat_or_low_tilt,4.525243411403887,tilt 4.5 deg < 5: no defined slope direction,,,,,,,,,,,
2751,5718,landscape,long_axis_measured,29.394280702305696,,90.0,40.0,0.5585903437445278,0.0,21.0,-0.0178189137043285,2.904,1.373,0.974,0.225,0.225
2752,5120,portrait,long_axis_measured,30.454323917696488,,10.0,15.0,0.7485858958206283,100.0,25.0,0.6896706420686929,1.011,1.815,0.419,0.908,0.908
2753,4167,portrait,long_axis_measured,26.95923716638938,,130.0,29.0,0.5497715798623563,40.0,37.0,-0.0396746805838371,1.971,2.572,0.607,0.795,0.607
2754,0,unknown,insufficient_pixels,17.396585432883505,only 1414 image pixels; need 2500 for a reliable grid,,,,,,,,,,,
2755,0,unknown,insufficient_pixels,18.42521570521935,only 991 image pixels; need 2500 for a reliable grid,,,,,,,,,,,
2756,12775,portrait,long_axis_measured,10.443618972202668,,20.0,13.0,0.6180946315029787,110.0,24.0,0.5685549667048937,0.829,1.549,0.285,0.959,0.959
2757,6596,unknown,unresolved,26.32923941033312,both pitches match a module short axis; ambiguous,110.0,15.0,0.8030514724350907,20.0,14.0,0.2643997681399398,1.016,0.969,0.602,0.799,
2758,5434,portrait,long_axis_measured,18.46557541531129,,110.0,12.0,0.8027338387521932,20.0,19.0,0.0535051242765705,0.786,1.259,0.593,0.805,0.805
2759,4417,unknown,unresolved,25.53702009908963,both pitches match a module long axis; ambiguous,110.0,28.0,0.7529961557868016,20.0,19.0,0.4187877441687603,1.928,1.282,0.796,0.605,
2760,6942,unknown,unresolved,28.508825225986136,both pitches match a module short axis; ambiguous,40.0,13.0,0.59787266387663,130.0,13.0,0.2686015978913971,0.93,0.866,0.924,0.382,
2761,9070,unknown,unresolved,8.223802941289158,both pitches match a module long axis; ambiguous,110.0,19.0,0.4083065197514003,20.0,26.0,0.0054587289391115,1.213,1.666,0.524,0.852,
2762,6384,portrait,long_axis_measured,25.35507541688547,,110.0,13.0,0.6472578919328371,20.0,31.0,0.1528027617583102,0.872,2.14,0.553,0.833,0.833
2763,0,unknown,insufficient_pixels,21.467014231076767,only 1048 image pixels; need 2500 for a reliable grid,,,,,,,,,,,
2764,0,unknown,insufficient_pixels,23.149333221799,only 2070 image pixels; need 2500 for a reliable grid,,,,,,,,,,,
2765,4036,portrait,long_axis_measured,22.310455987877354,,110.0,16.0,0.6808911589709168,20.0,24.0,-0.2444320759947272,1.079,1.598,0.785,0.62,0.62
2766,3891,portrait,long_axis_measured,18.139281484138746,,110.0,13.0,0.731000070682015,20.0,29.0,0.2588718169581498,0.85,1.92,0.575,0.818,0.818
2767,0,unknown,insufficient_pixels,21.75829869360113,only 2124 image pixels; need 2500 for a reliable grid,,,,,,,,,,,
2768,8201,landscape,long_axis_measured,18.63483125287434,,100.0,21.0,0.8424402680714381,10.0,12.0,0.3484562683953855,1.362,0.801,0.395,0.919,0.395
2769,0,unknown,no_plane_fit,34.165867921772495,no usable lidar plane fit,,,,,,,,,,,
2770,7703,unknown,unresolved,22.42328625876345,both pitches match a module long axis; ambiguous,140.0,19.0,0.8168822932598088,50.0,27.0,0.5461742015922019,1.303,1.741,0.979,0.203,
2771,3320,landscape,long_axis_measured,17.928804804167616,,100.0,21.0,0.7791989559793637,10.0,12.0,0.34231847656603515,1.358,0.798,0.377,0.926,0.377
2772,5534,portrait,long_axis_measured,16.266415590279255,,110.0,16.0,0.8079435019322616,20.0,27.0,0.4558531575440581,1.05,1.757,0.797,0.603,0.603
2773,0,unknown,insufficient_pixels,20.311417605547707,only 2326 image pixels; need 2500 for a reliable grid,,,,,,,,,,,
2774,2905,portrait,long_axis_measured,13.84671568457642,,20.0,18.0,0.7426946590315743,110.0,13.0,0.6822632339787068,1.165,0.844,0.66,0.751,0.66
2775,4833,portrait,long_axis_measured,13.598119560349978,,110.0,26.0,0.7344705921219674,20.0,16.0,0.7234649121748853,1.689,1.034,0.797,0.605,0.797
2776,3790,portrait,short_axis_inferred,20.430669803723227,,110.0,13.0,0.8211013756449071,20.0,33.0,0.3147285962673154,0.856,2.21,0.563,0.827,0.827
2777,5893,landscape,long_axis_measured,14.366694807490449,,110.0,30.0,0.7827087845856766,20.0,16.0,0.4290838566535797,1.927,1.047,0.358,0.934,0.358
2778,5946,portrait,long_axis_measured,21.097161793085704,,20.0,16.0,0.6336668523322939,110.0,26.0,0.6322459349807348,1.06,1.743,0.616,0.788,0.788
2779,7670,portrait,long_axis_measured,16.490258982338887,,110.0,24.0,0.8592337983187726,20.0,13.0,0.2905253573485044,1.575,0.847,0.786,0.619,0.786
2780,4272,portrait,short_axis_inferred,23.563921971352688,,110.0,13.0,0.8059673213134089,20.0,33.0,0.5401765922604712,0.866,2.251,0.56,0.828,0.828
2781,4861,portrait,long_axis_measured,19.894457871944915,,160.0,40.0,0.65160900539716,70.0,25.0,-0.0741254072738317,2.543,1.688,0.017,1.0,1.0
2782,2512,portrait,long_axis_measured,21.19216153295274,,110.0,13.0,0.6147472904825307,20.0,29.0,0.1603628595853752,0.857,1.952,0.546,0.838,0.838
2783,4944,portrait,long_axis_measured,20.875739414029898,,20.0,13.0,0.440806119032222,110.0,27.0,0.3551912361032486,0.857,1.813,0.564,0.826,0.826
2784,6289,portrait,long_axis_measured,12.483160995137618,,170.0,24.0,0.5615569904732374,80.0,12.0,-0.061413967119601,1.561,0.764,0.994,0.109,0.994
2785,6258,unknown,unresolved,16.01966192358722,both pitches match a module short axis; ambiguous,20.0,15.0,0.6199747898052971,110.0,17.0,0.4977427054043089,0.975,1.114,0.598,0.802,
2786,6354,unknown,unresolved,15.877970594863871,no periodic peak in one or both directions,110.0,15.0,0.7336138002864263,20.0,,,,,,,
2787,0,unknown,insufficient_pixels,16.1133877391653,only 1450 image pixels; need 2500 for a reliable grid,,,,,,,,,,,
2788,5773,unknown,unresolved,15.917633977465066,both pitches match a module long axis; ambiguous,110.0,19.0,0.8400729093017942,20.0,31.0,0.4166409396593471,1.235,2.031,0.594,0.805,
2789,4364,portrait,long_axis_measured,15.9159284661885,,110.0,19.0,0.7256197388755828,20.0,14.0,0.6069569549532461,1.244,0.91,0.791,0.612,0.791
2790,3593,unknown,unresolved,22.470018682589394,both pitches match a module short axis; ambiguous,110.0,13.0,0.8085736756107297,20.0,13.0,0.1956518722901104,0.881,0.862,0.83,0.557,
2791,0,unknown,flat_or_low_tilt,0.9962035956090358,tilt 1.0 deg < 5: no defined slope direction,,,,,,,,,,,
2792,7884,landscape,long_axis_measured,12.983560478710825,,150.0,12.0,0.4636509848756726,60.0,19.0,0.043951660745152,0.78,1.22,0.899,0.437,0.437
2793,7106,unknown,unresolved,12.262489266097854,both pitches match a module short axis; ambiguous,150.0,14.0,0.5484875047426738,60.0,13.0,0.4346186099032952,0.908,0.834,0.903,0.429,
2794,5308,unknown,unresolved,22.286044478643472,both pitches match a module long axis; ambiguous,10.0,26.0,0.617773689469473,100.0,17.0,0.5403402402539791,1.695,1.161,0.344,0.939,
2795,11184,portrait,short_axis_inferred,25.64620947794908,,100.0,37.0,0.5474031155636289,10.0,15.0,0.4268032790937003,2.587,0.988,0.931,0.366,0.931
2796,5628,unknown,unresolved,19.100271154086627,both pitches match a module long axis; ambiguous,10.0,26.0,0.3696967073180263,100.0,21.0,0.212760185114849,1.679,1.407,0.299,0.954,
2797,7903,unknown,unresolved,20.145979727353645,both pitches match a module short axis; ambiguous,110.0,12.0,0.5422946426718648,20.0,13.0,0.2333483435263014,0.804,0.852,0.862,0.508,
2798,5832,landscape,short_axis_inferred,17.88857753833685,,100.0,41.0,0.8269369336106843,10.0,15.0,0.186714025711451,2.65,0.997,0.366,0.931,0.366
2799,14692,unknown,unresolved,19.379353211217826,both pitches match a module long axis; ambiguous,10.0,25.0,0.3905070911639452,100.0,30.0,0.1309369995532854,1.618,2.012,0.334,0.943,
2800,2940,unknown,unresolved,25.59198145527802,"no pitch within 30% of 1.65 m or 0.99 m; likely row pitch, not module pitch",140.0,37.0,0.6951328074744649,50.0,37.0,0.27216439734904513,2.511,2.537,0.657,0.754,
2801,3555,landscape,long_axis_measured,25.50652469623802,,90.0,14.0,0.9058312290360422,0.0,26.0,0.6764276399204953,0.985,1.66,0.998,0.056,0.056
2802,7558,portrait,long_axis_measured,17.55339357421176,,90.0,15.0,0.7474454617211094,0.0,28.0,0.5828254864081844,0.955,1.865,0.048,0.999,0.999
2803,2736,landscape,long_axis_measured,18.768014659476584,,10.0,34.0,0.6859510898831759,100.0,31.0,0.18608504319971567,2.279,1.984,0.989,0.145,0.145
2804,8355,portrait,long_axis_measured,18.98562462170459,,60.0,31.0,0.3210954047577569,150.0,17.0,-0.0483664764800464,2.028,1.131,0.541,0.841,0.541
2805,0,unknown,flat_or_low_tilt,3.66910859174269,tilt 3.7 deg < 5: no defined slope direction,,,,,,,,,,,
2806,0,unknown,insufficient_pixels,25.84745389936453,only 1540 image pixels; need 2500 for a reliable grid,,,,,,,,,,,
2807,0,unknown,insufficient_pixels,19.42742343554217,only 1480 image pixels; need 2500 for a reliable grid,,,,,,,,,,,
2808,4816,portrait,long_axis_measured,16.451806430087906,,100.0,15.0,0.6631215523237051,10.0,27.0,0.2271591810909691,0.967,1.783,0.358,0.934,0.934
2809,2578,unknown,unresolved,23.420258060360293,no periodic peak in one or both directions,80.0,14.0,0.8810226439541283,170.0,,,,,,,
2810,3782,portrait,long_axis_measured,17.4968677436086,,100.0,16.0,0.7879325486353487,10.0,30.0,0.48729121372120016,1.033,1.991,0.348,0.938,0.938
2811,6675,portrait,long_axis_measured,17.59375513055009,,90.0,25.0,0.6210526457887955,0.0,16.0,0.6068756023230262,1.665,1.019,0.998,0.069,0.998
2812,0,unknown,insufficient_pixels,15.787967785673969,only 675 image pixels; need 2500 for a reliable grid,,,,,,,,,,,
2813,0,unknown,insufficient_pixels,14.42275377099747,only 2004 image pixels; need 2500 for a reliable grid,,,,,,,,,,,
2814,3905,portrait,long_axis_measured,28.14550549154939,,100.0,15.0,0.6500994091016162,10.0,24.0,0.527983319524369,0.993,1.714,0.349,0.937,0.937
2815,5925,unknown,unresolved,16.925962538149143,both pitches match a module long axis; ambiguous,90.0,27.0,0.5693999610295207,0.0,32.0,0.3225599209336248,1.792,2.032,1.0,0.0,
2816,0,unknown,no_plane_fit,60.19212496698892,no usable lidar plane fit,,,,,,,,,,,
2817,11110,portrait,long_axis_measured,16.980926946469026,,10.0,15.0,0.7020980167292974,100.0,25.0,0.6344954039521006,0.968,1.655,0.365,0.931,0.931
2818,0,unknown,flat_or_low_tilt,4.636062547596959,tilt 4.6 deg < 5: no defined slope direction,,,,,,,,,,,
2819,0,unknown,insufficient_pixels,12.776752007642791,only 2244 image pixels; need 2500 for a reliable grid,,,,,,,,,,,
2820,2804,portrait,long_axis_measured,18.95167350547109,,80.0,18.0,0.6778849384825655,170.0,14.0,0.6535404585896505,1.206,0.901,0.97,0.243,0.97
2821,3122,portrait,long_axis_measured,25.233532810829203,,10.0,17.0,0.33797087617506893,100.0,26.0,0.27057019066462695,1.102,1.821,0.212,0.977,0.977
2822,4351,portrait,long_axis_measured,25.68928685111212,,10.0,14.0,0.6458489871562219,100.0,22.0,0.1827561728173234,0.912,1.545,0.251,0.968,0.968
2823,10754,unknown,unresolved,17.554225972658067,both pitches match a module long axis; ambiguous,10.0,26.0,0.3171914682059714,100.0,24.0,0.1242027564373942,1.682,1.592,0.395,0.919,
2824,4590,portrait,short_axis_inferred,15.898580028807295,,80.0,40.0,0.3434665699505677,170.0,14.0,0.1952105458683695,2.637,0.898,0.964,0.266,0.964
2825,3540,landscape,long_axis_measured,17.97085718061673,,100.0,17.0,0.7296681510193321,10.0,21.0,0.3974492384330478,1.131,1.358,0.928,0.373,0.373
2826,0,unknown,insufficient_pixels,17.655146015854527,only 1160 image pixels; need 2500 for a reliable grid,,,,,,,,,,,
2827,3793,unknown,unresolved,20.9615642358866,"no pitch within 30% of 1.65 m or 0.99 m; likely row pitch, not module pitch",100.0,35.0,0.401559827410974,10.0,38.0,0.20829677135098015,2.37,2.469,0.939,0.344,
2828,6952,unknown,unresolved,9.292870201622293,both pitches match a module short axis; ambiguous,100.0,16.0,0.7503408107882474,10.0,15.0,0.4262774470524109,1.029,0.957,0.93,0.367,
2829,0,unknown,insufficient_pixels,19.377318530217504,only 1976 image pixels; need 2500 for a reliable grid,,,,,,,,,,,
2830,3696,landscape,long_axis_measured,26.044940990562555,,110.0,27.0,0.5084049999622695,20.0,13.0,0.1980920488054262,1.804,0.906,0.491,0.871,0.491
2831,3604,unknown,unresolved,25.16740026402724,both pitches match a module long axis; ambiguous,130.0,31.0,0.5435500084351684,40.0,31.0,0.10564501772508621,2.123,2.096,0.766,0.643,
2832,5604,portrait,long_axis_measured,18.70399526143563,,100.0,15.0,0.8547504472111253,10.0,26.0,0.0644754301240437,0.971,1.736,0.365,0.931,0.931
2833,4931,unknown,unresolved,16.654791231913553,both pitches match a module short axis; ambiguous,100.0,15.0,0.863650791305929,10.0,11.0,0.4965115790508538,0.967,0.727,0.35,0.937,
2834,4321,landscape,long_axis_measured,14.98387862217814,,50.0,39.0,0.499778933748389,140.0,30.0,0.314641246380725,2.553,1.936,0.884,0.468,0.468
2835,0,unknown,flat_or_low_tilt,4.267427600562554,tilt 4.3 deg < 5: no defined slope direction,,,,,,,,,,,
2836,0,unknown,insufficient_pixels,15.19677591197436,only 2115 image pixels; need 2500 for a reliable grid,,,,,,,,,,,
2837,10051,unknown,unresolved,7.682334205084861,both pitches match a module long axis; ambiguous,50.0,20.0,0.7070689024799397,140.0,30.0,0.3896967452182932,1.281,1.907,0.991,0.132,
2838,7000,unknown,unresolved,25.311938228272734,both pitches match a module short axis; ambiguous,120.0,12.0,0.4379300051108789,30.0,12.0,0.2279861184543148,0.8,0.832,0.49,0.872,
2839,3445,portrait,short_axis_inferred,18.68939351893132,,120.0,33.0,0.8149668526418297,30.0,17.0,0.31332361006103143,2.196,1.108,0.871,0.492,0.871
2840,3445,portrait,long_axis_measured,18.719980525263896,,90.0,29.0,0.8235332887427156,0.0,17.0,0.3492952185595367,1.944,1.081,1.0,0.029,1.0
2841,6979,unknown,unresolved,26.28165662537232,both pitches match a module short axis; ambiguous,130.0,11.0,0.5462262747465021,40.0,11.0,0.4369051559086947,0.702,0.779,0.045,0.999,
2842,7369,landscape,short_axis_inferred,23.44859409017647,,40.0,11.0,0.4664353265932685,130.0,36.0,-0.0435523735784741,0.76,2.325,0.98,0.201,0.201
2843,0,unknown,insufficient_pixels,21.85720264629287,only 1118 image pixels; need 2500 for a reliable grid,,,,,,,,,,,
2844,0,unknown,insufficient_pixels,21.430313114832224,only 2498 image pixels; need 2500 for a reliable grid,,,,,,,,,,,
2845,10800,unknown,unresolved,21.8075962362987,no periodic peak in one or both directions,0.0,25.0,0.6759860398048587,90.0,,,,,,,
2846,13048,portrait,long_axis_measured,18.460079685601315,,110.0,13.0,0.5536727714337697,20.0,27.0,0.4208732727636811,0.862,1.765,0.83,0.558,0.558
2847,0,unknown,insufficient_pixels,24.165928521913795,only 1920 image pixels; need 2500 for a reliable grid,,,,,,,,,,,
2848,6703,portrait,long_axis_measured,10.487021037717334,,90.0,16.0,0.9451110500085604,0.0,20.0,-0.0060846181055601,1.017,1.292,0.034,0.999,0.999
2849,5718,unknown,unresolved,9.045571780228675,both pitches match a module long axis; ambiguous,130.0,29.0,0.7747836838767489,40.0,20.0,0.69704847456114,1.846,1.286,0.18,0.984,
2850,0,unknown,flat_or_low_tilt,2.175674379625125,tilt 2.2 deg < 5: no defined slope direction,,,,,,,,,,,
2851,8708,portrait,long_axis_measured,17.93166959009923,,110.0,29.0,0.6714813229030182,20.0,17.0,0.6202974553339503,1.911,1.115,0.749,0.662,0.749
2852,0,unknown,insufficient_pixels,14.463784968325214,only 2036 image pixels; need 2500 for a reliable grid,,,,,,,,,,,
2853,8478,unknown,unresolved,21.667719498149424,both pitches match a module short axis; ambiguous,30.0,17.0,0.5366243057484579,120.0,12.0,0.3432946906009283,1.153,0.786,0.9,0.435,
2854,0,unknown,no_plane_fit,,no usable lidar plane fit,,,,,,,,,,,
2855,5724,portrait,long_axis_measured,18.177486360334026,,90.0,15.0,0.8755258253072464,0.0,25.0,0.6809293115826924,0.954,1.671,0.024,1.0,1.0
2856,3680,unknown,unresolved,14.434053292580003,both pitches match a module short axis; ambiguous,0.0,13.0,0.7305739135584566,90.0,17.0,0.585490235162951,0.826,1.115,0.006,1.0,
2857,7866,unknown,unresolved,20.18305657218645,no periodic peak in one or both directions,0.0,26.0,0.7431436364142783,90.0,,,,,,,
2858,7215,landscape,long_axis_measured,13.738331677355475,,90.0,27.0,0.7422201687190108,0.0,16.0,0.4807467970012772,1.715,1.046,0.011,1.0,0.011
2859,0,unknown,insufficient_pixels,26.20284016694216,only 2414 image pixels; need 2500 for a reliable grid,,,,,,,,,,,
2860,3927,landscape,long_axis_measured,18.67840707391399,,70.0,39.0,0.8563535992274135,160.0,33.0,0.23341562065537563,2.61,2.122,0.971,0.241,0.241
2861,3461,unknown,unresolved,13.822621725384804,both pitches match a module short axis; ambiguous,30.0,12.0,0.6050897631401175,120.0,12.0,0.23223619257831193,0.772,0.782,0.457,0.89,
2862,0,unknown,insufficient_pixels,23.468139577120372,only 998 image pixels; need 2500 for a reliable grid,,,,,,,,,,,
2863,0,unknown,insufficient_pixels,22.26971024621364,only 2200 image pixels; need 2500 for a reliable grid,,,,,,,,,,,
2864,0,unknown,insufficient_pixels,21.840745842217,only 974 image pixels; need 2500 for a reliable grid,,,,,,,,,,,
2865,0,unknown,no_plane_fit,71.09089488913831,no usable lidar plane fit,,,,,,,,,,,
2866,0,unknown,flat_or_low_tilt,0.4830512557719507,tilt 0.5 deg < 5: no defined slope direction,,,,,,,,,,,
2867,4717,landscape,short_axis_inferred,9.90604070535681,,90.0,17.0,0.6394964648430179,0.0,37.0,0.2375963719217332,1.096,2.35,1.0,0.001,0.001
2868,7954,unknown,unresolved,9.62402779079509,no periodic peak in one or both directions,100.0,19.0,0.440259183840071,10.0,,,,,,,
2869,0,unknown,insufficient_pixels,30.496127164788454,only 1632 image pixels; need 2500 for a reliable grid,,,,,,,,,,,
2870,2699,portrait,long_axis_measured,30.96373092309992,,0.0,16.0,0.4614038384296881,90.0,24.0,0.1506930209129552,1.02,1.777,0.026,1.0,1.0
2871,8883,landscape,long_axis_measured,16.90265278939867,,90.0,31.0,0.6855875274111116,0.0,37.0,0.0581968047313291,1.969,2.456,0.004,1.0,0.004
2872,0,unknown,flat_or_low_tilt,0.6776422800937635,tilt 0.7 deg < 5: no defined slope direction,,,,,,,,,,,
2873,9635,portrait,long_axis_measured,17.88358925920308,,0.0,17.0,0.8462505007196852,90.0,23.0,0.5924953618234018,1.08,1.535,0.002,1.0,1.0
2874,4345,portrait,long_axis_measured,9.65799824280972,,90.0,17.0,0.8484942584200414,0.0,33.0,0.7542180251784285,1.08,2.126,0.032,0.999,0.999
2875,3034,portrait,long_axis_measured,19.69524785980704,,0.0,16.0,0.8203556747705079,90.0,28.0,0.66175435965736,1.016,1.888,0.0,1.0,1.0
2876,0,unknown,no_plane_fit,15.932433808101614,no usable lidar plane fit,,,,,,,,,,,
2877,0,unknown,insufficient_pixels,16.851950116621722,only 2465 image pixels; need 2500 for a reliable grid,,,,,,,,,,,
2878,0,unknown,flat_or_low_tilt,4.579091546369663,tilt 4.6 deg < 5: no defined slope direction,,,,,,,,,,,
2879,5488,portrait,short_axis_inferred,13.495772814712211,,90.0,18.0,0.8310852510327379,0.0,35.0,0.5871951131866343,1.143,2.286,0.011,1.0,1.0
2880,0,unknown,flat_or_low_tilt,4.170755553367855,tilt 4.2 deg < 5: no defined slope direction,,,,,,,,,,,
2881,2755,unknown,unresolved,17.228324495070463,both pitches match a module short axis; ambiguous,0.0,15.0,0.7343717956314583,90.0,14.0,0.4135659019874594,0.997,0.89,1.0,0.013,
2882,0,unknown,insufficient_pixels,19.2842253350258,only 1404 image pixels; need 2500 for a reliable grid,,,,,,,,,,,
2883,4756,portrait,long_axis_measured,22.38919586372126,,130.0,26.0,0.71071700378513,40.0,15.0,0.5479627487331852,1.784,0.963,0.99,0.139,0.99
2884,0,unknown,insufficient_pixels,21.76587380851229,only 1168 image pixels; need 2500 for a reliable grid,,,,,,,,,,,
2885,5016,landscape,long_axis_measured,13.328886620902615,,90.0,17.0,0.7303867477783333,0.0,25.0,0.617544550050649,1.109,1.589,1.0,0.028,0.028
2886,6144,portrait,long_axis_measured,18.240790727440665,,0.0,16.0,0.5421808244809276,90.0,24.0,0.4086775083383192,1.018,1.605,0.043,0.999,0.999
2887,3450,unknown,unresolved,22.46639566137026,no periodic peak in one or both directions,90.0,17.0,0.9209312004430499,0.0,,,,,,,
2888,3105,unknown,unresolved,22.164121126958733,no periodic peak in one or both directions,90.0,37.0,0.8876100491169371,0.0,,,,,,,
2889,4180,unknown,unresolved,7.417786702944876,no periodic peak in one or both directions,40.0,39.0,0.4979606636163291,130.0,,,,,,,
2890,0,unknown,no_plane_fit,,no usable lidar plane fit,,,,,,,,,,,
2891,0,unknown,no_plane_fit,55.395694366963696,no usable lidar plane fit,,,,,,,,,,,
2892,5764,unknown,unresolved,9.278800323087102,both pitches match a module long axis; ambiguous,90.0,23.0,0.9458022225188356,0.0,27.0,0.8600407043898066,1.48,1.715,1.0,0.013,
2893,2660,landscape,long_axis_measured,44.9992954511422,,130.0,12.0,0.6849941180392551,40.0,22.0,0.24737856432259522,1.074,1.454,0.991,0.133,0.133
2894,5158,landscape,long_axis_measured,42.30073797453948,,140.0,11.0,0.6493630625807104,50.0,19.0,0.2292316492837856,0.944,1.217,0.999,0.034,0.034
2895,3634,unknown,unresolved,14.37344710264018,both pitches match a module long axis; ambiguous,90.0,30.0,0.5462120544825619,0.0,18.0,0.35632797245292164,1.906,1.18,0.024,1.0,
2896,0,unknown,insufficient_pixels,44.40088551243037,only 1768 image pixels; need 2500 for a reliable grid,,,,,,,,,,,
2897,0,unknown,insufficient_pixels,16.2412606127077,only 1827 image pixels; need 2500 for a reliable grid,,,,,,,,,,,
2898,0,unknown,insufficient_pixels,22.14830514367586,only 2310 image pixels; need 2500 for a reliable grid,,,,,,,,,,,
2899,0,unknown,no_plane_fit,44.14276664563596,no usable lidar plane fit,,,,,,,,,,,
2900,0,unknown,flat_or_low_tilt,3.328679594009861,tilt 3.3 deg < 5: no defined slope direction,,,,,,,,,,,
2901,5074,unknown,unresolved,22.733903650689708,no periodic peak in one or both directions,0.0,40.0,0.0410117454965152,90.0,,,,,,,
2902,7500,unknown,unresolved,25.89623429532339,both pitches match a module long axis; ambiguous,90.0,22.0,0.7535071935832196,0.0,30.0,0.4464697604442889,1.397,2.118,0.003,1.0,
2903,0,unknown,flat_or_low_tilt,4.662361139276604,tilt 4.7 deg < 5: no defined slope direction,,,,,,,,,,,
2904,3990,unknown,unresolved,19.816536352113168,"no pitch within 30% of 1.65 m or 0.99 m; likely row pitch, not module pitch",140.0,35.0,0.5511503659322076,50.0,37.0,-0.2809687726582897,2.307,2.464,0.617,0.787,
2905,0,unknown,insufficient_pixels,22.20159631670962,only 1937 image pixels; need 2500 for a reliable grid,,,,,,,,,,,
2906,0,unknown,insufficient_pixels,18.73909868483164,only 1144 image pixels; need 2500 for a reliable grid,,,,,,,,,,,
2907,3492,portrait,long_axis_measured,22.341715305176628,,170.0,41.0,0.5855103570949347,80.0,31.0,-0.00723504385742661,2.71,2.103,0.525,0.851,0.851
2908,3555,unknown,unresolved,15.645845242158826,no periodic peak in one or both directions,90.0,29.0,0.40102904075302653,0.0,,,,,,,
2909,9743,landscape,long_axis_measured,26.33763819918417,,50.0,11.0,0.5656845010264392,140.0,28.0,-0.155014280552313,0.779,1.782,1.0,0.019,0.019
2910,0,unknown,insufficient_pixels,31.65813279002432,only 2460 image pixels; need 2500 for a reliable grid,,,,,,,,,,,
2911,0,unknown,insufficient_pixels,17.521349093513948,only 2444 image pixels; need 2500 for a reliable grid,,,,,,,,,,,
2912,0,unknown,insufficient_pixels,18.50450727179725,only 2444 image pixels; need 2500 for a reliable grid,,,,,,,,,,,
2913,0,unknown,insufficient_pixels,34.500625292082816,only 1144 image pixels; need 2500 for a reliable grid,,,,,,,,,,,
2914,7216,portrait,long_axis_measured,9.77615256647866,,90.0,18.0,0.7232958474327391,0.0,30.0,0.5158760195808638,1.143,1.933,0.015,1.0,1.0
2915,4887,unknown,unresolved,17.90856210706505,both pitches match a module short axis; ambiguous,40.0,12.0,0.5587732697885831,130.0,18.0,0.1792571096712841,0.8,1.15,0.992,0.124,
2916,2891,unknown,unresolved,15.01293370458898,both pitches match a module long axis; ambiguous,130.0,26.0,0.8811158478913204,40.0,20.0,0.07026758870011479,1.709,1.277,0.987,0.159,
2917,0,unknown,insufficient_pixels,30.160216768313173,only 1428 image pixels; need 2500 for a reliable grid,,,,,,,,,,,
2918,5004,landscape,short_axis_inferred,20.069754947153747,,130.0,12.0,0.5083654445847663,40.0,34.0,0.2005223063694365,0.811,2.177,0.991,0.134,0.134
2919,5522,portrait,short_axis_inferred,31.331440660111927,,110.0,12.0,0.7508037581883129,20.0,40.0,-0.0879633133450853,0.831,2.885,0.572,0.821,0.821
2920,0,unknown,insufficient_pixels,20.147098642097447,only 2490 image pixels; need 2500 for a reliable grid,,,,,,,,,,,
2921,0,unknown,insufficient_pixels,18.298525746705263,only 2392 image pixels; need 2500 for a reliable grid,,,,,,,,,,,
2922,0,unknown,insufficient_pixels,17.900347750414856,only 2409 image pixels; need 2500 for a reliable grid,,,,,,,,,,,
2923,8949,portrait,long_axis_measured,8.727636171822763,,0.0,13.0,0.7355050925007222,90.0,28.0,0.3712234410535505,0.826,1.799,0.002,1.0,1.0
2924,0,unknown,insufficient_pixels,17.757788745811705,only 1903 image pixels; need 2500 for a reliable grid,,,,,,,,,,,
2925,0,unknown,insufficient_pixels,17.135350385725545,only 1752 image pixels; need 2500 for a reliable grid,,,,,,,,,,,
2926,0,unknown,insufficient_pixels,18.10716642628852,only 2392 image pixels; need 2500 for a reliable grid,,,,,,,,,,,
2927,4958,unknown,unresolved,35.22890191459084,both pitches match a module short axis; ambiguous,90.0,16.0,0.5663610508821582,0.0,13.0,0.254799044751617,1.018,1.011,0.012,1.0,
2928,0,unknown,insufficient_pixels,18.462580909432887,only 955 image pixels; need 2500 for a reliable grid,,,,,,,,,,,
2929,4700,portrait,long_axis_measured,25.272586542636624,,0.0,16.0,0.7184379924854674,90.0,24.0,0.0580391874566179,1.017,1.685,0.008,1.0,1.0
2930,5168,portrait,long_axis_measured,25.88621121512042,,90.0,13.0,0.6483446187602997,0.0,24.0,0.6363040773443193,0.827,1.694,0.018,1.0,1.0
2931,6233,portrait,long_axis_measured,11.250971604528528,,150.0,11.0,0.6428509339560364,60.0,31.0,0.3989000461098637,0.709,1.993,0.763,0.647,0.647
2932,0,unknown,flat_or_low_tilt,0.5190263148683377,tilt 0.5 deg < 5: no defined slope direction,,,,,,,,,,,
2933,7358,portrait,long_axis_measured,9.050283741490764,,130.0,31.0,0.689419154951675,40.0,17.0,0.6589678810096312,1.993,1.082,0.978,0.211,0.978
2934,7038,landscape,long_axis_measured,11.50516806602566,,70.0,36.0,0.7592722866125166,160.0,29.0,0.6649433724274537,2.33,1.854,0.946,0.325,0.325
2935,4252,unknown,unresolved,15.622083796932383,both pitches match a module long axis; ambiguous,20.0,27.0,0.4159490934765437,110.0,25.0,0.173455448002137,1.759,1.631,0.691,0.723,
2936,6088,landscape,long_axis_measured,16.103455546596294,,130.0,11.0,0.7398647282435026,40.0,25.0,0.3294021835711476,0.726,1.602,0.974,0.224,0.224
2937,4560,portrait,long_axis_measured,10.365583643580168,,0.0,13.0,0.3784669403050513,90.0,30.0,0.1120805168064853,0.826,1.937,0.028,1.0,1.0
2938,0,unknown,insufficient_pixels,31.033593415734927,only 1428 image pixels; need 2500 for a reliable grid,,,,,,,,,,,
2939,3604,landscape,long_axis_measured,15.573937593360691,,30.0,30.0,0.28459640779983025,120.0,37.0,0.09829443016370448,1.929,2.433,0.342,0.94,0.342
2940,0,unknown,no_plane_fit,48.13203360131942,no usable lidar plane fit,,,,,,,,,,,
2941,5897,unknown,unresolved,13.872990111409548,both pitches match a module short axis; ambiguous,20.0,13.0,0.5308938181283401,110.0,13.0,0.3354555562968206,0.841,0.845,0.625,0.78,
2942,5524,portrait,long_axis_measured,39.417706071803146,,40.0,17.0,0.417776428160251,130.0,16.0,0.186193910379395,1.393,1.053,0.988,0.153,0.988
2943,7348,portrait,long_axis_measured,14.866807976105065,,40.0,26.0,0.7455275436540875,130.0,15.0,0.5986446324260696,1.708,0.957,0.992,0.128,0.992
2944,0,unknown,flat_or_low_tilt,0.5507182295716413,tilt 0.6 deg < 5: no defined slope direction,,,,,,,,,,,
2945,0,unknown,flat_or_low_tilt,1.801342735138362,tilt 1.8 deg < 5: no defined slope direction,,,,,,,,,,,
2946,0,unknown,flat_or_low_tilt,1.5876508823584286,tilt 1.6 deg < 5: no defined slope direction,,,,,,,,,,,
2947,5536,landscape,long_axis_measured,18.799371743843068,,40.0,15.0,0.738718995426103,130.0,25.0,0.6640679185553946,1.006,1.599,0.991,0.135,0.135
2948,0,unknown,insufficient_pixels,21.10744984061924,only 1866 image pixels; need 2500 for a reliable grid,,,,,,,,,,,
2949,2566,unknown,unresolved,18.74806322972421,both pitches match a module short axis; ambiguous,40.0,11.0,0.48566232885159116,130.0,11.0,0.31214061489301786,0.737,0.705,0.983,0.185,
2950,2670,landscape,long_axis_measured,23.84052946962353,,130.0,15.0,0.9447629455705657,40.0,20.0,0.18615716152907757,1.04,1.287,0.987,0.158,0.158
2951,3236,landscape,long_axis_measured,24.700968781553563,,130.0,15.0,0.9212888613301929,40.0,22.0,0.10810315405809892,1.047,1.417,0.988,0.157,0.157
2952,7953,landscape,long_axis_measured,19.22279531473234,,130.0,26.0,0.7200755202072401,40.0,17.0,0.6866093306410314,1.664,1.143,0.139,0.99,0.139
2953,0,unknown,insufficient_pixels,17.815075007724545,only 2494 image pixels; need 2500 for a reliable grid,,,,,,,,,,,
2954,0,unknown,no_plane_fit,87.67652951205208,no usable lidar plane fit,,,,,,,,,,,
2955,2837,portrait,long_axis_measured,27.26899698365575,,130.0,26.0,0.7397850979622669,40.0,11.0,0.26147033653450275,1.855,0.71,0.989,0.146,0.989
2956,7500,portrait,long_axis_measured,16.579529915414117,,40.0,26.0,0.4858385189479111,130.0,11.0,0.3835676231198617,1.721,0.704,0.982,0.189,0.982
2957,8886,landscape,long_axis_measured,16.364212313997452,,40.0,11.0,0.6854476296198544,130.0,27.0,0.3858703478998695,0.726,1.736,0.951,0.31,0.31
2958,5520,unknown,unresolved,20.552537568928763,both pitches match a module long axis; ambiguous,130.0,28.0,0.745042748740751,40.0,18.0,0.5062264449858785,1.793,1.22,0.129,0.992,
2959,20140,unknown,unresolved,14.74433663046664,both pitches match a module short axis; ambiguous,30.0,17.0,0.5313794967682223,120.0,11.0,0.3437094270261879,1.109,0.712,0.815,0.58,
2960,39088,portrait,long_axis_measured,26.55975769438034,,20.0,17.0,0.592177737268458,110.0,11.0,0.4272656169476815,1.162,0.758,0.669,0.743,0.669
2961,2585,portrait,long_axis_measured,13.746768027653165,,90.0,17.0,0.6572782702772104,0.0,27.0,0.5033601979001221,1.08,1.765,0.031,1.0,1.0
2962,3045,unknown,unresolved,24.54591541857388,both pitches match a module long axis; ambiguous,0.0,27.0,0.6311022228771682,90.0,18.0,0.06672377068233312,1.72,1.256,0.032,0.999,
2963,0,unknown,insufficient_pixels,23.07236181858085,only 1248 image pixels; need 2500 for a reliable grid,,,,,,,,,,,
2964,0,unknown,no_plane_fit,40.41234089577164,no usable lidar plane fit,,,,,,,,,,,
2965,0,unknown,insufficient_pixels,13.723235905654468,only 2332 image pixels; need 2500 for a reliable grid,,,,,,,,,,,
2966,0,unknown,insufficient_pixels,27.27518096708364,only 1840 image pixels; need 2500 for a reliable grid,,,,,,,,,,,
2967,9861,unknown,unresolved,18.2217663296048,both pitches match a module long axis; ambiguous,90.0,19.0,0.4100719648720056,0.0,21.0,0.3622602509576163,1.27,1.334,1.0,0.003,
2968,5883,landscape,long_axis_measured,18.577125309966444,,90.0,23.0,0.5874734893176115,0.0,37.0,0.4795041977596471,1.462,2.479,0.021,1.0,0.021
2969,2584,unknown,unresolved,29.92407664211324,both pitches match a module long axis; ambiguous,0.0,26.0,0.5647328336180698,90.0,17.0,0.2707479209307067,1.654,1.246,0.015,1.0,
2970,7189,portrait,short_axis_inferred,14.03305364088624,,110.0,40.0,0.2256876430207649,20.0,18.0,0.0391092874800966,2.613,1.155,0.94,0.34,0.94
2971,4625,unknown,unresolved,27.991076945490605,"no pitch within 30% of 1.65 m or 0.99 m; likely row pitch, not module pitch",140.0,39.0,0.297817794643568,50.0,36.0,0.2541603918731181,2.719,2.473,0.763,0.646,
2972,5364,landscape,long_axis_measured,13.734933586869149,,0.0,27.0,0.8548299602728902,90.0,15.0,-0.2035688275093168,1.715,0.981,0.011,1.0,0.011
2973,4440,unknown,unresolved,28.01616274275775,no periodic peak in one or both directions,50.0,31.0,0.430319753933745,140.0,,,,,,,
2974,0,unknown,insufficient_pixels,20.96132874363036,only 1170 image pixels; need 2500 for a reliable grid,,,,,,,,,,,
2975,0,unknown,no_plane_fit,14.77128756562591,no usable lidar plane fit,,,,,,,,,,,
2976,3108,unknown,unresolved,22.58920869367921,both pitches match a module long axis; ambiguous,80.0,29.0,0.6497658267036187,170.0,20.0,-0.05510854299303944,1.992,1.285,0.988,0.156,
2977,3645,portrait,short_axis_inferred,14.934260483700722,,40.0,38.0,0.4423081505731918,130.0,11.0,0.10698937311676104,2.458,0.719,0.545,0.839,0.545
2978,2835,portrait,short_axis_inferred,18.94681215794876,,90.0,16.0,0.6563774178389211,0.0,37.0,0.4537218352222428,1.017,2.484,0.014,1.0,1.0
2979,0,unknown,insufficient_pixels,20.3545429476531,only 2314 image pixels; need 2500 for a reliable grid,,,,,,,,,,,
2980,5292,portrait,long_axis_measured,20.133786847844533,,90.0,18.0,0.8722218069707143,0.0,29.0,0.8622577080302516,1.143,1.961,0.004,1.0,1.0
2981,0,unknown,insufficient_pixels,20.291232864535303,only 2059 image pixels; need 2500 for a reliable grid,,,,,,,,,,,
2982,5371,unknown,unresolved,14.61340298414127,both pitches match a module long axis; ambiguous,0.0,27.0,0.7009998084330239,90.0,25.0,0.2489812726110829,1.715,1.641,0.002,1.0,
2983,6288,unknown,unresolved,14.319770722901437,both pitches match a module long axis; ambiguous,0.0,26.0,0.3112406931865738,90.0,29.0,0.1677670334661732,1.657,1.9,0.122,0.992,
2984,4059,portrait,long_axis_measured,22.0817986742104,,90.0,17.0,0.7593748706642043,0.0,18.0,0.5992978692370927,1.165,1.144,1.0,0.01,1.0
2985,0,unknown,insufficient_pixels,22.107433565101484,only 1541 image pixels; need 2500 for a reliable grid,,,,,,,,,,,
2986,2516,portrait,long_axis_measured,26.87964072532451,,0.0,37.0,0.21494116815997685,90.0,29.0,0.150708327175079,2.355,2.065,0.02,1.0,1.0
2987,3087,portrait,long_axis_measured,25.18174918955726,,90.0,16.0,0.8050843751559489,0.0,27.0,0.6289283256167797,1.018,1.895,0.021,1.0,1.0
2988,0,unknown,insufficient_pixels,26.19305184808944,only 2080 image pixels; need 2500 for a reliable grid,,,,,,,,,,,
2989,0,unknown,insufficient_pixels,23.045648200783283,only 2310 image pixels; need 2500 for a reliable grid,,,,,,,,,,,
2990,3800,unknown,unresolved,20.38080296350069,"no pitch within 30% of 1.65 m or 0.99 m; likely row pitch, not module pitch",10.0,40.0,0.3204751843161254,100.0,41.0,0.09359081284539116,2.566,2.775,0.162,0.987,
2991,4050,unknown,unresolved,19.763566051511965,weak periodicity (max ac 0.07),60.0,37.0,0.0708705825626158,150.0,33.0,-0.1277256089413989,,,,,
2992,0,unknown,insufficient_pixels,17.086408395887208,only 1827 image pixels; need 2500 for a reliable grid,,,,,,,,,,,
2993,3060,unknown,unresolved,15.301060079203934,both pitches match a module long axis; ambiguous,130.0,30.0,0.6049566316122202,40.0,19.0,0.008519915015162485,1.956,1.236,0.737,0.676,
2994,0,unknown,insufficient_pixels,21.36492291051777,only 2222 image pixels; need 2500 for a reliable grid,,,,,,,,,,,
2995,0,unknown,insufficient_pixels,13.12238625660137,only 1914 image pixels; need 2500 for a reliable grid,,,,,,,,,,,
2996,0,unknown,insufficient_pixels,18.24469094887,only 2332 image pixels; need 2500 for a reliable grid,,,,,,,,,,,
2997,4200,portrait,long_axis_measured,17.523356520449653,,0.0,15.0,0.4095860666885901,90.0,30.0,0.2844374441021458,0.953,1.998,0.011,1.0,1.0
2998,0,unknown,insufficient_pixels,27.916321336511924,only 968 image pixels; need 2500 for a reliable grid,,,,,,,,,,,
2999,0,unknown,flat_or_low_tilt,1.5495752701153418,tilt 1.5 deg < 5: no defined slope direction,,,,,,,,,,,
3000,8970,unknown,unresolved,11.47560991384569,both pitches match a module long axis; ambiguous,0.0,25.0,0.4134280267769246,90.0,33.0,0.2655261600467541,1.588,2.138,0.016,1.0,
3001,5565,portrait,long_axis_measured,18.30546581318152,,90.0,30.0,0.7930266773500628,0.0,17.0,0.4249821174993136,2.007,1.08,1.0,0.009,1.0
3002,60550,portrait,long_axis_measured,9.164940110254028,,0.0,17.0,0.7688923818195718,90.0,32.0,0.2664861360029458,1.081,2.058,0.097,0.995,0.995
3003,6987,unknown,unresolved,16.581513298012702,both pitches match a module long axis; ambiguous,90.0,27.0,0.8160327539217992,0.0,24.0,0.4714404887678833,1.789,1.525,1.0,0.015,
3004,8000,landscape,long_axis_measured,16.60686159011605,,0.0,27.0,0.7049353120932923,90.0,16.0,0.5951771179846106,1.715,1.06,0.001,1.0,0.001
3005,3087,unknown,unresolved,12.949766337169567,both pitches match a module short axis; ambiguous,90.0,17.0,0.631338398220254,0.0,13.0,0.3717465631093554,1.08,0.847,0.02,1.0,
3006,3150,portrait,long_axis_measured,13.532739325092496,,90.0,27.0,0.8870329924578005,0.0,17.0,0.656373872146664,1.763,1.08,1.0,0.025,1.0
3007,0,unknown,insufficient_pixels,15.105542265903829,only 1643 image pixels; need 2500 for a reliable grid,,,,,,,,,,,
3008,0,unknown,no_plane_fit,40.06518295851527,no usable lidar plane fit,,,,,,,,,,,
3009,0,unknown,insufficient_pixels,22.291154435666343,only 2385 image pixels; need 2500 for a reliable grid,,,,,,,,,,,
3010,4470,portrait,short_axis_inferred,17.348183708117336,,100.0,37.0,0.6635867123565934,10.0,12.0,0.463794366508349,2.459,0.769,0.979,0.202,0.979
3011,0,unknown,insufficient_pixels,30.702095253505902,only 2013 image pixels; need 2500 for a reliable grid,,,,,,,,,,,
3012,6987,unknown,unresolved,18.15148900910049,"no pitch within 30% of 1.65 m or 0.99 m; likely row pitch, not module pitch",30.0,36.0,0.5281918444385978,120.0,41.0,-0.0436857083527799,2.347,2.719,0.519,0.855,
3013,0,unknown,flat_or_low_tilt,0.6729480829934994,tilt 0.7 deg < 5: no defined slope direction,,,,,,,,,,,
3014,2600,portrait,long_axis_measured,10.243198547420938,,90.0,28.0,0.7280542174189905,0.0,12.0,0.40929253926208103,1.803,0.768,0.858,0.514,0.858
3015,5940,unknown,unresolved,14.38011676247784,no periodic peak in one or both directions,90.0,30.0,0.3476062976912628,0.0,,,,,,,
3016,2844,landscape,long_axis_measured,18.918524119697192,,90.0,30.0,0.596795068305444,0.0,16.0,0.37195441713883903,1.908,1.074,0.029,1.0,0.029
3017,6770,unknown,unresolved,12.088462001876271,"no pitch within 30% of 1.65 m or 0.99 m; likely row pitch, not module pitch",50.0,39.0,0.3096713551550767,140.0,34.0,-0.1806259533374463,2.513,2.196,0.652,0.758,
3018,2856,unknown,unresolved,19.892403947536074,both pitches match a module long axis; ambiguous,130.0,22.0,0.588079633486969,40.0,22.0,-0.07741794391669644,1.473,1.441,0.862,0.508,
3019,0,unknown,insufficient_pixels,6.958024400368436,only 1081 image pixels; need 2500 for a reliable grid,,,,,,,,,,,
3020,5012,portrait,long_axis_measured,27.05843623307894,,0.0,17.0,0.7980061500377381,90.0,23.0,0.2872182183248022,1.082,1.64,0.02,1.0,1.0
3021,3275,portrait,long_axis_measured,19.406136190628075,,0.0,13.0,0.825648427407253,90.0,21.0,0.04458628646643729,0.826,1.414,0.004,1.0,1.0
3022,0,unknown,no_plane_fit,44.87432243835926,no usable lidar plane fit,,,,,,,,,,,
3023,0,unknown,no_plane_fit,,no usable lidar plane fit,,,,,,,,,,,
3024,0,unknown,no_plane_fit,45.63360143250591,no usable lidar plane fit,,,,,,,,,,,
3025,0,unknown,insufficient_pixels,19.354002146361843,only 2142 image pixels; need 2500 for a reliable grid,,,,,,,,,,,
3026,4272,portrait,long_axis_measured,17.189725833413092,,10.0,18.0,0.6646499227429711,100.0,31.0,-0.0247515158531785,1.155,2.058,0.232,0.973,0.973
3027,5036,portrait,long_axis_measured,21.55736484487228,,140.0,17.0,0.3833325439111637,50.0,22.0,0.0877226853410612,1.133,1.473,0.672,0.74,0.74
3028,4200,unknown,unresolved,13.809382167752869,both pitches match a module long axis; ambiguous,0.0,27.0,0.6109341931560051,90.0,19.0,0.3607502920346379,1.716,1.242,0.035,0.999,
3029,2548,portrait,long_axis_measured,16.872871279209523,,0.0,16.0,0.5803757340128887,90.0,18.0,0.1913360873584958,1.017,1.194,0.018,1.0,1.0
3030,4224,unknown,unresolved,17.712451213804012,no periodic peak in one or both directions,0.0,17.0,0.4561493817529584,90.0,,,,,,,
3031,0,unknown,insufficient_pixels,24.15451229910144,only 1638 image pixels; need 2500 for a reliable grid,,,,,,,,,,,
3032,2581,unknown,unresolved,29.77131186324717,no periodic peak in one or both directions,0.0,17.0,0.7104092894227377,90.0,,,,,,,
3033,7650,portrait,long_axis_measured,22.672363553704308,,0.0,11.0,0.4700997188877832,90.0,29.0,0.3043591687258901,0.699,1.996,0.008,1.0,1.0
3034,3293,unknown,unresolved,14.379734156703837,both pitches match a module long axis; ambiguous,0.0,26.0,0.5284582890681492,90.0,25.0,0.22458625641782098,1.652,1.639,0.014,1.0,
3035,0,unknown,flat_or_low_tilt,3.36761100812541,tilt 3.4 deg < 5: no defined slope direction,,,,,,,,,,,
3036,0,unknown,insufficient_pixels,14.244490037608498,only 1728 image pixels; need 2500 for a reliable grid,,,,,,,,,,,
3037,7552,portrait,short_axis_inferred,35.20657868492228,,30.0,15.0,0.5030775691347203,120.0,41.0,0.1773021956460936,1.051,3.088,0.514,0.858,0.858
3038,2844,landscape,long_axis_measured,13.956430525976009,,90.0,26.0,0.6059790560870824,0.0,15.0,0.40528283775977064,1.651,0.981,0.005,1.0,0.005
3039,4064,unknown,unresolved,15.657526888694129,both pitches match a module long axis; ambiguous,0.0,26.0,0.609781540571188,90.0,28.0,-0.0346593222594343,1.654,1.846,0.055,0.998,
3040,0,unknown,no_plane_fit,49.4706373203098,no usable lidar plane fit,,,,,,,,,,,
3041,4187,portrait,short_axis_inferred,25.93439767815525,,0.0,17.0,0.5458139194506081,90.0,31.0,-0.0075670252288421,1.08,2.189,0.005,1.0,1.0
3042,3710,portrait,long_axis_measured,13.7523680795123,,20.0,12.0,0.26170521000055674,110.0,19.0,0.15265931618387205,0.767,1.241,0.225,0.974,0.974
3043,0,unknown,insufficient_pixels,13.740622676635269,only 1134 image pixels; need 2500 for a reliable grid,,,,,,,,,,,
3044,6512,portrait,long_axis_measured,11.082370845568349,,0.0,13.0,0.3696509274752485,90.0,27.0,0.1296606664208884,0.827,1.747,0.07,0.998,0.998
3045,0,unknown,no_plane_fit,,no usable lidar plane fit,,,,,,,,,,,
3046,0,unknown,insufficient_pixels,18.59905329398468,only 2115 image pixels; need 2500 for a reliable grid,,,,,,,,,,,
3047,3800,landscape,long_axis_measured,16.37899562017713,,100.0,35.0,0.602096738813118,10.0,26.0,0.2804652239670392,2.314,1.667,0.972,0.237,0.237
3048,5054,unknown,unresolved,22.537706268455054,no periodic peak in one or both directions,90.0,28.0,0.2302707257403676,0.0,,,,,,,
3049,4725,landscape,long_axis_measured,31.31176966463821,,0.0,26.0,0.6689337271237148,90.0,15.0,0.0983103826502555,1.652,1.115,0.003,1.0,0.003
3050,7708,landscape,short_axis_inferred,19.36963784722405,,90.0,16.0,0.3847965911339844,0.0,39.0,0.258641340095486,1.077,2.48,1.0,0.023,0.023
3051,0,unknown,insufficient_pixels,18.032149290519,only 2142 image pixels; need 2500 for a reliable grid,,,,,,,,,,,
3052,0,unknown,flat_or_low_tilt,3.9183862049279,tilt 3.9 deg < 5: no defined slope direction,,,,,,,,,,,
3053,0,unknown,flat_or_low_tilt,1.4280661796927507,tilt 1.4 deg < 5: no defined slope direction,,,,,,,,,,,
3054,0,unknown,flat_or_low_tilt,1.91194156113934,tilt 1.9 deg < 5: no defined slope direction,,,,,,,,,,,
3055,0,unknown,no_plane_fit,,no usable lidar plane fit,,,,,,,,,,,
3056,0,unknown,flat_or_low_tilt,0.9496807657111432,tilt 0.9 deg < 5: no defined slope direction,,,,,,,,,,,
3057,10586,portrait,long_axis_measured,7.689648624670822,,90.0,13.0,0.7969714642631194,0.0,26.0,0.3867426773451506,0.826,1.666,0.056,0.998,0.998
3058,3040,landscape,short_axis_inferred,10.90259410784845,,10.0,40.0,0.48659079474828154,100.0,14.0,0.17336122419130287,2.55,0.905,0.227,0.974,0.227
3059,0,unknown,no_plane_fit,25.135403728734754,no usable lidar plane fit,,,,,,,,,,,
3060,0,unknown,no_plane_fit,,no usable lidar plane fit,,,,,,,,,,,
3061,9180,landscape,long_axis_measured,20.98491828547813,,0.0,28.0,0.465570244476186,90.0,41.0,0.2416886323368206,1.781,2.788,0.023,1.0,0.023
3062,0,unknown,no_plane_fit,,no usable lidar plane fit,,,,,,,,,,,
3063,0,unknown,insufficient_pixels,19.56584773195089,only 1170 image pixels; need 2500 for a reliable grid,,,,,,,,,,,
3064,0,unknown,insufficient_pixels,14.456094693370002,only 2059 image pixels; need 2500 for a reliable grid,,,,,,,,,,,
3065,0,unknown,no_plane_fit,,no usable lidar plane fit,,,,,,,,,,,
3066,0,unknown,no_plane_fit,,no usable lidar plane fit,,,,,,,,,,,
3067,5724,landscape,long_axis_measured,51.60489718155567,,60.0,20.0,0.257571368479407,150.0,40.0,-0.0692689339327069,1.559,3.794,0.489,0.872,0.489
3068,0,unknown,no_plane_fit,28.927411905785263,no usable lidar plane fit,,,,,,,,,,,
3069,0,unknown,insufficient_pixels,9.120783081518244,only 1705 image pixels; need 2500 for a reliable grid,,,,,,,,,,,
3070,8496,unknown,unresolved,15.216827071330982,weak periodicity (max ac 0.15),80.0,24.0,0.1480706837335727,170.0,17.0,0.0982873860670144,,,,,
3071,0,unknown,insufficient_pixels,20.347956331645413,only 864 image pixels; need 2500 for a reliable grid,,,,,,,,,,,
3072,4440,unknown,unresolved,14.9928525012534,both pitches match a module long axis; ambiguous,0.0,26.0,0.7418255982894217,90.0,25.0,0.4102586722209495,1.651,1.643,0.001,1.0,
3073,2640,portrait,long_axis_measured,18.959172485910734,,0.0,18.0,0.3793047466318682,90.0,30.0,0.19783946435205885,1.145,2.014,0.036,0.999,0.999
3074,0,unknown,insufficient_pixels,19.919702772985037,only 1222 image pixels; need 2500 for a reliable grid,,,,,,,,,,,
3075,0,unknown,no_plane_fit,,no usable lidar plane fit,,,,,,,,,,,
3076,0,unknown,insufficient_pixels,5.496901399420013,only 2490 image pixels; need 2500 for a reliable grid,,,,,,,,,,,
3077,0,unknown,insufficient_pixels,20.70370614172788,only 1632 image pixels; need 2500 for a reliable grid,,,,,,,,,,,
3078,0,unknown,insufficient_pixels,36.34517132794676,only 1120 image pixels; need 2500 for a reliable grid,,,,,,,,,,,
3079,0,unknown,no_plane_fit,43.967571890716926,no usable lidar plane fit,,,,,,,,,,,
3080,8192,portrait,long_axis_measured,21.36332164240315,,0.0,13.0,0.6786280292150422,90.0,22.0,0.4709449147683045,0.827,1.5,0.02,1.0,1.0
3081,11388,landscape,long_axis_measured,28.58898497829801,,90.0,31.0,0.298059489404945,0.0,32.0,0.2122864474494815,2.24,2.059,0.994,0.108,0.108
3082,2600,portrait,short_axis_inferred,19.93130427746257,,100.0,12.0,0.5602992331169584,10.0,40.0,0.40470421243994525,0.771,2.699,0.188,0.982,0.982
3083,5141,portrait,long_axis_measured,11.928302713560765,,90.0,30.0,0.8746905250814825,0.0,17.0,0.6956149583830238,1.947,1.08,1.0,0.023,1.0
3084,2760,unknown,unresolved,20.63914614419117,both pitches match a module short axis; ambiguous,90.0,13.0,0.8907491256625835,0.0,15.0,0.14196107648624248,0.826,1.018,0.003,1.0,
3085,0,unknown,insufficient_pixels,20.961636845063737,only 736 image pixels; need 2500 for a reliable grid,,,,,,,,,,,
3086,0,unknown,no_plane_fit,40.8124565016249,no usable lidar plane fit,,,,,,,,,,,
3087,0,unknown,insufficient_pixels,20.51523988786563,only 837 image pixels; need 2500 for a reliable grid,,,,,,,,,,,
3088,0,unknown,insufficient_pixels,30.53583080100205,only 893 image pixels; need 2500 for a reliable grid,,,,,,,,,,,
3089,4473,portrait,long_axis_measured,22.54655711072265,,90.0,16.0,0.6805376481468831,0.0,24.0,0.5807835542118194,1.018,1.65,0.024,1.0,1.0
3090,8460,landscape,long_axis_measured,23.76510242334372,,0.0,21.0,0.6079748163003684,90.0,41.0,0.2979734649429195,1.335,2.845,0.013,1.0,0.013
3091,4557,unknown,unresolved,23.50251613628034,both pitches match a module short axis; ambiguous,90.0,16.0,0.8575380639252536,0.0,13.0,0.0528482839165541,1.017,0.9,0.011,1.0,
3092,0,unknown,insufficient_pixels,19.616016475785266,only 2418 image pixels; need 2500 for a reliable grid,,,,,,,,,,,
3093,3280,portrait,long_axis_measured,21.462397780197826,,70.0,20.0,0.7036573982296394,160.0,16.0,0.019482398296875085,1.359,1.04,0.944,0.329,0.944
3094,5610,portrait,long_axis_measured,11.49649633915497,,60.0,32.0,0.7493190281603892,150.0,37.0,-0.1480234533322929,2.069,2.372,0.886,0.463,0.886
3095,0,unknown,insufficient_pixels,17.362581431809677,only 2414 image pixels; need 2500 for a reliable grid,,,,,,,,,,,
3096,5704,portrait,long_axis_measured,5.945794094609127,,80.0,14.0,0.5550927784874486,170.0,29.0,0.2820336739969306,0.89,1.851,0.131,0.991,0.991
3097,0,unknown,insufficient_pixels,12.704260267558173,only 1081 image pixels; need 2500 for a reliable grid,,,,,,,,,,,
3098,9018,portrait,long_axis_measured,26.66124792364477,,90.0,17.0,0.4186609860224307,0.0,24.0,0.0972353892287891,1.081,1.705,0.014,1.0,1.0
3099,3280,unknown,unresolved,21.049980349066708,both pitches match a module long axis; ambiguous,150.0,31.0,0.5941701901512141,60.0,18.0,0.20962574208930432,2.03,1.215,0.456,0.89,
3100,3968,unknown,unresolved,20.21801927257876,no periodic peak in one or both directions,0.0,16.0,0.8131135220333872,90.0,,,,,,,
3101,6156,portrait,long_axis_measured,10.823519813194286,,90.0,27.0,0.4511936192343234,0.0,36.0,0.0780064877045841,1.746,2.287,1.0,0.025,1.0
3102,3422,portrait,long_axis_measured,14.989211608117625,,0.0,17.0,0.6072246856704995,90.0,23.0,0.40219880074631736,1.082,1.512,0.073,0.997,0.997
3103,0,unknown,no_plane_fit,,no usable lidar plane fit,,,,,,,,,,,
3104,3430,portrait,long_axis_measured,18.636074034060453,,90.0,13.0,0.7509181911454317,0.0,28.0,0.6737049363869858,0.826,1.876,0.005,1.0,1.0
3105,0,unknown,no_plane_fit,34.547597042537184,no usable lidar plane fit,,,,,,,,,,,
3106,3120,portrait,long_axis_measured,13.466477624596244,,90.0,16.0,0.6129902237695909,0.0,27.0,0.29456550465074227,1.016,1.763,0.001,1.0,1.0
3107,0,unknown,no_plane_fit,39.14528092378676,no usable lidar plane fit,,,,,,,,,,,
3108,5610,landscape,long_axis_measured,26.44280623498517,,0.0,27.0,0.6151445655115603,90.0,14.0,0.5542622962407375,1.715,0.993,0.005,1.0,0.005
3109,0,unknown,flat_or_low_tilt,1.1340986724397435,tilt 1.1 deg < 5: no defined slope direction,,,,,,,,,,,
3110,4822,unknown,unresolved,25.637795082561663,both pitches match a module long axis; ambiguous,110.0,27.0,0.6700592077978985,20.0,28.0,0.1634277226137164,1.884,1.851,0.915,0.403,
3111,7467,portrait,long_axis_measured,25.9218827998098,,90.0,26.0,0.5453783045134235,0.0,16.0,0.528364999083542,1.836,1.018,1.0,0.016,1.0
3112,0,unknown,flat_or_low_tilt,2.131963822319648,tilt 2.1 deg < 5: no defined slope direction,,,,,,,,,,,
3113,0,unknown,flat_or_low_tilt,0.4338646226156825,tilt 0.4 deg < 5: no defined slope direction,,,,,,,,,,,
3114,0,unknown,no_plane_fit,20.026991490604303,no usable lidar plane fit,,,,,,,,,,,
3115,0,unknown,flat_or_low_tilt,0.998763846166423,tilt 1.0 deg < 5: no defined slope direction,,,,,,,,,,,
3116,0,unknown,flat_or_low_tilt,1.222202681244133,tilt 1.2 deg < 5: no defined slope direction,,,,,,,,,,,
3117,6432,unknown,unresolved,22.217618679684065,both pitches match a module long axis; ambiguous,60.0,29.0,0.7075416782803501,150.0,20.0,0.1345138617781865,1.969,1.318,0.871,0.492,
3118,2640,portrait,long_axis_measured,20.33188048795713,,130.0,37.0,0.6067051455505867,40.0,21.0,0.18705243667389418,2.455,1.397,0.688,0.726,0.726
3119,11242,portrait,long_axis_measured,28.062265519290865,,60.0,19.0,0.2824447100460806,150.0,41.0,-0.0121189169174094,1.341,2.774,0.852,0.524,0.852
3120,7612,unknown,unresolved,21.68654259012417,both pitches match a module long axis; ambiguous,0.0,21.0,0.328467384165411,90.0,25.0,0.166364389786199,1.335,1.708,0.014,1.0,
3121,5365,unknown,unresolved,26.59009637085002,both pitches match a module long axis; ambiguous,90.0,26.0,0.6893186366901749,0.0,29.0,0.5078366286875428,1.651,2.059,0.0,1.0,
3122,14964,unknown,unresolved,22.72932621283124,both pitches match a module long axis; ambiguous,0.0,20.0,0.4795460949375881,90.0,21.0,0.3704200294266523,1.271,1.446,0.008,1.0,
3123,0,unknown,insufficient_pixels,16.40280661838556,only 2414 image pixels; need 2500 for a reliable grid,,,,,,,,,,,
3124,0,unknown,insufficient_pixels,18.632257444830064,only 2268 image pixels; need 2500 for a reliable grid,,,,,,,,,,,
3125,2520,portrait,long_axis_measured,16.072568829204258,,90.0,24.0,0.8238423755471092,0.0,18.0,0.35100549761939415,1.586,1.145,0.999,0.047,0.999
3126,0,unknown,flat_or_low_tilt,3.6528580403146895,tilt 3.7 deg < 5: no defined slope direction,,,,,,,,,,,
3127,3827,portrait,long_axis_measured,27.94009385566252,,90.0,16.0,0.6381649090024262,0.0,23.0,0.3704910580175835,1.021,1.653,0.043,0.999,0.999
3128,5320,unknown,unresolved,27.41497326165549,"no pitch within 30% of 1.65 m or 0.99 m; likely row pitch, not module pitch",40.0,39.0,0.4257475837552248,130.0,37.0,0.2152949424779955,2.696,2.546,0.725,0.689,
3129,0,unknown,no_plane_fit,44.75935956289169,no usable lidar plane fit,,,,,,,,,,,
3130,6204,landscape,long_axis_measured,39.55260588275356,,0.0,27.0,0.533612751041816,90.0,32.0,0.2337184770510514,1.715,2.635,0.001,1.0,0.001
3131,0,unknown,no_plane_fit,11.823175525686583,no usable lidar plane fit,,,,,,,,,,,
3132,0,unknown,insufficient_pixels,21.87243982754241,only 1682 image pixels; need 2500 for a reliable grid,,,,,,,,,,,
3133,2750,unknown,unresolved,25.15094776278221,"no pitch within 30% of 1.65 m or 0.99 m; likely row pitch, not module pitch",100.0,36.0,0.5163143054229375,10.0,37.0,0.32836429410743934,2.52,2.395,0.98,0.2,
3134,3555,unknown,unresolved,21.194205860347925,both pitches match a module long axis; ambiguous,70.0,30.0,0.5814761064146252,160.0,21.0,-0.06742230847619507,2.034,1.365,0.939,0.344,
3135,0,unknown,insufficient_pixels,19.817902596974942,only 1840 image pixels; need 2500 for a reliable grid,,,,,,,,,,,
3136,0,unknown,insufficient_pixels,25.767769503215785,only 1914 image pixels; need 2500 for a reliable grid,,,,,,,,,,,
3137,0,unknown,insufficient_pixels,21.980655814316485,only 1827 image pixels; need 2500 for a reliable grid,,,,,,,,,,,
3138,0,unknown,insufficient_pixels,25.92892593086229,only 1950 image pixels; need 2500 for a reliable grid,,,,,,,,,,,
3139,6683,unknown,unresolved,18.54098491523754,no periodic peak in one or both directions,0.0,20.0,0.530192374520888,90.0,,,,,,,
3140,4560,unknown,unresolved,18.874792963674643,both pitches match a module short axis; ambiguous,0.0,15.0,0.4404230273082555,90.0,13.0,0.276492288292317,0.954,0.872,0.032,0.999,
3141,3045,landscape,long_axis_measured,26.215819468706528,,0.0,27.0,0.7925965781114758,90.0,12.0,0.7546361352684595,1.716,0.849,0.008,1.0,0.008
3142,0,unknown,no_plane_fit,65.60728720948357,no usable lidar plane fit,,,,,,,,,,,
3143,8184,unknown,unresolved,16.44578441644357,both pitches match a module long axis; ambiguous,90.0,18.0,0.3884984518561862,0.0,27.0,0.2974174289946702,1.192,1.716,1.0,0.024,
3144,0,unknown,insufficient_pixels,44.277818525736336,only 2204 image pixels; need 2500 for a reliable grid,,,,,,,,,,,
3145,4838,unknown,unresolved,20.19578106866465,both pitches match a module long axis; ambiguous,90.0,26.0,0.5314011092428046,0.0,21.0,0.231387527240719,1.652,1.421,0.01,1.0,
3146,6645,landscape,long_axis_measured,5.671798324971484,,90.0,27.0,0.7779248682716552,0.0,17.0,0.740644130085341,1.717,1.085,0.333,0.943,0.333
3147,0,unknown,insufficient_pixels,23.19192292246884,only 1600 image pixels; need 2500 for a reliable grid,,,,,,,,,,,
3148,0,unknown,insufficient_pixels,24.000158201938447,only 805 image pixels; need 2500 for a reliable grid,,,,,,,,,,,
3149,14443,unknown,unresolved,5.122380801521993,no periodic peak in one or both directions,90.0,11.0,0.5737850766386202,0.0,,,,,,,
3150,0,unknown,no_plane_fit,39.96079526727064,no usable lidar plane fit,,,,,,,,,,,
3151,0,unknown,no_plane_fit,39.81872443508597,no usable lidar plane fit,,,,,,,,,,,
3152,0,unknown,insufficient_pixels,21.84004797181585,only 1870 image pixels; need 2500 for a reliable grid,,,,,,,,,,,
3153,0,unknown,no_plane_fit,53.89276837423293,no usable lidar plane fit,,,,,,,,,,,
3154,0,unknown,no_plane_fit,51.35310574987329,no usable lidar plane fit,,,,,,,,,,,
3155,0,unknown,insufficient_pixels,19.054858987814107,only 1980 image pixels; need 2500 for a reliable grid,,,,,,,,,,,
3156,0,unknown,flat_or_low_tilt,3.8334396602050966,tilt 3.8 deg < 5: no defined slope direction,,,,,,,,,,,
3157,5520,portrait,long_axis_measured,13.526956080335149,,0.0,16.0,0.4492385937625455,90.0,27.0,0.3628560054675374,1.016,1.763,0.002,1.0,1.0
3158,2544,portrait,long_axis_measured,28.59103625288335,,0.0,16.0,0.4559216031309954,90.0,27.0,0.39322883061593183,1.031,1.951,0.122,0.993,0.993
3159,3285,portrait,long_axis_measured,26.18391253395103,,0.0,16.0,0.7186474489373981,90.0,23.0,0.6483495820388526,1.023,1.627,0.064,0.998,0.998
3160,9477,unknown,unresolved,13.558706757883956,both pitches match a module long axis; ambiguous,0.0,33.0,0.5004654367902908,90.0,26.0,0.3395744982153212,2.096,1.698,0.007,1.0,
3161,2736,unknown,unresolved,24.235626108536835,both pitches match a module long axis; ambiguous,90.0,25.0,0.7293019432292721,0.0,21.0,0.5146294352094913,1.59,1.462,0.018,1.0,
3162,6608,unknown,unresolved,19.79988279250197,weak periodicity (max ac -0.04),30.0,28.0,-0.0353054486378248,120.0,36.0,-0.1674236185865263,,,,,
3163,3800,unknown,unresolved,26.31407782762232,both pitches match a module long axis; ambiguous,0.0,26.0,0.6572544708808788,90.0,18.0,0.4078988267338876,1.652,1.275,0.008,1.0,
3164,0,unknown,insufficient_pixels,16.744529767506613,only 2201 image pixels; need 2500 for a reliable grid,,,,,,,,,,,
3165,0,unknown,insufficient_pixels,22.27303338047639,only 1798 image pixels; need 2500 for a reliable grid,,,,,,,,,,,
3166,4365,landscape,long_axis_measured,26.389025051583367,,0.0,26.0,0.4122084068566672,90.0,38.0,-0.0094153279748234,1.651,2.694,0.001,1.0,0.001
3167,3818,unknown,unresolved,18.2192614165764,both pitches match a module long axis; ambiguous,90.0,19.0,0.8699542644616941,0.0,24.0,0.5114605461481281,1.207,1.604,0.002,1.0,
3168,0,unknown,no_plane_fit,,no usable lidar plane fit,,,,,,,,,,,
3169,6512,unknown,unresolved,20.204873475771738,both pitches match a module long axis; ambiguous,90.0,26.0,0.6047309515160025,0.0,25.0,0.3649180703771947,1.656,1.691,0.052,0.999,
3170,0,unknown,insufficient_pixels,25.379261175370875,only 2378 image pixels; need 2500 for a reliable grid,,,,,,,,,,,
3171,4845,unknown,unresolved,15.769113300695654,"no pitch within 30% of 1.65 m or 0.99 m; likely row pitch, not module pitch",130.0,37.0,0.6885619167403896,40.0,37.0,0.0847332083463036,2.411,2.417,0.675,0.738,
3172,2880,portrait,long_axis_measured,20.948336371032028,,90.0,14.0,0.796749773398872,0.0,24.0,-0.25733755230803773,0.889,1.632,0.006,1.0,1.0
3173,4655,portrait,long_axis_measured,19.02063267461948,,90.0,16.0,0.575511178759996,0.0,30.0,0.5602142686804215,1.018,2.015,0.038,0.999,0.999
3174,5488,portrait,long_axis_measured,18.827450183275506,,90.0,17.0,0.7200204650587705,0.0,26.0,0.5718735872225912,1.082,1.744,0.051,0.999,0.999
3175,2548,unknown,unresolved,18.103577948171324,no periodic peak in one or both directions,0.0,17.0,0.7101653465663033,90.0,,,,,,,
3176,5175,portrait,long_axis_measured,19.837120942986274,,0.0,17.0,0.7732240737795963,90.0,24.0,0.6478833379358855,1.08,1.62,0.002,1.0,1.0
3177,0,unknown,insufficient_pixels,13.426437966039066,only 2496 image pixels; need 2500 for a reliable grid,,,,,,,,,,,
3178,2548,unknown,unresolved,22.208900858034195,no periodic peak in one or both directions,0.0,17.0,0.7322316979059978,90.0,,,,,,,
3179,0,unknown,insufficient_pixels,18.89574757826331,only 1088 image pixels; need 2500 for a reliable grid,,,,,,,,,,,
3180,0,unknown,insufficient_pixels,18.56137761719686,only 1408 image pixels; need 2500 for a reliable grid,,,,,,,,,,,
3181,0,unknown,insufficient_pixels,18.27797720854745,only 1750 image pixels; need 2500 for a reliable grid,,,,,,,,,,,
3182,0,unknown,insufficient_pixels,18.92300610203573,only 884 image pixels; need 2500 for a reliable grid,,,,,,,,,,,
3183,4896,portrait,long_axis_measured,24.877399062208006,,0.0,13.0,0.7782514780014331,90.0,25.0,0.3949420195860685,0.826,1.75,0.004,1.0,1.0
3184,0,unknown,insufficient_pixels,17.844123048024315,only 1219 image pixels; need 2500 for a reliable grid,,,,,,,,,,,
3185,3280,portrait,long_axis_measured,26.283969912246626,,90.0,24.0,0.7803640264214633,0.0,17.0,0.575143408654301,1.7,1.08,1.0,0.005,1.0
3186,4018,landscape,long_axis_measured,18.599489790100527,,90.0,14.0,0.7597047817822902,0.0,26.0,0.7397299069823781,0.938,1.654,0.999,0.038,0.038
3187,3871,portrait,long_axis_measured,17.409925144736285,,0.0,41.0,0.42589226915918194,90.0,25.0,0.30563698611308426,2.62,1.663,0.134,0.991,0.991
3188,2808,unknown,unresolved,23.103281879530734,no periodic peak in one or both directions,10.0,18.0,0.5452224288674361,100.0,,,,,,,
3189,0,unknown,insufficient_pixels,22.31504529443432,only 2100 image pixels; need 2500 for a reliable grid,,,,,,,,,,,
3190,2880,landscape,long_axis_measured,22.226729505502355,,90.0,14.0,0.7308103849162253,0.0,27.0,0.6983882271175967,0.96,1.715,1.0,0.003,0.003
3191,4140,portrait,long_axis_measured,21.65209700454371,,140.0,36.0,0.7721473378983497,50.0,30.0,0.5969485335846563,2.396,2.013,0.652,0.758,0.758
3192,2544,portrait,long_axis_measured,14.612036933647056,,90.0,29.0,0.4758452935962396,0.0,17.0,0.43106045188059466,1.903,1.083,0.996,0.094,0.996
3193,3950,portrait,long_axis_measured,13.39024797249794,,120.0,32.0,0.6607565409505933,30.0,17.0,0.12103499936077926,2.081,1.095,0.862,0.507,0.862
3194,0,unknown,insufficient_pixels,21.936255223307366,only 1914 image pixels; need 2500 for a reliable grid,,,,,,,,,,,
3195,3465,unknown,unresolved,12.49972834286163,"no pitch within 30% of 1.65 m or 0.99 m; likely row pitch, not module pitch",90.0,38.0,0.2733029694966243,0.0,35.0,0.03819161258991436,2.472,2.225,0.999,0.051,
3196,0,unknown,no_plane_fit,,no usable lidar plane fit,,,,,,,,,,,
3197,0,unknown,insufficient_pixels,13.860933860631125,only 2142 image pixels; need 2500 for a reliable grid,,,,,,,,,,,
3198,0,unknown,insufficient_pixels,15.284783534289252,only 1170 image pixels; need 2500 for a reliable grid,,,,,,,,,,,
3199,0,unknown,insufficient_pixels,20.217791063746667,only 1173 image pixels; need 2500 for a reliable grid,,,,,,,,,,,
3200,14900,landscape,long_axis_measured,20.4311172100916,,10.0,39.0,0.2336506400332111,100.0,19.0,0.0905721910558286,2.642,1.212,0.998,0.069,0.069
3201,0,unknown,no_plane_fit,,no usable lidar plane fit,,,,,,,,,,,
3202,0,unknown,insufficient_pixels,19.860648405650466,only 1638 image pixels; need 2500 for a reliable grid,,,,,,,,,,,
3203,0,unknown,insufficient_pixels,11.35090589084536,only 1580 image pixels; need 2500 for a reliable grid,,,,,,,,,,,
3204,3827,portrait,long_axis_measured,26.17067626227449,,90.0,14.0,0.8278872137666017,0.0,24.0,0.387488180545817,0.889,1.698,0.003,1.0,1.0
3205,0,unknown,no_plane_fit,,no usable lidar plane fit,,,,,,,,,,,
3206,0,unknown,no_plane_fit,,no usable lidar plane fit,,,,,,,,,,,
3207,0,unknown,insufficient_pixels,27.599783125022817,only 2261 image pixels; need 2500 for a reliable grid,,,,,,,,,,,
3208,3555,unknown,unresolved,37.58124695042513,both pitches match a module short axis; ambiguous,50.0,11.0,0.7444402768068699,140.0,11.0,0.3337594983196975,0.88,0.713,0.995,0.098,
3209,3169,portrait,long_axis_measured,31.85470736706336,,50.0,17.0,0.652635477180313,140.0,11.0,0.2674075683830075,1.27,0.71,0.994,0.107,0.994
3210,3206,portrait,long_axis_measured,22.16450342529961,,140.0,20.0,0.6716329851078784,50.0,18.0,0.5902965478287183,1.371,1.148,0.998,0.06,0.998
3211,0,unknown,flat_or_low_tilt,3.890664277703078,tilt 3.9 deg < 5: no defined slope direction,,,,,,,,,,,
3212,0,unknown,no_plane_fit,62.87772745482752,no usable lidar plane fit,,,,,,,,,,,
3213,5148,portrait,short_axis_inferred,19.707501766913783,,90.0,17.0,0.8227564466444146,0.0,32.0,0.0609762491643853,1.08,2.158,0.014,1.0,1.0
3214,2917,unknown,unresolved,10.659994996784526,both pitches match a module short axis; ambiguous,140.0,15.0,0.8537595965616122,50.0,16.0,0.356765628866177,0.969,1.018,0.994,0.109,
3215,2756,unknown,unresolved,20.30291677614544,both pitches match a module short axis; ambiguous,140.0,15.0,0.8779725444248316,50.0,13.0,0.3108714165992766,1.015,0.83,0.997,0.082,
3216,0,unknown,insufficient_pixels,24.017860218868343,only 1704 image pixels; need 2500 for a reliable grid,,,,,,,,,,,
3217,0,unknown,no_plane_fit,45.1632761638304,no usable lidar plane fit,,,,,,,,,,,
3218,0,unknown,no_plane_fit,,no usable lidar plane fit,,,,,,,,,,,
3219,4718,unknown,unresolved,23.461793443383293,both pitches match a module long axis; ambiguous,40.0,17.0,0.5184537811871529,130.0,27.0,0.1806912085341575,1.175,1.743,0.98,0.198,
3220,0,unknown,no_plane_fit,23.40471354448515,no usable lidar plane fit,,,,,,,,,,,
3221,6662,unknown,unresolved,20.968058877970368,both pitches match a module short axis; ambiguous,30.0,12.0,0.509623095869097,120.0,12.0,0.1326695082092102,0.808,0.789,0.856,0.516,
3222,2889,portrait,long_axis_measured,24.237561837642296,,30.0,14.0,0.6627996566878656,120.0,23.0,0.2875187497160309,0.962,1.528,0.864,0.504,0.504
3223,0,unknown,insufficient_pixels,17.43530143698136,only 2191 image pixels; need 2500 for a reliable grid,,,,,,,,,,,
3224,0,unknown,insufficient_pixels,18.971384148019748,only 1643 image pixels; need 2500 for a reliable grid,,,,,,,,,,,
3225,0,unknown,insufficient_pixels,17.55516559470626,only 1870 image pixels; need 2500 for a reliable grid,,,,,,,,,,,
3226,0,unknown,insufficient_pixels,20.048060438173906,only 1509 image pixels; need 2500 for a reliable grid,,,,,,,,,,,
3227,0,unknown,insufficient_pixels,20.263381572091976,only 1215 image pixels; need 2500 for a reliable grid,,,,,,,,,,,
3228,0,unknown,insufficient_pixels,22.63479613816012,only 1316 image pixels; need 2500 for a reliable grid,,,,,,,,,,,
3229,2884,unknown,unresolved,19.022491970119063,no periodic peak in one or both directions,20.0,16.0,0.4012663679670517,110.0,,,,,,,
3230,0,unknown,insufficient_pixels,21.45875800927328,only 1389 image pixels; need 2500 for a reliable grid,,,,,,,,,,,
3231,4796,portrait,long_axis_measured,15.205173358675957,,110.0,16.0,0.474039768473959,20.0,28.0,0.2100402714875028,1.035,1.832,0.536,0.844,0.844
3232,0,unknown,insufficient_pixels,11.168913804140931,only 1347 image pixels; need 2500 for a reliable grid,,,,,,,,,,,
3233,3940,unknown,unresolved,24.984236559652988,both pitches match a module short axis; ambiguous,110.0,16.0,0.8690884070174496,20.0,15.0,0.14521133105215334,1.091,1.017,0.732,0.681,
3234,0,unknown,no_plane_fit,5.402245459684053,no usable lidar plane fit,,,,,,,,,,,
3235,0,unknown,flat_or_low_tilt,1.6858348859414682,tilt 1.7 deg < 5: no defined slope direction,,,,,,,,,,,
3236,6461,portrait,long_axis_measured,12.806554387447578,,20.0,16.0,0.5723520599511382,110.0,25.0,0.1766578039053184,1.033,1.617,0.673,0.74,0.74
3237,14798,portrait,long_axis_measured,18.19881018672468,,20.0,16.0,0.656998107263591,110.0,26.0,0.5139391597814201,1.047,1.721,0.587,0.81,0.81
3238,15209,portrait,long_axis_measured,19.763382797870705,,110.0,16.0,0.5798043052666642,20.0,27.0,0.2612098835072369,1.051,1.802,0.56,0.829,0.829
3239,12312,portrait,long_axis_measured,14.028639989488129,,110.0,16.0,0.7789576918952031,20.0,27.0,0.2832338479457775,1.034,1.758,0.569,0.823,0.823
3240,11638,portrait,long_axis_measured,19.35215141054949,,20.0,16.0,0.6275263951753172,110.0,30.0,0.2639388705586813,1.049,1.998,0.564,0.826,0.826
3241,0,unknown,no_plane_fit,63.84095943353017,no usable lidar plane fit,,,,,,,,,,,
3242,10492,landscape,long_axis_measured,17.421408902201488,,50.0,15.0,0.6551870170258869,140.0,25.0,0.5577640326124628,0.998,1.588,1.0,0.007,0.007
3243,9493,landscape,long_axis_measured,16.98208773600145,,140.0,16.0,0.4143468210855207,50.0,26.0,0.2160505507500103,1.062,1.66,0.992,0.123,0.123
3244,4265,portrait,long_axis_measured,15.27078813645706,,150.0,13.0,0.8541928081167682,60.0,18.0,0.3742523913180737,0.851,1.165,0.849,0.529,0.529
3245,0,unknown,flat_or_low_tilt,2.5410748771527683,tilt 2.5 deg < 5: no defined slope direction,,,,,,,,,,,
3246,0,unknown,flat_or_low_tilt,2.510773119751337,tilt 2.5 deg < 5: no defined slope direction,,,,,,,,,,,
3247,0,unknown,flat_or_low_tilt,2.634213528291721,tilt 2.6 deg < 5: no defined slope direction,,,,,,,,,,,
3248,3550,unknown,unresolved,16.589369369949136,both pitches match a module short axis; ambiguous,150.0,13.0,0.531848771880085,60.0,17.0,0.3100102485037059,0.856,1.103,0.86,0.511,
3249,2644,unknown,unresolved,23.40184641721404,both pitches match a module short axis; ambiguous,60.0,16.0,0.8328092921559955,150.0,14.0,0.24484173201034312,1.094,0.928,0.862,0.507,
3250,4662,unknown,unresolved,17.09235789004324,both pitches match a module long axis; ambiguous,50.0,26.0,0.5893972888112863,140.0,25.0,0.5329131204986738,1.726,1.599,0.986,0.165,
3251,2898,portrait,long_axis_measured,21.092309315964236,,140.0,11.0,0.35382712437375013,50.0,17.0,0.28873234454401575,0.701,1.157,0.049,0.999,0.999
3252,7344,landscape,long_axis_measured,11.35493660133265,,50.0,15.0,0.4500312092632109,140.0,25.0,0.1676949634202935,0.971,1.593,0.984,0.18,0.18
3253,4657,unknown,unresolved,18.38360029880761,both pitches match a module short axis; ambiguous,50.0,17.0,0.7215349045657855,140.0,11.0,0.2458464717630787,1.137,0.702,0.994,0.109,
3254,3556,landscape,long_axis_measured,20.38801533359846,,140.0,15.0,0.9393529182204973,50.0,19.0,0.08870788528858892,1.016,1.216,0.993,0.119,0.119
3255,6396,landscape,long_axis_measured,22.10782036970032,,50.0,11.0,0.5428572125902008,140.0,29.0,0.2288383455303573,0.752,1.872,0.975,0.223,0.223
3256,3354,landscape,long_axis_measured,21.83966679718258,,130.0,26.0,0.7847759580446184,40.0,11.0,0.48892357598609554,1.665,0.752,0.117,0.993,0.117
3257,2784,unknown,unresolved,19.066233747623848,both pitches match a module short axis; ambiguous,140.0,11.0,0.5254422520324981,50.0,16.0,0.21738935793048733,0.739,1.022,0.995,0.101,
3258,0,unknown,insufficient_pixels,23.01428840540184,only 1716 image pixels; need 2500 for a reliable grid,,,,,,,,,,,
3259,3734,unknown,unresolved,15.632571518049168,both pitches match a module short axis; ambiguous,50.0,12.0,0.6148137926208527,140.0,11.0,0.3175300896427208,0.791,0.701,0.994,0.108,
3260,3093,portrait,long_axis_measured,23.43419994545172,,50.0,17.0,0.6859063050163814,140.0,11.0,0.3381890894438316,1.176,0.706,0.993,0.121,0.993
3261,4072,unknown,unresolved,16.37638655612603,both pitches match a module short axis; ambiguous,140.0,11.0,0.2964388872728251,50.0,11.0,0.1454629321321928,0.728,0.701,0.995,0.102,
3262,0,unknown,flat_or_low_tilt,4.637824232684758,tilt 4.6 deg < 5: no defined slope direction,,,,,,,,,,,
3263,2544,unknown,unresolved,27.239506253830424,both pitches match a module short axis; ambiguous,50.0,12.0,0.37490621215049447,140.0,15.0,0.34303124980826805,0.857,0.963,0.996,0.094,
3264,5720,landscape,long_axis_measured,9.621956628202131,,140.0,15.0,0.7285729597060293,50.0,29.0,0.5392967781468652,0.966,1.844,0.994,0.106,0.106
3265,0,unknown,insufficient_pixels,16.25694560412052,only 1950 image pixels; need 2500 for a reliable grid,,,,,,,,,,,
3266,6862,unknown,unresolved,37.84017850927829,both pitches match a module long axis; ambiguous,50.0,15.0,0.8892378165630972,140.0,25.0,0.6121463205654225,1.204,1.624,0.994,0.108,
3267,0,unknown,insufficient_pixels,7.401381885085128,only 1104 image pixels; need 2500 for a reliable grid,,,,,,,,,,,
3268,2850,unknown,unresolved,8.785998761591971,no periodic peak in one or both directions,0.0,17.0,0.6432111240546676,90.0,,,,,,,
3269,0,unknown,flat_or_low_tilt,3.190870854368692,tilt 3.2 deg < 5: no defined slope direction,,,,,,,,,,,
3270,0,unknown,insufficient_pixels,23.56441500215507,only 1248 image pixels; need 2500 for a reliable grid,,,,,,,,,,,
3271,4118,landscape,long_axis_measured,17.927358049381493,,140.0,11.0,0.8146858678527813,50.0,28.0,0.5257934129880247,0.734,1.791,0.988,0.153,0.153
3272,5616,portrait,long_axis_measured,15.583678006907222,,140.0,11.0,0.4524433714525698,50.0,30.0,0.1346717477018395,0.702,1.977,0.127,0.992,0.992
3273,12328,unknown,unresolved,16.488445663805997,both pitches match a module short axis; ambiguous,50.0,11.0,0.5967026910916851,140.0,15.0,0.3897694799910124,0.728,0.955,0.998,0.056,
3274,0,unknown,insufficient_pixels,19.21592078173718,only 1643 image pixels; need 2500 for a reliable grid,,,,,,,,,,,
3275,0,unknown,insufficient_pixels,21.38053538268727,only 1404 image pixels; need 2500 for a reliable grid,,,,,,,,,,,
3276,3925,unknown,unresolved,18.62073862791748,"no pitch within 30% of 1.65 m or 0.99 m; likely row pitch, not module pitch",160.0,35.0,0.850964703146233,70.0,33.0,-0.24255449779960192,2.261,2.205,0.323,0.946,
3277,6426,unknown,unresolved,19.32441685363757,both pitches match a module long axis; ambiguous,90.0,27.0,0.7785079680224359,0.0,18.0,0.3764732471869947,1.715,1.211,0.007,1.0,
3278,3634,unknown,unresolved,13.824286192302718,both pitches match a module long axis; ambiguous,110.0,33.0,0.8764687186746374,20.0,25.0,-0.0796932334894031,2.123,1.63,0.455,0.891,
3279,0,unknown,insufficient_pixels,20.869147354199068,only 1367 image pixels; need 2500 for a reliable grid,,,,,,,,,,,
3280,0,unknown,insufficient_pixels,27.280391368595076,only 1062 image pixels; need 2500 for a reliable grid,,,,,,,,,,,
3281,4060,unknown,unresolved,14.081120145160355,no periodic peak in one or both directions,160.0,36.0,0.6943214111399698,70.0,,,,,,,
3282,2993,landscape,long_axis_measured,21.19192653102632,,140.0,11.0,0.7245164029590576,50.0,29.0,0.10318900943410793,0.746,1.887,0.935,0.354,0.354
3283,7848,portrait,long_axis_measured,16.51718410997854,,140.0,29.0,0.6053563232400531,50.0,35.0,0.0604811498115844,1.92,2.232,0.995,0.099,0.995
3284,8537,landscape,short_axis_inferred,22.732557857557907,,50.0,15.0,0.7565166474286401,140.0,34.0,-0.0696458500150969,1.032,2.178,0.994,0.11,0.11
3285,0,unknown,insufficient_pixels,17.890765398817344,only 2001 image pixels; need 2500 for a reliable grid,,,,,,,,,,,
3286,0,unknown,insufficient_pixels,20.380878760252266,only 1034 image pixels; need 2500 for a reliable grid,,,,,,,,,,,
3287,6888,unknown,unresolved,5.9741226639455824,"no pitch within 30% of 1.65 m or 0.99 m; likely row pitch, not module pitch",120.0,36.0,0.5368417319219705,30.0,39.0,-0.3770501661120666,2.294,2.487,0.611,0.792,
3288,3300,portrait,long_axis_measured,22.107009971108493,,90.0,29.0,0.7386041290407054,0.0,18.0,0.47126347051583417,1.988,1.144,1.0,0.017,1.0
3289,0,unknown,insufficient_pixels,18.0505038141798,only 1518 image pixels; need 2500 for a reliable grid,,,,,,,,,,,
3290,6346,landscape,long_axis_measured,22.94155149808735,,50.0,11.0,0.559631991438625,140.0,26.0,-0.0403683130254053,0.758,1.665,0.994,0.11,0.11
3291,3119,portrait,long_axis_measured,22.88999092334214,,140.0,18.0,0.5686236193141726,50.0,37.0,0.33077413597815514,1.24,2.37,0.994,0.112,0.994
3292,6729,landscape,long_axis_measured,19.483352940287563,,50.0,15.0,0.699254524409562,140.0,29.0,0.4428657952114019,1.01,1.854,0.994,0.113,0.113
3293,5002,landscape,long_axis_measured,18.599344718154487,,140.0,11.0,0.7332282059949338,50.0,29.0,0.3335372018364683,0.737,1.852,0.994,0.11,0.11
3294,0,unknown,insufficient_pixels,22.098925690018152,only 1121 image pixels; need 2500 for a reliable grid,,,,,,,,,,,
3295,0,unknown,no_plane_fit,71.73754389012447,no usable lidar plane fit,,,,,,,,,,,
3296,24320,portrait,long_axis_measured,11.137506947742049,,0.0,16.0,0.7869232084719546,90.0,25.0,0.7640176983705135,1.016,1.618,0.009,1.0,1.0
3297,2992,portrait,long_axis_measured,22.718681790583155,,80.0,25.0,0.7982732065026887,170.0,17.0,0.4555269376992383,1.693,1.132,0.803,0.597,0.803
3298,4263,landscape,long_axis_measured,19.6045150166142,,140.0,11.0,0.8458710990406098,50.0,31.0,0.0232022414104583,0.741,1.979,0.996,0.091,0.091
3299,0,unknown,insufficient_pixels,22.86451287664253,only 2467 image pixels; need 2500 for a reliable grid,,,,,,,,,,,
3300,0,unknown,insufficient_pixels,18.923218448211745,only 1667 image pixels; need 2500 for a reliable grid,,,,,,,,,,,
3301,5393,portrait,long_axis_measured,27.51758945772068,,140.0,17.0,0.5830561752265572,50.0,28.0,0.5097537098826068,1.092,2.003,0.102,0.995,0.995
3302,5852,landscape,long_axis_measured,20.738677423731463,,140.0,11.0,0.5613354713425583,50.0,25.0,0.2752635196173439,0.747,1.593,0.998,0.055,0.055
3303,0,unknown,no_plane_fit,22.333832302394523,no usable lidar plane fit,,,,,,,,,,,
3304,8226,landscape,long_axis_measured,10.605255568919937,,50.0,11.0,0.7733166402742639,140.0,25.0,-0.032010917714061,0.711,1.591,0.992,0.127,0.127
3305,7062,portrait,short_axis_inferred,13.77009561427086,,90.0,36.0,0.4941835530451423,0.0,12.0,0.1498524204493999,2.333,0.778,0.699,0.715,0.699
3306,0,unknown,insufficient_pixels,22.068692023176183,only 2490 image pixels; need 2500 for a reliable grid,,,,,,,,,,,
3307,0,unknown,insufficient_pixels,24.69592691259193,only 1668 image pixels; need 2500 for a reliable grid,,,,,,,,,,,
3308,2516,unknown,unresolved,32.168259311387864,both pitches match a module short axis; ambiguous,50.0,11.0,0.6678057320795326,140.0,11.0,0.2172213841455288,0.824,0.71,0.994,0.107,
3309,4293,portrait,long_axis_measured,18.3127628283344,,90.0,29.0,0.8439402557829481,0.0,34.0,0.4971165672474838,1.94,2.16,1.0,0.01,1.0
3310,0,unknown,insufficient_pixels,22.716226099764786,only 1846 image pixels; need 2500 for a reliable grid,,,,,,,,,,,
3311,0,unknown,insufficient_pixels,22.693028727454628,only 1378 image pixels; need 2500 for a reliable grid,,,,,,,,,,,
3312,4370,unknown,unresolved,21.76866008908964,no periodic peak in one or both directions,30.0,12.0,0.3059565618416513,120.0,,,,,,,
3313,0,unknown,insufficient_pixels,24.552376973657196,only 1248 image pixels; need 2500 for a reliable grid,,,,,,,,,,,
3314,0,unknown,insufficient_pixels,17.433712068938352,only 1173 image pixels; need 2500 for a reliable grid,,,,,,,,,,,
3315,0,unknown,insufficient_pixels,16.19685357545719,only 2100 image pixels; need 2500 for a reliable grid,,,,,,,,,,,
3316,3207,unknown,unresolved,22.3764076878047,both pitches match a module short axis; ambiguous,40.0,13.0,0.7458724893256302,130.0,15.0,0.2354743854095249,0.869,1.009,0.662,0.75,
3317,3194,unknown,unresolved,18.124649856002254,both pitches match a module short axis; ambiguous,40.0,17.0,0.7008783516715646,130.0,11.0,0.5295698019416071,1.136,0.701,0.997,0.08,
3318,3864,landscape,long_axis_measured,21.19075625665013,,140.0,15.0,0.6204986184299911,50.0,29.0,0.288992608435463,1.021,1.848,0.999,0.051,0.051
3319,0,unknown,insufficient_pixels,19.169169604031875,only 2292 image pixels; need 2500 for a reliable grid,,,,,,,,,,,
3320,2868,portrait,long_axis_measured,25.307594813615378,,140.0,14.0,0.668339278009239,50.0,20.0,-0.2534782838691307,0.898,1.404,0.101,0.995,0.995
3321,9373,unknown,unresolved,17.200334807209114,no periodic peak in one or both directions,50.0,11.0,0.706596711950417,140.0,,,,,,,
3322,0,unknown,insufficient_pixels,26.396160927381928,only 2098 image pixels; need 2500 for a reliable grid,,,,,,,,,,,
3323,8527,landscape,short_axis_inferred,18.06694339228714,,140.0,11.0,0.8888515787182587,50.0,39.0,0.1950795052654008,0.734,2.49,0.994,0.113,0.113
3324,0,unknown,insufficient_pixels,24.68172239807751,only 1475 image pixels; need 2500 for a reliable grid,,,,,,,,,,,
3325,0,unknown,insufficient_pixels,24.872611532573565,only 2416 image pixels; need 2500 for a reliable grid,,,,,,,,,,,
3326,0,unknown,insufficient_pixels,26.72893472625085,only 1714 image pixels; need 2500 for a reliable grid,,,,,,,,,,,
3327,4266,landscape,short_axis_inferred,26.65731537521624,,50.0,11.0,0.6567081421294295,140.0,38.0,0.2286725533690206,0.781,2.445,0.993,0.121,0.121
3328,3955,landscape,long_axis_measured,22.997885320201927,,140.0,11.0,0.9345243917055432,50.0,25.0,0.4104600083684741,0.758,1.603,0.993,0.121,0.121
3329,5370,landscape,long_axis_measured,20.842865829385623,,140.0,27.0,0.7287643488975606,50.0,11.0,0.5645166797100546,1.726,0.747,0.106,0.994,0.106
3330,0,unknown,no_plane_fit,17.639481381992788,no usable lidar plane fit,,,,,,,,,,,
3331,5291,landscape,long_axis_measured,20.081379199526435,,140.0,11.0,0.9147027179538868,50.0,31.0,-0.0023792787024532,0.743,1.983,0.992,0.122,0.122
3332,6487,landscape,long_axis_measured,21.00635345555446,,50.0,15.0,0.7926811309229612,140.0,25.0,0.6325316194500015,1.02,1.6,0.993,0.115,0.115
3333,4262,landscape,long_axis_measured,20.872784488003266,,140.0,11.0,0.8377475441674859,50.0,31.0,0.0716096821707131,0.747,1.98,0.996,0.091,0.091
3334,7750,portrait,short_axis_inferred,17.882485974415186,,120.0,12.0,0.9447512162264494,30.0,35.0,0.4544973575413952,0.795,2.278,0.864,0.504,0.504
3335,5103,unknown,unresolved,22.53920061152068,both pitches match a module short axis; ambiguous,170.0,14.0,0.6144694688260866,80.0,16.0,0.4995190722914602,0.91,1.096,0.3,0.954,
3336,0,unknown,no_plane_fit,12.22941211291365,no usable lidar plane fit,,,,,,,,,,,
3337,2775,portrait,long_axis_measured,19.02290274475567,,80.0,14.0,0.8409477560333121,170.0,22.0,0.11449481358122336,0.903,1.474,0.291,0.957,0.957
3338,3660,landscape,long_axis_measured,18.617756159109724,,30.0,39.0,0.7670361452414567,120.0,21.0,0.0065570603578470115,2.602,1.361,0.92,0.391,0.391
3339,4536,portrait,long_axis_measured,16.85465537935693,,110.0,32.0,0.594274576397199,20.0,40.0,-0.1262474234746247,2.12,2.568,0.967,0.256,0.967
3340,6053,portrait,long_axis_measured,20.446498332017686,,120.0,31.0,0.6869233719038179,30.0,38.0,0.2558202421666539,2.089,2.476,0.914,0.406,0.914
3341,0,unknown,no_plane_fit,,no usable lidar plane fit,,,,,,,,,,,
3342,0,unknown,no_plane_fit,47.83247905732296,no usable lidar plane fit,,,,,,,,,,,
3343,3306,unknown,unresolved,18.16000951869135,both pitches match a module short axis; ambiguous,0.0,16.0,0.7030894656130621,90.0,15.0,0.027233571465017876,1.016,1.002,0.006,1.0,
3344,0,unknown,no_plane_fit,7.916715455507349,no usable lidar plane fit,,,,,,,,,,,
3345,0,unknown,insufficient_pixels,9.058655351783166,only 1980 image pixels; need 2500 for a reliable grid,,,,,,,,,,,
3346,2553,unknown,unresolved,14.27267920725173,both pitches match a module short axis; ambiguous,140.0,18.0,0.531122776437651,50.0,16.0,0.23136650089493213,1.143,1.048,0.002,1.0,
3347,2915,portrait,short_axis_inferred,39.14065501268035,,70.0,16.0,0.577649940223985,160.0,36.0,0.1651381107282567,1.061,2.932,0.191,0.982,0.982
3348,0,unknown,flat_or_low_tilt,1.5604655143392951,tilt 1.6 deg < 5: no defined slope direction,,,,,,,,,,,
3349,0,unknown,insufficient_pixels,22.305514944762106,only 748 image pixels; need 2500 for a reliable grid,,,,,,,,,,,
3350,4508,portrait,long_axis_measured,6.939155047618091,,90.0,13.0,0.8057558397545044,0.0,26.0,0.5116599072364126,0.826,1.663,0.023,1.0,1.0
3351,0,unknown,no_plane_fit,52.52227063237866,no usable lidar plane fit,,,,,,,,,,,
3352,4510,unknown,unresolved,18.84525901625945,no periodic peak in one or both directions,0.0,26.0,0.5387943167692374,90.0,,,,,,,
3353,0,unknown,insufficient_pixels,33.35979327611174,only 2016 image pixels; need 2500 for a reliable grid,,,,,,,,,,,
3354,0,unknown,insufficient_pixels,23.70792123393858,only 1173 image pixels; need 2500 for a reliable grid,,,,,,,,,,,
3355,0,unknown,insufficient_pixels,22.446888627298502,only 1075 image pixels; need 2500 for a reliable grid,,,,,,,,,,,
3356,3267,portrait,long_axis_measured,18.33477973396308,,90.0,16.0,0.7867597585600227,0.0,22.0,0.12780439374332495,1.017,1.472,0.016,1.0,1.0
3357,13932,unknown,unresolved,9.752168455619405,both pitches match a module short axis; ambiguous,90.0,14.0,0.4353217942264602,0.0,13.0,0.4335993112574445,0.89,0.838,0.041,0.999,
3358,0,unknown,insufficient_pixels,20.05836381321548,only 1610 image pixels; need 2500 for a reliable grid,,,,,,,,,,,
3359,0,unknown,insufficient_pixels,21.68727789292985,only 1395 image pixels; need 2500 for a reliable grid,,,,,,,,,,,
3360,2988,portrait,long_axis_measured,21.625750513861128,,90.0,18.0,0.5256344909806853,0.0,29.0,0.13078362513057457,1.144,1.981,0.01,1.0,1.0
3361,3713,unknown,unresolved,18.83561598288147,"no pitch within 30% of 1.65 m or 0.99 m; likely row pitch, not module pitch",140.0,34.0,0.47647346953000447,50.0,35.0,0.33183050909077283,2.244,2.31,0.709,0.705,
